gtopt_id_structure	mane_id_structure	tm_score_selected	tmalign_status	pair_status	return_code	pair_index	gtopt_key	mane_key	tmalign_status_key	pair_status_key	valid_tmalign_status	valid_pair_status	valid_return_code	domain_category	length_group	sequence_change_category	structure_changed	structure_status
GTOPT000003267	ENST00000476993.2	0.24423	ok	READY	0	1	GTOPT000003267	ENST00000476993	ok	READY	TRUE	TRUE	TRUE	Complex domain change	Length change 20-50%	Length changed	TRUE	Structure changed
GTOPT000010524	ENST00000361221.8	0.73879	ok	READY	0	3	GTOPT000010524	ENST00000361221	ok	READY	TRUE	TRUE	TRUE	No domain change	Length change 0-10%	Length changed	FALSE	No evident structure change
GTOPT000012169	ENST00000337107.11	0.33509	ok	READY	0	4	GTOPT000012169	ENST00000337107	ok	READY	TRUE	TRUE	TRUE	No domain change	Length change >50%	Length changed	TRUE	Structure changed
GTOPT000012190	ENST00000337107.11	0.87368	ok	READY	0	5	GTOPT000012190	ENST00000337107	ok	READY	TRUE	TRUE	TRUE	No domain change	Length change 0-10%	Length changed	FALSE	No evident structure change
GTOPT000012236	ENST00000337107.11	0.92437	ok	READY	0	6	GTOPT000012236	ENST00000337107	ok	READY	TRUE	TRUE	TRUE	No domain change	Length change 0-10%	Length changed	FALSE	No evident structure change
GTOPT000013507	ENST00000400181.9	0.80532	ok	READY	0	7	GTOPT000013507	ENST00000400181	ok	READY	TRUE	TRUE	TRUE	No domain change	Length change 0-10%	Length changed	FALSE	No evident structure change
GTOPT000015852	ENST00000374168.7	0.91496	ok	READY	0	8	GTOPT000015852	ENST00000374168	ok	READY	TRUE	TRUE	TRUE	No domain change	Length change 0-10%	Length changed	FALSE	No evident structure change
GTOPT000016863	ENST00000373921.8	0.52077	ok	READY	0	9	GTOPT000016863	ENST00000373921	ok	READY	TRUE	TRUE	TRUE	No domain change	Length change 10-20%	Length changed	FALSE	No evident structure change
GTOPT000017646	ENST00000343067.9	0.40436	ok	READY	0	10	GTOPT000017646	ENST00000343067	ok	READY	TRUE	TRUE	TRUE	Domain loss	Length change 20-50%	Length changed	TRUE	Structure changed
GTOPT000018998	ENST00000336890.10	0.43978	ok	READY	0	11	GTOPT000018998	ENST00000336890	ok	READY	TRUE	TRUE	TRUE	Domain loss	Length change >50%	Length changed	TRUE	Structure changed
GTOPT000020146	ENST00000373191.9	0.7201	ok	READY	0	12	GTOPT000020146	ENST00000373191	ok	READY	TRUE	TRUE	TRUE	Domain loss	Length change 20-50%	Length changed	FALSE	No evident structure change
GTOPT000020455	ENST00000474796.2	0.07182	ok	READY	0	13	GTOPT000020455	ENST00000474796	ok	READY	TRUE	TRUE	TRUE	Domain loss	Length change >50%	Length changed	TRUE	Structure changed
GTOPT000020548	ENST00000354618.10	0.08208	ok	READY	0	14	GTOPT000020548	ENST00000354618	ok	READY	TRUE	TRUE	TRUE	No domain change	Length change 20-50%	Length changed	TRUE	Structure changed
GTOPT000025014	ENST00000361799.7	0.14836	ok	READY	0	20	GTOPT000025014	ENST00000361799	ok	READY	TRUE	TRUE	TRUE	Domain loss	Length change >50%	Length changed	TRUE	Structure changed
GTOPT000025959	ENST00000372003.6	0.66889	ok	READY	0	22	GTOPT000025959	ENST00000372003	ok	READY	TRUE	TRUE	TRUE	No domain change	Length change 0-10%	Length changed	FALSE	No evident structure change
GTOPT000027223	ENST00000428468.6	0.58151	ok	READY	0	23	GTOPT000027223	ENST00000428468	ok	READY	TRUE	TRUE	TRUE	Domain loss	Length change 10-20%	Length changed	FALSE	No evident structure change
GTOPT000028226	ENST00000343744.7	0.9335	ok	READY	0	24	GTOPT000028226	ENST00000343744	ok	READY	TRUE	TRUE	TRUE	No domain change	Length change 0-10%	Length changed	FALSE	No evident structure change
GTOPT000028268	ENST00000343744.7	0.91215	ok	READY	0	25	GTOPT000028268	ENST00000343744	ok	READY	TRUE	TRUE	TRUE	No domain change	Length change 0-10%	Length changed	FALSE	No evident structure change
GTOPT000031110	ENST00000401041.6	0.46149	ok	READY	0	27	GTOPT000031110	ENST00000401041	ok	READY	TRUE	TRUE	TRUE	Domain loss	Length change 20-50%	Length changed	TRUE	Structure changed
GTOPT000033045	ENST00000334785.12	0.27864	ok	READY	0	28	GTOPT000033045	ENST00000334785	ok	READY	TRUE	TRUE	TRUE	Domain loss	Length change 20-50%	Length changed	TRUE	Structure changed
GTOPT000033260	ENST00000334785.12	0.14304	ok	READY	0	29	GTOPT000033260	ENST00000334785	ok	READY	TRUE	TRUE	TRUE	Domain loss	Length change >50%	Length changed	TRUE	Structure changed
GTOPT000033276	ENST00000334785.12	0.28194	ok	READY	0	30	GTOPT000033276	ENST00000334785	ok	READY	TRUE	TRUE	TRUE	No domain change	Length change 20-50%	Length changed	TRUE	Structure changed
GTOPT000033413	ENST00000370763.6	0.47147	ok	READY	0	31	GTOPT000033413	ENST00000370763	ok	READY	TRUE	TRUE	TRUE	Domain gain	Length change 0-10%	Length changed	TRUE	Structure changed
GTOPT000033875	ENST00000686636.1	0.08144	ok	READY	0	32	GTOPT000033875	ENST00000686636	ok	READY	TRUE	TRUE	TRUE	Domain loss	Length change >50%	Length changed	TRUE	Structure changed
GTOPT000034089	ENST00000370685.7	0.67309	ok	READY	0	33	GTOPT000034089	ENST00000370685	ok	READY	TRUE	TRUE	TRUE	No domain change	Length change 20-50%	Length changed	FALSE	No evident structure change
GTOPT000036198	ENST00000271234.13	0.52849	ok	READY	0	34	GTOPT000036198	ENST00000271234	ok	READY	TRUE	TRUE	TRUE	No domain change	Length change 0-10%	Length changed	FALSE	No evident structure change
GTOPT000036355	ENST00000370214.9	0.24382	ok	READY	0	35	GTOPT000036355	ENST00000370214	ok	READY	TRUE	TRUE	TRUE	Domain loss	Length change >50%	Length changed	TRUE	Structure changed
GTOPT000039954	ENST00000309851.10	0.84251	ok	READY	0	37	GTOPT000039954	ENST00000309851	ok	READY	TRUE	TRUE	TRUE	No domain change	Length change 10-20%	Length changed	FALSE	No evident structure change
GTOPT000040009	ENST00000256593.8	0.98696	ok	READY	0	38	GTOPT000040009	ENST00000256593	ok	READY	TRUE	TRUE	TRUE	No domain change	Length change 10-20%	Length changed	FALSE	No evident structure change
GTOPT000040028	ENST00000256593.8	0.51872	ok	READY	0	39	GTOPT000040028	ENST00000256593	ok	READY	TRUE	TRUE	TRUE	Domain loss	Length change 20-50%	Length changed	FALSE	No evident structure change
GTOPT000042708	ENST00000349139.6	0.29567	ok	READY	0	40	GTOPT000042708	ENST00000349139	ok	READY	TRUE	TRUE	TRUE	Domain loss	Length change >50%	Length changed	TRUE	Structure changed
GTOPT000043080	ENST00000369413.8	0.99403	ok	READY	0	41	GTOPT000043080	ENST00000369413	ok	READY	TRUE	TRUE	TRUE	No domain change	Length change 0-10%	Length changed	FALSE	No evident structure change
GTOPT000046204	ENST00000695795.1	0.11046	ok	READY	0	42	GTOPT000046204	ENST00000695795	ok	READY	TRUE	TRUE	TRUE	Domain loss	Length change >50%	Length changed	TRUE	Structure changed
GTOPT000050074	ENST00000318967.7	0.12573	ok	READY	0	43	GTOPT000050074	ENST00000318967	ok	READY	TRUE	TRUE	TRUE	Domain loss	Length change >50%	Length changed	TRUE	Structure changed
GTOPT000052703	ENST00000368300.9	0.33262	ok	READY	0	44	GTOPT000052703	ENST00000368300	ok	READY	TRUE	TRUE	TRUE	No domain change	Length change 10-20%	Length changed	TRUE	Structure changed
GTOPT000053399	ENST00000368235.8	0.52588	ok	READY	0	45	GTOPT000053399	ENST00000368235	ok	READY	TRUE	TRUE	TRUE	No domain change	Length change 10-20%	Length changed	FALSE	No evident structure change
GTOPT000053405	ENST00000368235.8	0.71172	ok	READY	0	46	GTOPT000053405	ENST00000368235	ok	READY	TRUE	TRUE	TRUE	No domain change	Length change 20-50%	Length changed	FALSE	No evident structure change
GTOPT000054118	ENST00000295809.12	0.71457	ok	READY	0	47	GTOPT000054118	ENST00000295809	ok	READY	TRUE	TRUE	TRUE	No domain change	Length change 0-10%	Length changed	FALSE	No evident structure change
GTOPT000054435	ENST00000255040.3	0.51409	ok	READY	0	48	GTOPT000054435	ENST00000255040	ok	READY	TRUE	TRUE	TRUE	No domain change	Length change 20-50%	Length changed	FALSE	No evident structure change
GTOPT000054678	ENST00000361216.8	0.21421	ok	READY	0	49	GTOPT000054678	ENST00000361216	ok	READY	TRUE	TRUE	TRUE	Domain loss	Length change >50%	Length changed	TRUE	Structure changed
GTOPT000055616	ENST00000368003.6	0.89259	ok	READY	0	50	GTOPT000055616	ENST00000368003	ok	READY	TRUE	TRUE	TRUE	No domain change	Length change 0-10%	Length changed	FALSE	No evident structure change
GTOPT000056659	ENST00000358671.10	0.69917	ok	READY	0	51	GTOPT000056659	ENST00000358671	ok	READY	TRUE	TRUE	TRUE	No domain change	Length change 0-10%	Length changed	FALSE	No evident structure change
GTOPT000057647	ENST00000420696.7	0.34146	ok	READY	0	52	GTOPT000057647	ENST00000420696	ok	READY	TRUE	TRUE	TRUE	No domain change	Length change 20-50%	Length changed	TRUE	Structure changed
GTOPT000057758	ENST00000367889.8	0.6807	ok	READY	0	53	GTOPT000057758	ENST00000367889	ok	READY	TRUE	TRUE	TRUE	No domain change	Length change 20-50%	Length changed	FALSE	No evident structure change
GTOPT000059786	ENST00000617670.6	0.75936	ok	READY	0	54	GTOPT000059786	ENST00000617670	ok	READY	TRUE	TRUE	TRUE	No domain change	Length change 20-50%	Length changed	FALSE	No evident structure change
GTOPT000060111	ENST00000627582.3	0.10005	ok	READY	0	55	GTOPT000060111	ENST00000627582	ok	READY	TRUE	TRUE	TRUE	Domain loss	Length change >50%	Length changed	TRUE	Structure changed
GTOPT000060664	ENST00000681986.1	0.25718	ok	READY	0	56	GTOPT000060664	ENST00000681986	ok	READY	TRUE	TRUE	TRUE	Domain loss	Length change 20-50%	Length changed	TRUE	Structure changed
GTOPT000061741	ENST00000606911.7	0.49082	ok	READY	0	57	GTOPT000061741	ENST00000606911	ok	READY	TRUE	TRUE	TRUE	No domain change	Length change 0-10%	Length changed	TRUE	Structure changed
GTOPT000065780	ENST00000367385.9	0.95623	ok	READY	0	59	GTOPT000065780	ENST00000367385	ok	READY	TRUE	TRUE	TRUE	No domain change	Length change 10-20%	Length changed	FALSE	No evident structure change
GTOPT000066260	ENST00000442510.8	0.13424	ok	READY	0	60	GTOPT000066260	ENST00000442510	ok	READY	TRUE	TRUE	TRUE	Domain loss	Length change >50%	Length changed	TRUE	Structure changed
GTOPT000066503	ENST00000358823.7	0.27449	ok	READY	0	61	GTOPT000066503	ENST00000358823	ok	READY	TRUE	TRUE	TRUE	Domain loss	Length change 20-50%	Length changed	TRUE	Structure changed
GTOPT000067831	ENST00000608999.6	0.08738	ok	READY	0	63	GTOPT000067831	ENST00000608999	ok	READY	TRUE	TRUE	TRUE	Domain loss	Length change >50%	Length changed	TRUE	Structure changed
GTOPT000068699	ENST00000357681.10	0.23164	ok	READY	0	64	GTOPT000068699	ENST00000357681	ok	READY	TRUE	TRUE	TRUE	Domain loss	Length change >50%	Length changed	TRUE	Structure changed
GTOPT000068701	ENST00000357681.10	0.90303	ok	READY	0	65	GTOPT000068701	ENST00000357681	ok	READY	TRUE	TRUE	TRUE	No domain change	Length change 0-10%	Length changed	FALSE	No evident structure change
GTOPT000069754	ENST00000573034.8	0.59334	ok	READY	0	66	GTOPT000069754	ENST00000573034	ok	READY	TRUE	TRUE	TRUE	No domain change	Length change 20-50%	Length changed	FALSE	No evident structure change
GTOPT000078168	ENST00000366578.6	0.08485	ok	READY	0	69	GTOPT000078168	ENST00000366578	ok	READY	TRUE	TRUE	TRUE	Domain loss	Length change >50%	Length changed	TRUE	Structure changed
GTOPT000078253	ENST00000366577.10	0.09773	ok	READY	0	70	GTOPT000078253	ENST00000366577	ok	READY	TRUE	TRUE	TRUE	Domain loss	Length change >50%	Length changed	TRUE	Structure changed
GTOPT000082269	ENST00000433179.4	0.18621	ok	READY	0	71	GTOPT000082269	ENST00000433179	ok	READY	TRUE	TRUE	TRUE	No domain change	Length change 10-20%	Length changed	TRUE	Structure changed
GTOPT000083783	ENST00000341832.11	0.16223	ok	READY	0	72	GTOPT000083783	ENST00000341832	ok	READY	TRUE	TRUE	TRUE	Domain loss	Length change >50%	Length changed	TRUE	Structure changed
GTOPT000086667	ENST00000234590.10	0.78497	ok	READY	0	74	GTOPT000086667	ENST00000234590	ok	READY	TRUE	TRUE	TRUE	No domain change	Length change 20-50%	Length changed	FALSE	No evident structure change
GTOPT000087030	ENST00000377298.9	0.83515	ok	READY	0	75	GTOPT000087030	ENST00000377298	ok	READY	TRUE	TRUE	TRUE	No domain change	Length change 0-10%	Length changed	FALSE	No evident structure change
GTOPT000087898	ENST00000376936.9	0.36753	ok	READY	0	77	GTOPT000087898	ENST00000376936	ok	READY	TRUE	TRUE	TRUE	Domain loss	Length change >50%	Length changed	TRUE	Structure changed
GTOPT000092009	ENST00000438032.6	0.5241	ok	READY	0	78	GTOPT000092009	ENST00000438032	ok	READY	TRUE	TRUE	TRUE	No domain change	Length change 0-10%	Length changed	FALSE	No evident structure change
GTOPT000092794	ENST00000308271.14	0.8408	ok	READY	0	79	GTOPT000092794	ENST00000308271	ok	READY	TRUE	TRUE	TRUE	No domain change	Length change 0-10%	Length changed	FALSE	No evident structure change
GTOPT000093214	ENST00000302291.9	0.17756	ok	READY	0	80	GTOPT000093214	ENST00000302291	ok	READY	TRUE	TRUE	TRUE	No domain change	Length change >50%	Length changed	TRUE	Structure changed
GTOPT000093295	ENST00000302271.11	0.55318	ok	READY	0	81	GTOPT000093295	ENST00000302271	ok	READY	TRUE	TRUE	TRUE	Domain loss	Length change 10-20%	Length changed	FALSE	No evident structure change
GTOPT000093339	ENST00000302271.11	0.63734	ok	READY	0	82	GTOPT000093339	ENST00000302271	ok	READY	TRUE	TRUE	TRUE	No domain change	Length change 20-50%	Length changed	FALSE	No evident structure change
GTOPT000094430	ENST00000308873.11	0.24495	ok	READY	0	83	GTOPT000094430	ENST00000308873	ok	READY	TRUE	TRUE	TRUE	Domain loss	Length change >50%	Length changed	TRUE	Structure changed
GTOPT000096710	ENST00000263702.11	0.88925	ok	READY	0	84	GTOPT000096710	ENST00000263702	ok	READY	TRUE	TRUE	TRUE	No domain change	Length change 0-10%	Length changed	FALSE	No evident structure change
GTOPT000097292	ENST00000373713.7	0.9074	ok	READY	0	85	GTOPT000097292	ENST00000373713	ok	READY	TRUE	TRUE	TRUE	No domain change	Length change 0-10%	Length changed	FALSE	No evident structure change
GTOPT000097337	ENST00000373713.7	0.59993	ok	READY	0	86	GTOPT000097337	ENST00000373713	ok	READY	TRUE	TRUE	TRUE	No domain change	Length change 10-20%	Length changed	FALSE	No evident structure change
GTOPT000098698	ENST00000409190.8	0.4332	ok	READY	0	87	GTOPT000098698	ENST00000409190	ok	READY	TRUE	TRUE	TRUE	Domain loss	Length change 0-10%	Length changed	TRUE	Structure changed
GTOPT000099184	ENST00000683057.1	0.09537	ok	READY	0	88	GTOPT000099184	ENST00000683057	ok	READY	TRUE	TRUE	TRUE	Domain loss	Length change >50%	Length changed	TRUE	Structure changed
GTOPT000099524	ENST00000357214.6	0.61145	ok	READY	0	89	GTOPT000099524	ENST00000357214	ok	READY	TRUE	TRUE	TRUE	No domain change	Length change 0-10%	Length changed	FALSE	No evident structure change
GTOPT000101494	ENST00000486637.2	0.9939	ok	READY	0	90	GTOPT000101494	ENST00000486637	ok	READY	TRUE	TRUE	TRUE	No domain change	Length change 20-50%	Length changed	FALSE	No evident structure change
GTOPT000104906	ENST00000262741.10	0.50149	ok	READY	0	91	GTOPT000104906	ENST00000262741	ok	READY	TRUE	TRUE	TRUE	Domain loss	Length change 20-50%	Length changed	FALSE	No evident structure change
GTOPT000106863	ENST00000371655.4	0.45831	ok	READY	0	92	GTOPT000106863	ENST00000371655	ok	READY	TRUE	TRUE	TRUE	No domain change	Length change 20-50%	Length changed	TRUE	Structure changed
GTOPT000106864	ENST00000371655.4	0.45831	ok	READY	0	93	GTOPT000106864	ENST00000371655	ok	READY	TRUE	TRUE	TRUE	No domain change	Length change 20-50%	Length changed	TRUE	Structure changed
GTOPT000107653	ENST00000371470.8	0.64538	ok	READY	0	94	GTOPT000107653	ENST00000371470	ok	READY	TRUE	TRUE	TRUE	No domain change	Length change 20-50%	Length changed	FALSE	No evident structure change
GTOPT000108024	ENST00000234831.10	0.41028	ok	READY	0	95	GTOPT000108024	ENST00000234831	ok	READY	TRUE	TRUE	TRUE	No domain change	Length change 10-20%	Length changed	TRUE	Structure changed
GTOPT000114466	ENST00000370466.4	0.34339	ok	READY	0	96	GTOPT000114466	ENST00000370466	ok	READY	TRUE	TRUE	TRUE	Domain loss	Length change >50%	Length changed	TRUE	Structure changed
GTOPT000121578	ENST00000235521.5	0.91676	ok	READY	0	97	GTOPT000121578	ENST00000235521	ok	READY	TRUE	TRUE	TRUE	No domain change	Length change 0-10%	Length changed	FALSE	No evident structure change
GTOPT000123003	ENST00000641863.3	0.23743	ok	READY	0	98	GTOPT000123003	ENST00000641863	ok	READY	TRUE	TRUE	TRUE	No domain change	Length change >50%	Length changed	TRUE	Structure changed
GTOPT000124061	ENST00000355594.9	0.29309	ok	READY	0	99	GTOPT000124061	ENST00000355594	ok	READY	TRUE	TRUE	TRUE	Domain loss	Length change 10-20%	Length changed	TRUE	Structure changed
GTOPT000127478	ENST00000369155.4	0.81528	ok	READY	0	100	GTOPT000127478	ENST00000369155	ok	READY	TRUE	TRUE	TRUE	No domain change	Length change 20-50%	Length changed	FALSE	No evident structure change
GTOPT000129024	ENST00000683666.2	0.38529	ok	READY	0	101	GTOPT000129024	ENST00000683666	ok	READY	TRUE	TRUE	TRUE	No domain change	Length change 20-50%	Length changed	TRUE	Structure changed
GTOPT000129697	ENST00000368868.10	0.92276	ok	READY	0	102	GTOPT000129697	ENST00000368868	ok	READY	TRUE	TRUE	TRUE	No domain change	Length change 0-10%	Length changed	FALSE	No evident structure change
GTOPT000129699	ENST00000368868.10	0.97298	ok	READY	0	103	GTOPT000129699	ENST00000368868	ok	READY	TRUE	TRUE	TRUE	No domain change	Length change 0-10%	Length changed	FALSE	No evident structure change
GTOPT000129714	ENST00000368868.10	0.57831	ok	READY	0	104	GTOPT000129714	ENST00000368868	ok	READY	TRUE	TRUE	TRUE	No domain change	Length change 20-50%	Length changed	FALSE	No evident structure change
GTOPT000133519	ENST00000302631.8	0.6681	ok	READY	0	105	GTOPT000133519	ENST00000302631	ok	READY	TRUE	TRUE	TRUE	No domain change	Length change 10-20%	Length changed	FALSE	No evident structure change
GTOPT000133652	ENST00000342741.6	0.88827	ok	READY	0	106	GTOPT000133652	ENST00000342741	ok	READY	TRUE	TRUE	TRUE	No domain change	Length change 10-20%	Length changed	FALSE	No evident structure change
GTOPT000142143	ENST00000308284.11	0.16937	ok	READY	0	108	GTOPT000142143	ENST00000308284	ok	READY	TRUE	TRUE	TRUE	Domain loss	Length change >50%	Length changed	TRUE	Structure changed
GTOPT000150231	ENST00000315927.9	0.57292	ok	READY	0	109	GTOPT000150231	ENST00000315927	ok	READY	TRUE	TRUE	TRUE	Domain loss	Length change 20-50%	Length changed	FALSE	No evident structure change
GTOPT000153307	ENST00000414423.9	0.17339	ok	READY	0	110	GTOPT000153307	ENST00000414423	ok	READY	TRUE	TRUE	TRUE	Domain loss	Length change >50%	Length changed	TRUE	Structure changed
GTOPT000153507	ENST00000366843.7	0.2943	ok	READY	0	111	GTOPT000153507	ENST00000366843	ok	READY	TRUE	TRUE	TRUE	Domain loss	Length change 20-50%	Length changed	TRUE	Structure changed
GTOPT000153607	ENST00000366843.7	0.51137	ok	READY	0	112	GTOPT000153607	ENST00000366843	ok	READY	TRUE	TRUE	TRUE	No domain change	Length change 0-10%	Length changed	FALSE	No evident structure change
GTOPT000158217	ENST00000264187.7	0.23865	ok	READY	0	113	GTOPT000158217	ENST00000264187	ok	READY	TRUE	TRUE	TRUE	Domain loss	Length change >50%	Length changed	TRUE	Structure changed
GTOPT000160842	ENST00000298375.12	0.61188	ok	READY	0	114	GTOPT000160842	ENST00000298375	ok	READY	TRUE	TRUE	TRUE	No domain change	Length change 20-50%	Length changed	FALSE	No evident structure change
GTOPT000160992	ENST00000263126.3	0.97054	ok	READY	0	115	GTOPT000160992	ENST00000263126	ok	READY	TRUE	TRUE	TRUE	No domain change	Length change 0-10%	Length changed	FALSE	No evident structure change
GTOPT000161077	ENST00000315238.3	0.69354	ok	READY	0	116	GTOPT000161077	ENST00000315238	ok	READY	TRUE	TRUE	TRUE	No domain change	Length unchanged	Amino-acid changed	FALSE	No evident structure change
GTOPT000163293	ENST00000535784.7	0.99809	ok	READY	0	117	GTOPT000163293	ENST00000535784	ok	READY	TRUE	TRUE	TRUE	No domain change	Length change 10-20%	Length changed	FALSE	No evident structure change
GTOPT000163428	ENST00000544301.7	0.36122	ok	READY	0	118	GTOPT000163428	ENST00000544301	ok	READY	TRUE	TRUE	TRUE	Domain loss	Length change 20-50%	Length changed	TRUE	Structure changed
GTOPT000164787	ENST00000376236.9	0.39218	ok	READY	0	120	GTOPT000164787	ENST00000376236	ok	READY	TRUE	TRUE	TRUE	Domain loss	Length change >50%	Length changed	TRUE	Structure changed
GTOPT000164797	ENST00000376236.9	0.62561	ok	READY	0	121	GTOPT000164797	ENST00000376236	ok	READY	TRUE	TRUE	TRUE	No domain change	Length change 20-50%	Length changed	FALSE	No evident structure change
GTOPT000166519	ENST00000374704.8	0.80486	ok	READY	0	122	GTOPT000166519	ENST00000374704	ok	READY	TRUE	TRUE	TRUE	No domain change	Length change 10-20%	Length changed	FALSE	No evident structure change
GTOPT000168518	ENST00000651259.3	0.38803	ok	READY	0	123	GTOPT000168518	ENST00000651259	ok	READY	TRUE	TRUE	TRUE	No domain change	Length change 0-10%	Length changed	TRUE	Structure changed
GTOPT000168657	ENST00000282633.10	0.10428	ok	READY	0	124	GTOPT000168657	ENST00000282633	ok	READY	TRUE	TRUE	TRUE	No domain change	Length change 20-50%	Length changed	TRUE	Structure changed
GTOPT000168783	ENST00000373980.11	0.09834	ok	READY	0	125	GTOPT000168783	ENST00000373980	ok	READY	TRUE	TRUE	TRUE	Domain loss	Length change >50%	Length changed	TRUE	Structure changed
GTOPT000169842	ENST00000358913.10	0.1102	ok	READY	0	126	GTOPT000169842	ENST00000358913	ok	READY	TRUE	TRUE	TRUE	Domain loss	Length change >50%	Length changed	TRUE	Structure changed
GTOPT000170514	ENST00000643399.2	0.86189	ok	READY	0	127	GTOPT000170514	ENST00000643399	ok	READY	TRUE	TRUE	TRUE	No domain change	Length change 10-20%	Length changed	FALSE	No evident structure change
GTOPT000172098	ENST00000539909.6	0.77488	ok	READY	0	129	GTOPT000172098	ENST00000539909	ok	READY	TRUE	TRUE	TRUE	No domain change	Length change 0-10%	Length changed	FALSE	No evident structure change
GTOPT000172169	ENST00000539909.6	0.91576	ok	READY	0	130	GTOPT000172169	ENST00000539909	ok	READY	TRUE	TRUE	TRUE	No domain change	Length change 0-10%	Length changed	FALSE	No evident structure change
GTOPT000172175	ENST00000539909.6	0.84042	ok	READY	0	131	GTOPT000172175	ENST00000539909	ok	READY	TRUE	TRUE	TRUE	No domain change	Length change 0-10%	Length changed	FALSE	No evident structure change
GTOPT000175269	ENST00000361373.9	0.17107	ok	READY	0	132	GTOPT000175269	ENST00000361373	ok	READY	TRUE	TRUE	TRUE	Domain loss	Length change 20-50%	Length changed	TRUE	Structure changed
GTOPT000175409	ENST00000361373.9	0.17107	ok	READY	0	133	GTOPT000175409	ENST00000361373	ok	READY	TRUE	TRUE	TRUE	Domain loss	Length change 20-50%	Length changed	TRUE	Structure changed
GTOPT000175660	ENST00000372017.4	0.36888	ok	READY	0	134	GTOPT000175660	ENST00000372017	ok	READY	TRUE	TRUE	TRUE	No domain change	Length change >50%	Length changed	TRUE	Structure changed
GTOPT000176049	ENST00000456849.2	0.24938	ok	READY	0	135	GTOPT000176049	ENST00000456849	ok	READY	TRUE	TRUE	TRUE	Domain loss	Length change >50%	Length changed	TRUE	Structure changed
GTOPT000177111	ENST00000336126.6	0.47333	ok	READY	0	136	GTOPT000177111	ENST00000336126	ok	READY	TRUE	TRUE	TRUE	Domain loss	Length change 20-50%	Length changed	TRUE	Structure changed
GTOPT000177805	ENST00000225235.5	0.52966	ok	READY	0	137	GTOPT000177805	ENST00000225235	ok	READY	TRUE	TRUE	TRUE	No domain change	Length change 0-10%	Length changed	FALSE	No evident structure change
GTOPT000177962	ENST00000371321.9	0.66486	ok	READY	0	138	GTOPT000177962	ENST00000371321	ok	READY	TRUE	TRUE	TRUE	No domain change	Length change 20-50%	Length changed	FALSE	No evident structure change
GTOPT000178039	ENST00000260682.8	0.96575	ok	READY	0	139	GTOPT000178039	ENST00000260682	ok	READY	TRUE	TRUE	TRUE	No domain change	Length change 0-10%	Length changed	FALSE	No evident structure change
GTOPT000178180	ENST00000371205.5	0.40565	ok	READY	0	140	GTOPT000178180	ENST00000371205	ok	READY	TRUE	TRUE	TRUE	Domain gain	Length change 20-50%	Length changed	TRUE	Structure changed
GTOPT000180840	ENST00000369880.8	0.87192	ok	READY	0	141	GTOPT000180840	ENST00000369880	ok	READY	TRUE	TRUE	TRUE	No domain change	Length change 0-10%	Length changed	FALSE	No evident structure change
GTOPT000182048	ENST00000369519.4	0.1998	ok	READY	0	142	GTOPT000182048	ENST00000369519	ok	READY	TRUE	TRUE	TRUE	No domain change	Length change 20-50%	Length changed	TRUE	Structure changed
GTOPT000182776	ENST00000694986.1	0.31417	ok	READY	0	143	GTOPT000182776	ENST00000694986	ok	READY	TRUE	TRUE	TRUE	No domain change	Length change 0-10%	Length changed	TRUE	Structure changed
GTOPT000186990	ENST00000368594.8	0.49526	ok	READY	0	146	GTOPT000186990	ENST00000368594	ok	READY	TRUE	TRUE	TRUE	Domain loss	Length change 20-50%	Length changed	TRUE	Structure changed
GTOPT000188406	ENST00000380753.9	0.88389	ok	READY	0	147	GTOPT000188406	ENST00000380753	ok	READY	TRUE	TRUE	TRUE	No domain change	Length change 10-20%	Length changed	FALSE	No evident structure change
GTOPT000188450	ENST00000380753.9	0.97111	ok	READY	0	148	GTOPT000188450	ENST00000380753	ok	READY	TRUE	TRUE	TRUE	No domain change	Length change 10-20%	Length changed	FALSE	No evident structure change
GTOPT000189913	ENST00000357604.10	0.40859	ok	READY	0	149	GTOPT000189913	ENST00000357604	ok	READY	TRUE	TRUE	TRUE	No domain change	Length change 0-10%	Length changed	TRUE	Structure changed
GTOPT000190384	ENST00000357447.7	0.14715	ok	READY	0	150	GTOPT000190384	ENST00000357447	ok	READY	TRUE	TRUE	TRUE	Domain loss	Length change 20-50%	Length changed	TRUE	Structure changed
GTOPT000190707	ENST00000181796.7	0.12129	ok	READY	0	151	GTOPT000190707	ENST00000181796	ok	READY	TRUE	TRUE	TRUE	Domain loss	Length change 20-50%	Length changed	TRUE	Structure changed
GTOPT000192095	ENST00000377122.9	0.23696	ok	READY	0	153	GTOPT000192095	ENST00000377122	ok	READY	TRUE	TRUE	TRUE	No domain change	Length change 0-10%	Length changed	TRUE	Structure changed
GTOPT000195892	ENST00000374788.8	0.26118	ok	READY	0	161	GTOPT000195892	ENST00000374788	ok	READY	TRUE	TRUE	TRUE	Domain gain	Length change 20-50%	Length changed	TRUE	Structure changed
GTOPT000199288	ENST00000331173.6	0.152	ok	READY	0	162	GTOPT000199288	ENST00000331173	ok	READY	TRUE	TRUE	TRUE	Domain loss	Length change 20-50%	Length changed	TRUE	Structure changed
GTOPT000201244	ENST00000433211.7	0.09767	ok	READY	0	166	GTOPT000201244	ENST00000433211	ok	READY	TRUE	TRUE	TRUE	No domain change	Length change >50%	Length changed	TRUE	Structure changed
GTOPT000202041	ENST00000373232.8	0.83988	ok	READY	0	167	GTOPT000202041	ENST00000373232	ok	READY	TRUE	TRUE	TRUE	No domain change	Length change 10-20%	Length changed	FALSE	No evident structure change
GTOPT000202422	ENST00000394957.8	0.26951	ok	READY	0	168	GTOPT000202422	ENST00000394957	ok	READY	TRUE	TRUE	TRUE	Domain loss	Length change 20-50%	Length changed	TRUE	Structure changed
GTOPT000203177	ENST00000373032.4	0.90234	ok	READY	0	169	GTOPT000203177	ENST00000373032	ok	READY	TRUE	TRUE	TRUE	No domain change	Length change 0-10%	Length changed	FALSE	No evident structure change
GTOPT000203859	ENST00000299432.7	0.27965	ok	READY	0	170	GTOPT000203859	ENST00000299432	ok	READY	TRUE	TRUE	TRUE	Domain loss	Length change >50%	Length changed	TRUE	Structure changed
GTOPT000204154	ENST00000359322.5	0.1494	ok	READY	0	171	GTOPT000204154	ENST00000359322	ok	READY	TRUE	TRUE	TRUE	No domain change	Length change >50%	Length changed	TRUE	Structure changed
GTOPT000204554	ENST00000423381.6	0.78222	ok	READY	0	172	GTOPT000204554	ENST00000423381	ok	READY	TRUE	TRUE	TRUE	No domain change	Length change 0-10%	Length changed	FALSE	No evident structure change
GTOPT000204560	ENST00000423381.6	0.79441	ok	READY	0	173	GTOPT000204560	ENST00000423381	ok	READY	TRUE	TRUE	TRUE	No domain change	Length change 10-20%	Length changed	FALSE	No evident structure change
GTOPT000207057	ENST00000372027.10	0.15912	ok	READY	0	175	GTOPT000207057	ENST00000372027	ok	READY	TRUE	TRUE	TRUE	No domain change	Length change >50%	Length changed	TRUE	Structure changed
GTOPT000208378	ENST00000336233.10	0.99773	ok	READY	0	176	GTOPT000208378	ENST00000336233	ok	READY	TRUE	TRUE	TRUE	No domain change	Length change 0-10%	Length changed	FALSE	No evident structure change
GTOPT000209955	ENST00000371247.7	0.12492	ok	READY	0	178	GTOPT000209955	ENST00000371247	ok	READY	TRUE	TRUE	TRUE	Domain loss	Length change >50%	Length changed	TRUE	Structure changed
GTOPT000209977	ENST00000371247.7	0.13302	ok	READY	0	179	GTOPT000209977	ENST00000371247	ok	READY	TRUE	TRUE	TRUE	Domain loss	Length change >50%	Length changed	TRUE	Structure changed
GTOPT000210268	ENST00000371247.7	0.08548	ok	READY	0	180	GTOPT000210268	ENST00000371247	ok	READY	TRUE	TRUE	TRUE	Domain loss	Length change >50%	Length changed	TRUE	Structure changed
GTOPT000210311	ENST00000371247.7	0.07248	ok	READY	0	181	GTOPT000210311	ENST00000371247	ok	READY	TRUE	TRUE	TRUE	Domain loss	Length change >50%	Length changed	TRUE	Structure changed
GTOPT000210451	ENST00000371247.7	0.08702	ok	READY	0	182	GTOPT000210451	ENST00000371247	ok	READY	TRUE	TRUE	TRUE	Domain loss	Length change >50%	Length changed	TRUE	Structure changed
GTOPT000210464	ENST00000371247.7	0.08061	ok	READY	0	183	GTOPT000210464	ENST00000371247	ok	READY	TRUE	TRUE	TRUE	Domain loss	Length change >50%	Length changed	TRUE	Structure changed
GTOPT000210550	ENST00000371247.7	0.04125	ok	READY	0	184	GTOPT000210550	ENST00000371247	ok	READY	TRUE	TRUE	TRUE	Domain loss	Length change >50%	Length changed	TRUE	Structure changed
GTOPT000212585	ENST00000354105.10	0.41562	ok	READY	0	185	GTOPT000212585	ENST00000354105	ok	READY	TRUE	TRUE	TRUE	No domain change	Length change 20-50%	Length changed	TRUE	Structure changed
GTOPT000213770	ENST00000370033.9	0.23133	ok	READY	0	186	GTOPT000213770	ENST00000370033	ok	READY	TRUE	TRUE	TRUE	Domain loss	Length change >50%	Length changed	TRUE	Structure changed
GTOPT000214206	ENST00000369887.4	0.658	ok	READY	0	187	GTOPT000214206	ENST00000369887	ok	READY	TRUE	TRUE	TRUE	No domain change	Length change 20-50%	Length changed	FALSE	No evident structure change
GTOPT000215208	ENST00000502935.6	0.87534	ok	READY	0	188	GTOPT000215208	ENST00000502935	ok	READY	TRUE	TRUE	TRUE	No domain change	Length change 0-10%	Length changed	FALSE	No evident structure change
GTOPT000215831	ENST00000348367.9	0.2755	ok	READY	0	189	GTOPT000215831	ENST00000348367	ok	READY	TRUE	TRUE	TRUE	Domain loss	Length change >50%	Length changed	TRUE	Structure changed
GTOPT000217021	ENST00000533213.7	0.26623	ok	READY	0	190	GTOPT000217021	ENST00000533213	ok	READY	TRUE	TRUE	TRUE	Domain loss	Length change 20-50%	Length changed	TRUE	Structure changed
GTOPT000217113	ENST00000533213.7	0.14157	ok	READY	0	191	GTOPT000217113	ENST00000533213	ok	READY	TRUE	TRUE	TRUE	Domain loss	Length change >50%	Length changed	TRUE	Structure changed
GTOPT000217365	ENST00000369209.8	0.07552	ok	READY	0	192	GTOPT000217365	ENST00000369209	ok	READY	TRUE	TRUE	TRUE	No domain change	Length change >50%	Length changed	TRUE	Structure changed
GTOPT000218172	ENST00000298510.4	0.38995	ok	READY	0	193	GTOPT000218172	ENST00000298510	ok	READY	TRUE	TRUE	TRUE	No domain change	Length change >50%	Length changed	TRUE	Structure changed
GTOPT000218668	ENST00000224652.12	0.20464	ok	READY	0	194	GTOPT000218668	ENST00000224652	ok	READY	TRUE	TRUE	TRUE	Domain loss	Length change >50%	Length changed	TRUE	Structure changed
GTOPT000218795	ENST00000224652.12	0.42796	ok	READY	0	195	GTOPT000218795	ENST00000224652	ok	READY	TRUE	TRUE	TRUE	Domain loss	Length change 20-50%	Length changed	TRUE	Structure changed
GTOPT000219750	ENST00000337195.11	0.80365	ok	READY	0	196	GTOPT000219750	ENST00000337195	ok	READY	TRUE	TRUE	TRUE	No domain change	Length change 0-10%	Length changed	FALSE	No evident structure change
GTOPT000228440	ENST00000683283.1	0.49752	ok	READY	0	197	GTOPT000228440	ENST00000683283	ok	READY	TRUE	TRUE	TRUE	No domain change	Length change 0-10%	Length changed	TRUE	Structure changed
GTOPT000228464	ENST00000683283.1	0.264	ok	READY	0	198	GTOPT000228464	ENST00000683283	ok	READY	TRUE	TRUE	TRUE	Domain loss	Length change >50%	Length changed	TRUE	Structure changed
GTOPT000228741	ENST00000334956.15	0.62405	ok	READY	0	199	GTOPT000228741	ENST00000334956	ok	READY	TRUE	TRUE	TRUE	No domain change	Length change 0-10%	Length changed	FALSE	No evident structure change
GTOPT000229142	ENST00000354817.8	0.24348	ok	READY	0	200	GTOPT000229142	ENST00000354817	ok	READY	TRUE	TRUE	TRUE	Domain loss	Length change >50%	Length changed	TRUE	Structure changed
GTOPT000229521	ENST00000228136.9	0.26033	ok	READY	0	201	GTOPT000229521	ENST00000228136	ok	READY	TRUE	TRUE	TRUE	No domain change	Length change 20-50%	Length changed	TRUE	Structure changed
GTOPT000229531	ENST00000228136.9	0.26033	ok	READY	0	202	GTOPT000229531	ENST00000228136	ok	READY	TRUE	TRUE	TRUE	No domain change	Length change 20-50%	Length changed	TRUE	Structure changed
GTOPT000230272	ENST00000265963.9	0.45913	ok	READY	0	203	GTOPT000230272	ENST00000265963	ok	READY	TRUE	TRUE	TRUE	No domain change	Length change 20-50%	Length changed	TRUE	Structure changed
GTOPT000232643	ENST00000241052.5	0.43367	ok	READY	0	204	GTOPT000232643	ENST00000241052	ok	READY	TRUE	TRUE	TRUE	No domain change	Length change >50%	Length changed	TRUE	Structure changed
GTOPT000232908	ENST00000428726.8	0.24446	ok	READY	0	205	GTOPT000232908	ENST00000428726	ok	READY	TRUE	TRUE	TRUE	No domain change	Length change >50%	Length changed	TRUE	Structure changed
GTOPT000232960	ENST00000428726.8	0.16123	ok	READY	0	206	GTOPT000232960	ENST00000428726	ok	READY	TRUE	TRUE	TRUE	No domain change	Length change >50%	Length changed	TRUE	Structure changed
GTOPT000234092	ENST00000617612.3	0.57662	ok	READY	0	207	GTOPT000234092	ENST00000617612	ok	READY	TRUE	TRUE	TRUE	No domain change	Length change 10-20%	Length changed	FALSE	No evident structure change
GTOPT000234545	ENST00000683152.1	0.16412	ok	READY	0	208	GTOPT000234545	ENST00000683152	ok	READY	TRUE	TRUE	TRUE	Complex domain change	Length change >50%	Length changed	TRUE	Structure changed
GTOPT000239692	ENST00000301761.7	0.76377	ok	READY	0	209	GTOPT000239692	ENST00000301761	ok	READY	TRUE	TRUE	TRUE	No domain change	Length change 0-10%	Length changed	FALSE	No evident structure change
GTOPT000239699	ENST00000301761.7	0.79368	ok	READY	0	210	GTOPT000239699	ENST00000301761	ok	READY	TRUE	TRUE	TRUE	No domain change	Length change 0-10%	Length changed	FALSE	No evident structure change
GTOPT000241048	ENST00000402010.8	0.61851	ok	READY	0	211	GTOPT000241048	ENST00000402010	ok	READY	TRUE	TRUE	TRUE	No domain change	Length change 10-20%	Length changed	FALSE	No evident structure change
GTOPT000244341	ENST00000270176.10	0.60019	ok	READY	0	212	GTOPT000244341	ENST00000270176	ok	READY	TRUE	TRUE	TRUE	Domain loss	Length change 10-20%	Length changed	FALSE	No evident structure change
GTOPT000245515	ENST00000394067.7	0.55629	ok	READY	0	213	GTOPT000245515	ENST00000394067	ok	READY	TRUE	TRUE	TRUE	No domain change	Length change 0-10%	Length changed	FALSE	No evident structure change
GTOPT000246885	ENST00000511455.7	0.16547	ok	READY	0	214	GTOPT000246885	ENST00000511455	ok	READY	TRUE	TRUE	TRUE	Domain loss	Length change >50%	Length changed	TRUE	Structure changed
GTOPT000248227	ENST00000393800.7	0.21396	ok	READY	0	215	GTOPT000248227	ENST00000393800	ok	READY	TRUE	TRUE	TRUE	No domain change	Length change >50%	Length changed	TRUE	Structure changed
GTOPT000248636	ENST00000255078.8	0.18241	ok	READY	0	216	GTOPT000248636	ENST00000255078	ok	READY	TRUE	TRUE	TRUE	Domain loss	Length change 20-50%	Length changed	TRUE	Structure changed
GTOPT000249107	ENST00000253925.12	0.20208	ok	READY	0	217	GTOPT000249107	ENST00000253925	ok	READY	TRUE	TRUE	TRUE	Domain loss	Length change 20-50%	Length changed	TRUE	Structure changed
GTOPT000249250	ENST00000253925.12	0.21372	ok	READY	0	218	GTOPT000249250	ENST00000253925	ok	READY	TRUE	TRUE	TRUE	Domain loss	Length change >50%	Length changed	TRUE	Structure changed
GTOPT000250850	ENST00000310571.8	0.85505	ok	READY	0	219	GTOPT000250850	ENST00000310571	ok	READY	TRUE	TRUE	TRUE	No domain change	Length change 0-10%	Length changed	FALSE	No evident structure change
GTOPT000252605	ENST00000313578.4	0.76258	ok	READY	0	221	GTOPT000252605	ENST00000313578	ok	READY	TRUE	TRUE	TRUE	Domain loss	Length change 10-20%	Length changed	FALSE	No evident structure change
GTOPT000252830	ENST00000529308.6	0.62482	ok	READY	0	222	GTOPT000252830	ENST00000529308	ok	READY	TRUE	TRUE	TRUE	No domain change	Length change 20-50%	Length changed	FALSE	No evident structure change
GTOPT000259541	ENST00000278935.8	0.09808	ok	READY	0	224	GTOPT000259541	ENST00000278935	ok	READY	TRUE	TRUE	TRUE	Domain gain	Length change >50%	Length changed	TRUE	Structure changed
GTOPT000259883	ENST00000252108.8	0.17721	ok	READY	0	225	GTOPT000259883	ENST00000252108	ok	READY	TRUE	TRUE	TRUE	Domain loss	Length change >50%	Length changed	TRUE	Structure changed
GTOPT000260507	ENST00000600882.6	0.09743	ok	READY	0	226	GTOPT000260507	ENST00000600882	ok	READY	TRUE	TRUE	TRUE	Domain loss	Length change >50%	Length changed	TRUE	Structure changed
GTOPT000261651	ENST00000328965.9	0.49296	ok	READY	0	227	GTOPT000261651	ENST00000328965	ok	READY	TRUE	TRUE	TRUE	No domain change	Length change 20-50%	Length changed	TRUE	Structure changed
GTOPT000262023	ENST00000527524.8	0.18806	ok	READY	0	228	GTOPT000262023	ENST00000527524	ok	READY	TRUE	TRUE	TRUE	Domain loss	Length change >50%	Length changed	TRUE	Structure changed
GTOPT000262756	ENST00000635736.2	0.52079	ok	READY	0	230	GTOPT000262756	ENST00000635736	ok	READY	TRUE	TRUE	TRUE	No domain change	Length change 10-20%	Length changed	FALSE	No evident structure change
GTOPT000269746	ENST00000335295.4	0.93524	ok	READY	0	231	GTOPT000269746	ENST00000335295	ok	READY	TRUE	TRUE	TRUE	No domain change	Length change 0-10%	Length changed	FALSE	No evident structure change
GTOPT000269821	ENST00000335295.4	0.99516	ok	READY	0	232	GTOPT000269821	ENST00000335295	ok	READY	TRUE	TRUE	TRUE	No domain change	Length change 0-10%	Length changed	FALSE	No evident structure change
GTOPT000270905	ENST00000299498.11	0.67884	ok	READY	0	233	GTOPT000270905	ENST00000299498	ok	READY	TRUE	TRUE	TRUE	No domain change	Length change 20-50%	Length changed	FALSE	No evident structure change
GTOPT000271644	ENST00000649792.2	0.66288	ok	READY	0	234	GTOPT000271644	ENST00000649792	ok	READY	TRUE	TRUE	TRUE	No domain change	Length change 10-20%	Length changed	FALSE	No evident structure change
GTOPT000272411	ENST00000423302.7	0.05966	ok	READY	0	235	GTOPT000272411	ENST00000423302	ok	READY	TRUE	TRUE	TRUE	No domain change	Length change >50%	Length changed	TRUE	Structure changed
GTOPT000275752	ENST00000278193.7	0.47823	ok	READY	0	236	GTOPT000275752	ENST00000278193	ok	READY	TRUE	TRUE	TRUE	No domain change	Length change 0-10%	Length changed	TRUE	Structure changed
GTOPT000277584	ENST00000676320.1	0.29048	ok	READY	0	239	GTOPT000277584	ENST00000676320	ok	READY	TRUE	TRUE	TRUE	No domain change	Length change 0-10%	Length changed	TRUE	Structure changed
GTOPT000278015	ENST00000311956.9	0.70572	ok	READY	0	240	GTOPT000278015	ENST00000311956	ok	READY	TRUE	TRUE	TRUE	No domain change	Length change 10-20%	Length changed	FALSE	No evident structure change
GTOPT000278706	ENST00000545968.6	0.41098	ok	READY	0	242	GTOPT000278706	ENST00000545968	ok	READY	TRUE	TRUE	TRUE	No domain change	Length change 0-10%	Length changed	TRUE	Structure changed
GTOPT000279801	ENST00000378460.7	0.24601	ok	READY	0	243	GTOPT000279801	ENST00000378460	ok	READY	TRUE	TRUE	TRUE	Domain loss	Length change >50%	Length changed	TRUE	Structure changed
GTOPT000280837	ENST00000287275.6	0.7962	ok	READY	0	244	GTOPT000280837	ENST00000287275	ok	READY	TRUE	TRUE	TRUE	No domain change	Length change 10-20%	Length changed	FALSE	No evident structure change
GTOPT000281037	ENST00000361050.4	0.75187	ok	READY	0	245	GTOPT000281037	ENST00000361050	ok	READY	TRUE	TRUE	TRUE	No domain change	Length change 20-50%	Length changed	FALSE	No evident structure change
GTOPT000281391	ENST00000528851.6	0.39054	ok	READY	0	246	GTOPT000281391	ENST00000528851	ok	READY	TRUE	TRUE	TRUE	No domain change	Length change 0-10%	Length changed	TRUE	Structure changed
GTOPT000281432	ENST00000528851.6	0.82938	ok	READY	0	247	GTOPT000281432	ENST00000528851	ok	READY	TRUE	TRUE	TRUE	No domain change	Length change 20-50%	Length changed	FALSE	No evident structure change
GTOPT000281837	ENST00000227880.8	0.70804	ok	READY	0	248	GTOPT000281837	ENST00000227880	ok	READY	TRUE	TRUE	TRUE	No domain change	Length change 0-10%	Length changed	FALSE	No evident structure change
GTOPT000281947	ENST00000301765.10	0.41763	ok	READY	0	249	GTOPT000281947	ENST00000301765	ok	READY	TRUE	TRUE	TRUE	No domain change	Length change 10-20%	Length changed	TRUE	Structure changed
GTOPT000281949	ENST00000301765.10	0.41763	ok	READY	0	250	GTOPT000281949	ENST00000301765	ok	READY	TRUE	TRUE	TRUE	No domain change	Length change 10-20%	Length changed	TRUE	Structure changed
GTOPT000282173	ENST00000301764.12	0.19519	ok	READY	0	251	GTOPT000282173	ENST00000301764	ok	READY	TRUE	TRUE	TRUE	Domain loss	Length change >50%	Length changed	TRUE	Structure changed
GTOPT000287031	ENST00000301873.11	0.11001	ok	READY	0	252	GTOPT000287031	ENST00000301873	ok	READY	TRUE	TRUE	TRUE	Domain loss	Length change >50%	Length changed	TRUE	Structure changed
GTOPT000287521	ENST00000308162.10	0.86333	ok	READY	0	253	GTOPT000287521	ENST00000308162	ok	READY	TRUE	TRUE	TRUE	No domain change	Length change 10-20%	Length changed	FALSE	No evident structure change
GTOPT000288710	ENST00000393960.7	0.38535	ok	READY	0	255	GTOPT000288710	ENST00000393960	ok	READY	TRUE	TRUE	TRUE	Domain loss	Length change >50%	Length changed	TRUE	Structure changed
GTOPT000290655	ENST00000393695.8	0.04027	ok	READY	0	256	GTOPT000290655	ENST00000393695	ok	READY	TRUE	TRUE	TRUE	No domain change	Length change >50%	Length changed	TRUE	Structure changed
GTOPT000291147	ENST00000334805.11	0.48061	ok	READY	0	257	GTOPT000291147	ENST00000334805	ok	READY	TRUE	TRUE	TRUE	No domain change	Length change 20-50%	Length changed	TRUE	Structure changed
GTOPT000291201	ENST00000334805.11	0.75634	ok	READY	0	258	GTOPT000291201	ENST00000334805	ok	READY	TRUE	TRUE	TRUE	No domain change	Length change 0-10%	Length changed	FALSE	No evident structure change
GTOPT000294635	ENST00000393346.8	0.09569	ok	READY	0	260	GTOPT000294635	ENST00000393346	ok	READY	TRUE	TRUE	TRUE	Domain loss	Length change >50%	Length changed	TRUE	Structure changed
GTOPT000295022	ENST00000543262.6	0.66523	ok	READY	0	261	GTOPT000295022	ENST00000543262	ok	READY	TRUE	TRUE	TRUE	No domain change	Length change 20-50%	Length changed	FALSE	No evident structure change
GTOPT000297977	ENST00000645495.2	0.56369	ok	READY	0	262	GTOPT000297977	ENST00000645495	ok	READY	TRUE	TRUE	TRUE	Domain loss	Length change 20-50%	Length changed	FALSE	No evident structure change
GTOPT000298603	ENST00000650687.2	0.36457	ok	READY	0	263	GTOPT000298603	ENST00000650687	ok	READY	TRUE	TRUE	TRUE	No domain change	Length change 20-50%	Length changed	TRUE	Structure changed
GTOPT000298953	ENST00000696973.1	0.10062	ok	READY	0	264	GTOPT000298953	ENST00000696973	ok	READY	TRUE	TRUE	TRUE	No domain change	Length change >50%	Length changed	TRUE	Structure changed
GTOPT000301335	ENST00000264036.6	0.78738	ok	READY	0	265	GTOPT000301335	ENST00000264036	ok	READY	TRUE	TRUE	TRUE	No domain change	Length change 0-10%	Length changed	FALSE	No evident structure change
GTOPT000301340	ENST00000264036.6	0.75624	ok	READY	0	266	GTOPT000301340	ENST00000264036	ok	READY	TRUE	TRUE	TRUE	No domain change	Length change 0-10%	Length changed	FALSE	No evident structure change
GTOPT000301672	ENST00000341846.10	0.32663	ok	READY	0	267	GTOPT000301672	ENST00000341846	ok	READY	TRUE	TRUE	TRUE	Domain loss	Length change 20-50%	Length changed	TRUE	Structure changed
GTOPT000301674	ENST00000341846.10	0.55505	ok	READY	0	268	GTOPT000301674	ENST00000341846	ok	READY	TRUE	TRUE	TRUE	No domain change	Length change 0-10%	Length changed	FALSE	No evident structure change
GTOPT000302602	ENST00000263593.8	0.41932	ok	READY	0	269	GTOPT000302602	ENST00000263593	ok	READY	TRUE	TRUE	TRUE	Domain loss	Length change 20-50%	Length changed	TRUE	Structure changed
GTOPT000302879	ENST00000306534.8	0.62396	ok	READY	0	270	GTOPT000302879	ENST00000306534	ok	READY	TRUE	TRUE	TRUE	No domain change	Length change 0-10%	Length changed	FALSE	No evident structure change
GTOPT000307910	ENST00000229239.10	0.87401	ok	READY	0	271	GTOPT000307910	ENST00000229239	ok	READY	TRUE	TRUE	TRUE	No domain change	Length change 10-20%	Length changed	FALSE	No evident structure change
GTOPT000311205	ENST00000396373.9	0.16699	ok	READY	0	272	GTOPT000311205	ENST00000396373	ok	READY	TRUE	TRUE	TRUE	Domain loss	Length change >50%	Length changed	TRUE	Structure changed
GTOPT000312553	ENST00000538779.6	0.2413	ok	READY	0	273	GTOPT000312553	ENST00000538779	ok	READY	TRUE	TRUE	TRUE	Domain loss	Length change >50%	Length changed	TRUE	Structure changed
GTOPT000314594	ENST00000228425.11	0.20161	ok	READY	0	274	GTOPT000314594	ENST00000228425	ok	READY	TRUE	TRUE	TRUE	Domain loss	Length change >50%	Length changed	TRUE	Structure changed
GTOPT000318264	ENST00000552918.6	0.43115	ok	READY	0	275	GTOPT000318264	ENST00000552918	ok	READY	TRUE	TRUE	TRUE	No domain change	Length change 10-20%	Length changed	TRUE	Structure changed
GTOPT000319988	ENST00000262055.9	0.84016	ok	READY	0	276	GTOPT000319988	ENST00000262055	ok	READY	TRUE	TRUE	TRUE	No domain change	Length change 10-20%	Length changed	FALSE	No evident structure change
GTOPT000320803	ENST00000331817.6	0.40984	ok	READY	0	277	GTOPT000320803	ENST00000331817	ok	READY	TRUE	TRUE	TRUE	No domain change	Length change 10-20%	Length changed	TRUE	Structure changed
GTOPT000321305	ENST00000301464.4	0.48662	ok	READY	0	278	GTOPT000321305	ENST00000301464	ok	READY	TRUE	TRUE	TRUE	No domain change	Length change 0-10%	Length changed	TRUE	Structure changed
GTOPT000323560	ENST00000243052.8	0.68758	ok	READY	0	279	GTOPT000323560	ENST00000243052	ok	READY	TRUE	TRUE	TRUE	Domain loss	Length change 20-50%	Length changed	FALSE	No evident structure change
GTOPT000325463	ENST00000322165.1	0.58522	ok	READY	0	280	GTOPT000325463	ENST00000322165	ok	READY	TRUE	TRUE	TRUE	No domain change	Length change 20-50%	Length changed	FALSE	No evident structure change
GTOPT000328407	ENST00000261233.9	0.1729	ok	READY	0	281	GTOPT000328407	ENST00000261233	ok	READY	TRUE	TRUE	TRUE	Domain loss	Length change >50%	Length changed	TRUE	Structure changed
GTOPT000328957	ENST00000250559.14	0.68264	ok	READY	0	282	GTOPT000328957	ENST00000250559	ok	READY	TRUE	TRUE	TRUE	No domain change	Length change 20-50%	Length changed	FALSE	No evident structure change
GTOPT000339837	ENST00000454402.7	0.85289	ok	READY	0	286	GTOPT000339837	ENST00000454402	ok	READY	TRUE	TRUE	TRUE	No domain change	Length change 10-20%	Length changed	FALSE	No evident structure change
GTOPT000340027	ENST00000281938.7	0.37246	ok	READY	0	287	GTOPT000340027	ENST00000281938	ok	READY	TRUE	TRUE	TRUE	No domain change	Length change 10-20%	Length changed	TRUE	Structure changed
GTOPT000340793	ENST00000228506.8	0.68985	ok	READY	0	288	GTOPT000340793	ENST00000228506	ok	READY	TRUE	TRUE	TRUE	No domain change	Length change 20-50%	Length changed	FALSE	No evident structure change
GTOPT000348036	ENST00000261407.9	0.78041	ok	READY	0	290	GTOPT000348036	ENST00000261407	ok	READY	TRUE	TRUE	TRUE	No domain change	Length change 20-50%	Length changed	FALSE	No evident structure change
GTOPT000348038	ENST00000261407.9	0.96288	ok	READY	0	291	GTOPT000348038	ENST00000261407	ok	READY	TRUE	TRUE	TRUE	Domain gain	Length change 0-10%	Length changed	FALSE	No evident structure change
GTOPT000348148	ENST00000261407.9	0.26384	ok	READY	0	292	GTOPT000348148	ENST00000261407	ok	READY	TRUE	TRUE	TRUE	Domain loss	Length change >50%	Length changed	TRUE	Structure changed
GTOPT000348183	ENST00000647956.2	0.91762	ok	READY	0	293	GTOPT000348183	ENST00000647956	ok	READY	TRUE	TRUE	TRUE	No domain change	Length change 0-10%	Length changed	FALSE	No evident structure change
GTOPT000349848	ENST00000318602.12	0.96951	ok	READY	0	294	GTOPT000349848	ENST00000318602	ok	READY	TRUE	TRUE	TRUE	No domain change	Length change 0-10%	Length changed	FALSE	No evident structure change
GTOPT000352484	ENST00000539261.6	0.66397	ok	READY	0	295	GTOPT000352484	ENST00000539261	ok	READY	TRUE	TRUE	TRUE	No domain change	Length change 20-50%	Length changed	FALSE	No evident structure change
GTOPT000352511	ENST00000539261.6	0.68097	ok	READY	0	296	GTOPT000352511	ENST00000539261	ok	READY	TRUE	TRUE	TRUE	No domain change	Length change 0-10%	Length changed	FALSE	No evident structure change
GTOPT000353454	ENST00000350669.5	0.80854	ok	READY	0	297	GTOPT000353454	ENST00000350669	ok	READY	TRUE	TRUE	TRUE	No domain change	Length change 10-20%	Length changed	FALSE	No evident structure change
GTOPT000355335	ENST00000256079.9	0.92756	ok	READY	0	298	GTOPT000355335	ENST00000256079	ok	READY	TRUE	TRUE	TRUE	No domain change	Length change 0-10%	Length changed	FALSE	No evident structure change
GTOPT000360958	ENST00000252242.9	0.27583	ok	READY	0	299	GTOPT000360958	ENST00000252242	ok	READY	TRUE	TRUE	TRUE	Domain loss	Length change 20-50%	Length changed	TRUE	Structure changed
GTOPT000361288	ENST00000252244.3	0.38418	ok	READY	0	300	GTOPT000361288	ENST00000252244	ok	READY	TRUE	TRUE	TRUE	No domain change	Length change 10-20%	Length changed	TRUE	Structure changed
GTOPT000361365	ENST00000252244.3	0.07181	ok	READY	0	301	GTOPT000361365	ENST00000252244	ok	READY	TRUE	TRUE	TRUE	Domain loss	Length change >50%	Length changed	TRUE	Structure changed
GTOPT000361700	ENST00000551956.2	0.38518	ok	READY	0	302	GTOPT000361700	ENST00000551956	ok	READY	TRUE	TRUE	TRUE	Domain loss	Length change 20-50%	Length changed	TRUE	Structure changed
GTOPT000361787	ENST00000330553.6	0.24139	ok	READY	0	303	GTOPT000361787	ENST00000330553	ok	READY	TRUE	TRUE	TRUE	Complex domain change	Length change >50%	Length changed	TRUE	Structure changed
GTOPT000361938	ENST00000692008.1	0.30794	ok	READY	0	304	GTOPT000361938	ENST00000692008	ok	READY	TRUE	TRUE	TRUE	Domain loss	Length change 20-50%	Length changed	TRUE	Structure changed
GTOPT000362857	ENST00000420353.7	0.16447	ok	READY	0	305	GTOPT000362857	ENST00000420353	ok	READY	TRUE	TRUE	TRUE	Domain loss	Length change >50%	Length changed	TRUE	Structure changed
GTOPT000365648	ENST00000311966.9	0.94712	ok	READY	0	306	GTOPT000365648	ENST00000311966	ok	READY	TRUE	TRUE	TRUE	No domain change	Length change 0-10%	Length changed	FALSE	No evident structure change
GTOPT000366229	ENST00000293502.2	0.95366	ok	READY	0	307	GTOPT000366229	ENST00000293502	ok	READY	TRUE	TRUE	TRUE	Domain gain	Length change 10-20%	Length changed	FALSE	No evident structure change
GTOPT000370995	ENST00000328827.9	0.4009	ok	READY	0	308	GTOPT000370995	ENST00000328827	ok	READY	TRUE	TRUE	TRUE	No domain change	Length change 0-10%	Length changed	TRUE	Structure changed
GTOPT000371050	ENST00000328827.9	0.15279	ok	READY	0	309	GTOPT000371050	ENST00000328827	ok	READY	TRUE	TRUE	TRUE	No domain change	Length change 20-50%	Length changed	TRUE	Structure changed
GTOPT000373814	ENST00000397809.10	0.17043	ok	READY	0	310	GTOPT000373814	ENST00000397809	ok	READY	TRUE	TRUE	TRUE	No domain change	Length change >50%	Length changed	TRUE	Structure changed
GTOPT000373817	ENST00000397809.10	0.17043	ok	READY	0	311	GTOPT000373817	ENST00000397809	ok	READY	TRUE	TRUE	TRUE	No domain change	Length change >50%	Length changed	TRUE	Structure changed
GTOPT000373952	ENST00000261226.9	0.45789	ok	READY	0	312	GTOPT000373952	ENST00000261226	ok	READY	TRUE	TRUE	TRUE	No domain change	Length change 0-10%	Length changed	TRUE	Structure changed
GTOPT000373981	ENST00000261226.9	0.32782	ok	READY	0	313	GTOPT000373981	ENST00000261226	ok	READY	TRUE	TRUE	TRUE	No domain change	Length change 20-50%	Length changed	TRUE	Structure changed
GTOPT000375244	ENST00000279907.12	0.27728	ok	READY	0	314	GTOPT000375244	ENST00000279907	ok	READY	TRUE	TRUE	TRUE	No domain change	Length change >50%	Length changed	TRUE	Structure changed
GTOPT000376297	ENST00000258494.14	0.49925	ok	READY	0	315	GTOPT000376297	ENST00000258494	ok	READY	TRUE	TRUE	TRUE	No domain change	Length change 20-50%	Length changed	TRUE	Structure changed
GTOPT000377723	ENST00000355312.8	0.20078	ok	READY	0	316	GTOPT000377723	ENST00000355312	ok	READY	TRUE	TRUE	TRUE	Domain loss	Length change 20-50%	Length changed	TRUE	Structure changed
GTOPT000378023	ENST00000228825.12	0.99541	ok	READY	0	317	GTOPT000378023	ENST00000228825	ok	READY	TRUE	TRUE	TRUE	No domain change	Length change 10-20%	Length changed	FALSE	No evident structure change
GTOPT000378413	ENST00000335007.10	0.95219	ok	READY	0	318	GTOPT000378413	ENST00000335007	ok	READY	TRUE	TRUE	TRUE	No domain change	Length change 0-10%	Length changed	FALSE	No evident structure change
GTOPT000378456	ENST00000335007.10	0.94535	ok	READY	0	319	GTOPT000378456	ENST00000335007	ok	READY	TRUE	TRUE	TRUE	No domain change	Length change 10-20%	Length changed	FALSE	No evident structure change
GTOPT000378549	ENST00000228841.15	0.85228	ok	READY	0	320	GTOPT000378549	ENST00000228841	ok	READY	TRUE	TRUE	TRUE	No domain change	Length change 0-10%	Length changed	FALSE	No evident structure change
GTOPT000378616	ENST00000228841.15	0.73818	ok	READY	0	321	GTOPT000378616	ENST00000228841	ok	READY	TRUE	TRUE	TRUE	No domain change	Length change 10-20%	Length changed	FALSE	No evident structure change
GTOPT000382021	ENST00000308366.9	0.87072	ok	READY	0	322	GTOPT000382021	ENST00000308366	ok	READY	TRUE	TRUE	TRUE	No domain change	Length change 0-10%	Length changed	FALSE	No evident structure change
GTOPT000382023	ENST00000308366.9	0.88503	ok	READY	0	323	GTOPT000382023	ENST00000308366	ok	READY	TRUE	TRUE	TRUE	No domain change	Length change 20-50%	Length changed	FALSE	No evident structure change
GTOPT000383145	ENST00000289004.8	0.683	ok	READY	0	324	GTOPT000383145	ENST00000289004	ok	READY	TRUE	TRUE	TRUE	Domain loss	Length change 20-50%	Length changed	FALSE	No evident structure change
GTOPT000383162	ENST00000289004.8	0.88095	ok	READY	0	325	GTOPT000383162	ENST00000289004	ok	READY	TRUE	TRUE	TRUE	Domain loss	Length change 0-10%	Length changed	FALSE	No evident structure change
GTOPT000383242	ENST00000464942.7	0.48932	ok	READY	0	326	GTOPT000383242	ENST00000464942	ok	READY	TRUE	TRUE	TRUE	No domain change	Length change 20-50%	Length changed	TRUE	Structure changed
GTOPT000383532	ENST00000620786.5	0.11132	ok	READY	0	327	GTOPT000383532	ENST00000620786	ok	READY	TRUE	TRUE	TRUE	Domain loss	Length change >50%	Length changed	TRUE	Structure changed
GTOPT000385686	ENST00000308736.7	0.82451	ok	READY	0	328	GTOPT000385686	ENST00000308736	ok	READY	TRUE	TRUE	TRUE	Domain loss	Length change 0-10%	Length changed	FALSE	No evident structure change
GTOPT000386339	ENST00000690449.1	0.38339	ok	READY	0	329	GTOPT000386339	ENST00000690449	ok	READY	TRUE	TRUE	TRUE	No domain change	Length change 20-50%	Length changed	TRUE	Structure changed
GTOPT000386390	ENST00000392373.7	0.45596	ok	READY	0	330	GTOPT000386390	ENST00000392373	ok	READY	TRUE	TRUE	TRUE	Domain loss	Length change 20-50%	Length changed	TRUE	Structure changed
GTOPT000388239	ENST00000248484.9	0.28572	ok	READY	0	331	GTOPT000388239	ENST00000248484	ok	READY	TRUE	TRUE	TRUE	No domain change	Length change 10-20%	Length changed	TRUE	Structure changed
GTOPT000390151	ENST00000315596.15	0.90735	ok	READY	0	334	GTOPT000390151	ENST00000315596	ok	READY	TRUE	TRUE	TRUE	No domain change	Length change 0-10%	Length changed	FALSE	No evident structure change
GTOPT000391764	ENST00000325686.7	0.72358	ok	READY	0	335	GTOPT000391764	ENST00000325686	ok	READY	TRUE	TRUE	TRUE	No domain change	Length change 20-50%	Length changed	FALSE	No evident structure change
GTOPT000392501	ENST00000389797.8	0.22219	ok	READY	0	336	GTOPT000392501	ENST00000389797	ok	READY	TRUE	TRUE	TRUE	Domain loss	Length change 20-50%	Length changed	TRUE	Structure changed
GTOPT000394270	ENST00000219022.3	0.38161	ok	READY	0	337	GTOPT000394270	ENST00000219022	ok	READY	TRUE	TRUE	TRUE	Domain loss	Length change >50%	Length changed	TRUE	Structure changed
GTOPT000394550	ENST00000377881.8	0.29769	ok	READY	0	338	GTOPT000394550	ENST00000377881	ok	READY	TRUE	TRUE	TRUE	Domain loss	Length change 20-50%	Length changed	TRUE	Structure changed
GTOPT000397587	ENST00000319562.11	0.79013	ok	READY	0	340	GTOPT000397587	ENST00000319562	ok	READY	TRUE	TRUE	TRUE	No domain change	Length change 0-10%	Length changed	FALSE	No evident structure change
GTOPT000398404	ENST00000376052.5	0.43987	ok	READY	0	341	GTOPT000398404	ENST00000376052	ok	READY	TRUE	TRUE	TRUE	Domain loss	Length change >50%	Length changed	TRUE	Structure changed
GTOPT000399476	ENST00000360467.7	0.13785	ok	READY	0	342	GTOPT000399476	ENST00000360467	ok	READY	TRUE	TRUE	TRUE	Domain loss	Length change >50%	Length changed	TRUE	Structure changed
GTOPT000402833	ENST00000381989.4	0.19145	ok	READY	0	344	GTOPT000402833	ENST00000381989	ok	READY	TRUE	TRUE	TRUE	Domain loss	Length change >50%	Length changed	TRUE	Structure changed
GTOPT000403183	ENST00000282344.11	0.65511	ok	READY	0	345	GTOPT000403183	ENST00000282344	ok	READY	TRUE	TRUE	TRUE	No domain change	Length change 20-50%	Length changed	FALSE	No evident structure change
GTOPT000405183	ENST00000360631.8	0.1801	ok	READY	0	346	GTOPT000405183	ENST00000360631	ok	READY	TRUE	TRUE	TRUE	Domain loss	Length change >50%	Length changed	TRUE	Structure changed
GTOPT000405193	ENST00000360631.8	0.1809	ok	READY	0	347	GTOPT000405193	ENST00000360631	ok	READY	TRUE	TRUE	TRUE	Domain loss	Length change >50%	Length changed	TRUE	Structure changed
GTOPT000405979	ENST00000379747.9	0.26064	ok	READY	0	348	GTOPT000405979	ENST00000379747	ok	READY	TRUE	TRUE	TRUE	Domain loss	Length change >50%	Length changed	TRUE	Structure changed
GTOPT000410581	ENST00000378060.9	0.32153	ok	READY	0	349	GTOPT000410581	ENST00000378060	ok	READY	TRUE	TRUE	TRUE	Domain loss	Length change >50%	Length changed	TRUE	Structure changed
GTOPT000411340	ENST00000377636.8	0.24798	ok	READY	0	350	GTOPT000411340	ENST00000377636	ok	READY	TRUE	TRUE	TRUE	Domain loss	Length change >50%	Length changed	TRUE	Structure changed
GTOPT000411390	ENST00000377636.8	0.18996	ok	READY	0	351	GTOPT000411390	ENST00000377636	ok	READY	TRUE	TRUE	TRUE	Domain loss	Length change >50%	Length changed	TRUE	Structure changed
GTOPT000411398	ENST00000377636.8	0.25264	ok	READY	0	352	GTOPT000411398	ENST00000377636	ok	READY	TRUE	TRUE	TRUE	Domain loss	Length change 20-50%	Length changed	TRUE	Structure changed
GTOPT000413852	ENST00000267273.7	0.63827	ok	READY	0	353	GTOPT000413852	ENST00000267273	ok	READY	TRUE	TRUE	TRUE	No domain change	Length change 20-50%	Length changed	FALSE	No evident structure change
GTOPT000415570	ENST00000478244.6	0.83991	ok	READY	0	354	GTOPT000415570	ENST00000478244	ok	READY	TRUE	TRUE	TRUE	No domain change	Length change 0-10%	Length changed	FALSE	No evident structure change
GTOPT000416758	ENST00000339374.11	0.90535	ok	READY	0	355	GTOPT000416758	ENST00000339374	ok	READY	TRUE	TRUE	TRUE	No domain change	Length change 0-10%	Length changed	FALSE	No evident structure change
GTOPT000420375	ENST00000216780.9	0.78806	ok	READY	0	356	GTOPT000420375	ENST00000216780	ok	READY	TRUE	TRUE	TRUE	No domain change	Length change 20-50%	Length changed	FALSE	No evident structure change
GTOPT000420376	ENST00000216780.9	0.51211	ok	READY	0	357	GTOPT000420376	ENST00000216780	ok	READY	TRUE	TRUE	TRUE	Domain loss	Length change 20-50%	Length changed	FALSE	No evident structure change
GTOPT000421792	ENST00000458591.7	0.87328	ok	READY	0	358	GTOPT000421792	ENST00000458591	ok	READY	TRUE	TRUE	TRUE	No domain change	Length change 10-20%	Length changed	FALSE	No evident structure change
GTOPT000422173	ENST00000345122.8	0.55238	ok	READY	0	359	GTOPT000422173	ENST00000345122	ok	READY	TRUE	TRUE	TRUE	Complex domain change	Length change 10-20%	Length changed	FALSE	No evident structure change
GTOPT000423442	ENST00000640607.2	0.27113	ok	READY	0	360	GTOPT000423442	ENST00000640607	ok	READY	TRUE	TRUE	TRUE	No domain change	Length change 0-10%	Length changed	TRUE	Structure changed
GTOPT000425948	ENST00000395314.8	0.15354	ok	READY	0	361	GTOPT000425948	ENST00000395314	ok	READY	TRUE	TRUE	TRUE	Domain loss	Length change >50%	Length changed	TRUE	Structure changed
GTOPT000435933	ENST00000216487.12	0.10477	ok	READY	0	364	GTOPT000435933	ENST00000216487	ok	READY	TRUE	TRUE	TRUE	Complex domain change	Length change >50%	Length changed	TRUE	Structure changed
GTOPT000436268	ENST00000013070.11	0.64717	ok	READY	0	365	GTOPT000436268	ENST00000013070	ok	READY	TRUE	TRUE	TRUE	No domain change	Length change 0-10%	Length changed	FALSE	No evident structure change
GTOPT000440392	ENST00000429436.7	0.17534	ok	READY	0	367	GTOPT000440392	ENST00000429436	ok	READY	TRUE	TRUE	TRUE	Domain loss	Length change >50%	Length changed	TRUE	Structure changed
GTOPT000441963	ENST00000329146.9	0.40451	ok	READY	0	368	GTOPT000441963	ENST00000329146	ok	READY	TRUE	TRUE	TRUE	No domain change	Length change 0-10%	Length changed	TRUE	Structure changed
GTOPT000444484	ENST00000605057.6	0.10162	ok	READY	0	369	GTOPT000444484	ENST00000605057	ok	READY	TRUE	TRUE	TRUE	Domain loss	Length change >50%	Length changed	TRUE	Structure changed
GTOPT000446433	ENST00000216336.3	0.93117	ok	READY	0	370	GTOPT000446433	ENST00000216336	ok	READY	TRUE	TRUE	TRUE	No domain change	Length change 0-10%	Length changed	FALSE	No evident structure change
GTOPT000446442	ENST00000216338.9	0.86036	ok	READY	0	371	GTOPT000446442	ENST00000216338	ok	READY	TRUE	TRUE	TRUE	No domain change	Length change 10-20%	Length changed	FALSE	No evident structure change
GTOPT000446470	ENST00000216341.9	0.94534	ok	READY	0	372	GTOPT000446470	ENST00000216341	ok	READY	TRUE	TRUE	TRUE	No domain change	Length change 10-20%	Length changed	FALSE	No evident structure change
GTOPT000446743	ENST00000331968.11	0.15334	ok	READY	0	373	GTOPT000446743	ENST00000331968	ok	READY	TRUE	TRUE	TRUE	Domain loss	Length change >50%	Length changed	TRUE	Structure changed
GTOPT000448324	ENST00000331299.6	0.93827	ok	READY	0	374	GTOPT000448324	ENST00000331299	ok	READY	TRUE	TRUE	TRUE	No domain change	Length change 0-10%	Length changed	FALSE	No evident structure change
GTOPT000452390	ENST00000216446.9	0.66074	ok	READY	0	375	GTOPT000452390	ENST00000216446	ok	READY	TRUE	TRUE	TRUE	No domain change	Length change 0-10%	Length changed	FALSE	No evident structure change
GTOPT000452889	ENST00000394419.9	0.82607	ok	READY	0	377	GTOPT000452889	ENST00000394419	ok	READY	TRUE	TRUE	TRUE	Domain loss	Length change 10-20%	Length changed	FALSE	No evident structure change
GTOPT000453937	ENST00000334696.11	0.54042	ok	READY	0	378	GTOPT000453937	ENST00000334696	ok	READY	TRUE	TRUE	TRUE	Domain gain	Length change 20-50%	Length changed	FALSE	No evident structure change
GTOPT000455115	ENST00000261531.12	0.55025	ok	READY	0	379	GTOPT000455115	ENST00000261531	ok	READY	TRUE	TRUE	TRUE	No domain change	Length change 20-50%	Length changed	FALSE	No evident structure change
GTOPT000455358	ENST00000614646.5	0.6503	ok	READY	0	380	GTOPT000455358	ENST00000614646	ok	READY	TRUE	TRUE	TRUE	Domain loss	Length change 0-10%	Length changed	FALSE	No evident structure change
GTOPT000456321	ENST00000554943.6	0.1097	ok	READY	0	381	GTOPT000456321	ENST00000554943	ok	READY	TRUE	TRUE	TRUE	Domain loss	Length change >50%	Length changed	TRUE	Structure changed
GTOPT000457315	ENST00000238609.4	0.25238	ok	READY	0	382	GTOPT000457315	ENST00000238609	ok	READY	TRUE	TRUE	TRUE	No domain change	Length change 10-20%	Length changed	TRUE	Structure changed
GTOPT000470081	ENST00000299084.9	0.23553	ok	READY	0	384	GTOPT000470081	ENST00000299084	ok	READY	TRUE	TRUE	TRUE	Domain loss	Length change >50%	Length changed	TRUE	Structure changed
GTOPT000472228	ENST00000318010.13	0.39594	ok	READY	0	385	GTOPT000472228	ENST00000318010	ok	READY	TRUE	TRUE	TRUE	Domain loss	Length change >50%	Length changed	TRUE	Structure changed
GTOPT000475560	ENST00000307179.9	0.35842	ok	READY	0	386	GTOPT000475560	ENST00000307179	ok	READY	TRUE	TRUE	TRUE	No domain change	Length change 10-20%	Length changed	TRUE	Structure changed
GTOPT000475841	ENST00000308580.12	0.62255	ok	READY	0	387	GTOPT000475841	ENST00000308580	ok	READY	TRUE	TRUE	TRUE	No domain change	Length change 10-20%	Length changed	FALSE	No evident structure change
GTOPT000476946	ENST00000267853.10	0.20777	ok	READY	0	388	GTOPT000476946	ENST00000267853	ok	READY	TRUE	TRUE	TRUE	No domain change	Length change >50%	Length changed	TRUE	Structure changed
GTOPT000477719	ENST00000636159.2	0.06085	ok	READY	0	389	GTOPT000477719	ENST00000636159	ok	READY	TRUE	TRUE	TRUE	Complex domain change	Length change >50%	Length changed	TRUE	Structure changed
GTOPT000477723	ENST00000636159.2	0.06085	ok	READY	0	390	GTOPT000477723	ENST00000636159	ok	READY	TRUE	TRUE	TRUE	Complex domain change	Length change >50%	Length changed	TRUE	Structure changed
GTOPT000477727	ENST00000636159.2	0.14894	ok	READY	0	391	GTOPT000477727	ENST00000636159	ok	READY	TRUE	TRUE	TRUE	Complex domain change	Length change >50%	Length changed	TRUE	Structure changed
GTOPT000477760	ENST00000636159.2	0.06085	ok	READY	0	392	GTOPT000477760	ENST00000636159	ok	READY	TRUE	TRUE	TRUE	Complex domain change	Length change >50%	Length changed	TRUE	Structure changed
GTOPT000477773	ENST00000636159.2	0.14894	ok	READY	0	393	GTOPT000477773	ENST00000636159	ok	READY	TRUE	TRUE	TRUE	Complex domain change	Length change >50%	Length changed	TRUE	Structure changed
GTOPT000477851	ENST00000636159.2	0.04089	ok	READY	0	394	GTOPT000477851	ENST00000636159	ok	READY	TRUE	TRUE	TRUE	Domain loss	Length change >50%	Length changed	TRUE	Structure changed
GTOPT000478288	ENST00000403994.9	0.83768	ok	READY	0	395	GTOPT000478288	ENST00000403994	ok	READY	TRUE	TRUE	TRUE	Domain loss	Length change 10-20%	Length changed	FALSE	No evident structure change
GTOPT000480454	ENST00000261858.7	0.29746	ok	READY	0	396	GTOPT000480454	ENST00000261858	ok	READY	TRUE	TRUE	TRUE	Domain loss	Length change >50%	Length changed	TRUE	Structure changed
GTOPT000481389	ENST00000318443.10	0.46164	ok	READY	0	397	GTOPT000481389	ENST00000318443	ok	READY	TRUE	TRUE	TRUE	Domain loss	Length change 10-20%	Length changed	TRUE	Structure changed
GTOPT000484758	ENST00000683961.1	0.05852	ok	READY	0	398	GTOPT000484758	ENST00000683961	ok	READY	TRUE	TRUE	TRUE	Domain loss	Length change >50%	Length changed	TRUE	Structure changed
GTOPT000485961	ENST00000394553.6	0.52858	ok	READY	0	399	GTOPT000485961	ENST00000394553	ok	READY	TRUE	TRUE	TRUE	No domain change	Length change 0-10%	Length changed	FALSE	No evident structure change
GTOPT000486371	ENST00000394518.7	0.04308	ok	READY	0	402	GTOPT000486371	ENST00000394518	ok	READY	TRUE	TRUE	TRUE	Domain loss	Length change >50%	Length changed	TRUE	Structure changed
GTOPT000486470	ENST00000394518.7	0.1674	ok	READY	0	403	GTOPT000486470	ENST00000394518	ok	READY	TRUE	TRUE	TRUE	Domain loss	Length change >50%	Length changed	TRUE	Structure changed
GTOPT000486659	ENST00000394518.7	0.15841	ok	READY	0	404	GTOPT000486659	ENST00000394518	ok	READY	TRUE	TRUE	TRUE	Domain loss	Length change >50%	Length changed	TRUE	Structure changed
GTOPT000486667	ENST00000394518.7	0.12423	ok	READY	0	405	GTOPT000486667	ENST00000394518	ok	READY	TRUE	TRUE	TRUE	Domain loss	Length change >50%	Length changed	TRUE	Structure changed
GTOPT000486752	ENST00000394518.7	0.07002	ok	READY	0	406	GTOPT000486752	ENST00000394518	ok	READY	TRUE	TRUE	TRUE	Domain loss	Length change >50%	Length changed	TRUE	Structure changed
GTOPT000491179	ENST00000557942.6	0.23436	ok	READY	0	407	GTOPT000491179	ENST00000557942	ok	READY	TRUE	TRUE	TRUE	No domain change	Length change 20-50%	Length changed	TRUE	Structure changed
GTOPT000494862	ENST00000290378.6	0.63853	ok	READY	0	408	GTOPT000494862	ENST00000290378	ok	READY	TRUE	TRUE	TRUE	No domain change	Length change 20-50%	Length changed	FALSE	No evident structure change
GTOPT000495439	ENST00000561208.6	0.33298	ok	READY	0	409	GTOPT000495439	ENST00000561208	ok	READY	TRUE	TRUE	TRUE	Domain loss	Length change 20-50%	Length changed	TRUE	Structure changed
GTOPT000498008	ENST00000319359.8	0.40083	ok	READY	0	410	GTOPT000498008	ENST00000319359	ok	READY	TRUE	TRUE	TRUE	No domain change	Length change 0-10%	Length changed	TRUE	Structure changed
GTOPT000501722	ENST00000435532.8	0.2247	ok	READY	0	411	GTOPT000501722	ENST00000435532	ok	READY	TRUE	TRUE	TRUE	Domain loss	Length change 20-50%	Length changed	TRUE	Structure changed
GTOPT000505456	ENST00000220062.9	0.51364	ok	READY	0	412	GTOPT000505456	ENST00000220062	ok	READY	TRUE	TRUE	TRUE	No domain change	Length change 20-50%	Length changed	FALSE	No evident structure change
GTOPT000506443	ENST00000261880.10	0.80916	ok	READY	0	414	GTOPT000506443	ENST00000261880	ok	READY	TRUE	TRUE	TRUE	No domain change	Length change 0-10%	Length changed	FALSE	No evident structure change
GTOPT000506596	ENST00000249806.11	0.84696	ok	READY	0	415	GTOPT000506596	ENST00000249806	ok	READY	TRUE	TRUE	TRUE	No domain change	Length change 0-10%	Length changed	FALSE	No evident structure change
GTOPT000507338	ENST00000299213.10	0.24921	ok	READY	0	416	GTOPT000507338	ENST00000299213	ok	READY	TRUE	TRUE	TRUE	No domain change	Length change 0-10%	Length changed	TRUE	Structure changed
GTOPT000508497	ENST00000456471.3	0.32562	ok	READY	0	417	GTOPT000508497	ENST00000456471	ok	READY	TRUE	TRUE	TRUE	No domain change	Length change >50%	Length changed	TRUE	Structure changed
GTOPT000510120	ENST00000308508.5	0.11186	ok	READY	0	418	GTOPT000510120	ENST00000308508	ok	READY	TRUE	TRUE	TRUE	Domain loss	Length change >50%	Length changed	TRUE	Structure changed
GTOPT000511498	ENST00000220166.10	0.88628	ok	READY	0	419	GTOPT000511498	ENST00000220166	ok	READY	TRUE	TRUE	TRUE	No domain change	Length change 10-20%	Length changed	FALSE	No evident structure change
GTOPT000511544	ENST00000220166.10	0.98686	ok	READY	0	420	GTOPT000511544	ENST00000220166	ok	READY	TRUE	TRUE	TRUE	No domain change	Length change 10-20%	Length changed	FALSE	No evident structure change
GTOPT000514256	ENST00000268150.13	0.63466	ok	READY	0	421	GTOPT000514256	ENST00000268150	ok	READY	TRUE	TRUE	TRUE	Domain loss	Length change 20-50%	Length changed	FALSE	No evident structure change
GTOPT000514721	ENST00000300055.10	0.38899	ok	READY	0	422	GTOPT000514721	ENST00000300055	ok	READY	TRUE	TRUE	TRUE	Domain gain	Length change 0-10%	Length changed	TRUE	Structure changed
GTOPT000514748	ENST00000300055.10	0.5407	ok	READY	0	423	GTOPT000514748	ENST00000300055	ok	READY	TRUE	TRUE	TRUE	No domain change	Length change 0-10%	Length changed	FALSE	No evident structure change
GTOPT000515324	ENST00000330062.8	0.91496	ok	READY	0	424	GTOPT000515324	ENST00000330062	ok	READY	TRUE	TRUE	TRUE	No domain change	Length change 0-10%	Length changed	FALSE	No evident structure change
GTOPT000515334	ENST00000330062.8	0.88565	ok	READY	0	425	GTOPT000515334	ENST00000330062	ok	READY	TRUE	TRUE	TRUE	No domain change	Length change 0-10%	Length changed	FALSE	No evident structure change
GTOPT000515691	ENST00000333371.8	0.98712	ok	READY	0	426	GTOPT000515691	ENST00000333371	ok	READY	TRUE	TRUE	TRUE	No domain change	Length change 0-10%	Length changed	FALSE	No evident structure change
GTOPT000518348	ENST00000199708.3	0.99036	ok	READY	0	427	GTOPT000518348	ENST00000199708	ok	READY	TRUE	TRUE	TRUE	No domain change	Length change 10-20%	Length changed	FALSE	No evident structure change
GTOPT000520166	ENST00000338844.8	0.79773	ok	READY	0	428	GTOPT000520166	ENST00000338844	ok	READY	TRUE	TRUE	TRUE	No domain change	Length change 10-20%	Length changed	FALSE	No evident structure change
GTOPT000524784	ENST00000381920.8	0.62023	ok	READY	0	429	GTOPT000524784	ENST00000381920	ok	READY	TRUE	TRUE	TRUE	No domain change	Length change 10-20%	Length changed	FALSE	No evident structure change
GTOPT000527669	ENST00000417362.7	0.44573	ok	READY	0	430	GTOPT000527669	ENST00000417362	ok	READY	TRUE	TRUE	TRUE	Domain loss	Length change >50%	Length changed	TRUE	Structure changed
GTOPT000530803	ENST00000317058.8	0.84496	ok	READY	0	431	GTOPT000530803	ENST00000317058	ok	READY	TRUE	TRUE	TRUE	No domain change	Length change 10-20%	Length changed	FALSE	No evident structure change
GTOPT000531099	ENST00000684370.1	0.29836	ok	READY	0	432	GTOPT000531099	ENST00000684370	ok	READY	TRUE	TRUE	TRUE	No domain change	Length change 10-20%	Length changed	TRUE	Structure changed
GTOPT000532747	ENST00000308893.9	0.3328	ok	READY	0	433	GTOPT000532747	ENST00000308893	ok	READY	TRUE	TRUE	TRUE	No domain change	Length change 10-20%	Length changed	TRUE	Structure changed
GTOPT000532753	ENST00000308893.9	0.37195	ok	READY	0	434	GTOPT000532753	ENST00000308893	ok	READY	TRUE	TRUE	TRUE	No domain change	Length change 20-50%	Length changed	TRUE	Structure changed
GTOPT000533367	ENST00000642816.3	0.69629	ok	READY	0	435	GTOPT000533367	ENST00000642816	ok	READY	TRUE	TRUE	TRUE	Domain gain	Length change 20-50%	Length changed	FALSE	No evident structure change
GTOPT000535360	ENST00000268296.9	0.15324	ok	READY	0	436	GTOPT000535360	ENST00000268296	ok	READY	TRUE	TRUE	TRUE	Domain loss	Length change >50%	Length changed	TRUE	Structure changed
GTOPT000536953	ENST00000561678.7	0.73741	ok	READY	0	437	GTOPT000536953	ENST00000561678	ok	READY	TRUE	TRUE	TRUE	No domain change	Length change 0-10%	Length changed	FALSE	No evident structure change
GTOPT000538185	ENST00000471389.6	0.20768	ok	READY	0	438	GTOPT000538185	ENST00000471389	ok	READY	TRUE	TRUE	TRUE	Domain loss	Length change >50%	Length changed	TRUE	Structure changed
GTOPT000539212	ENST00000439977.7	0.33073	ok	READY	0	439	GTOPT000539212	ENST00000439977	ok	READY	TRUE	TRUE	TRUE	No domain change	Length change 0-10%	Length changed	TRUE	Structure changed
GTOPT000539290	ENST00000200676.8	0.47806	ok	READY	0	440	GTOPT000539290	ENST00000200676	ok	READY	TRUE	TRUE	TRUE	Domain loss	Length change 20-50%	Length changed	TRUE	Structure changed
GTOPT000539535	ENST00000290776.13	0.21137	ok	READY	0	441	GTOPT000539535	ENST00000290776	ok	READY	TRUE	TRUE	TRUE	Domain loss	Length change >50%	Length changed	TRUE	Structure changed
GTOPT000541397	ENST00000317091.10	0.76859	ok	READY	0	442	GTOPT000541397	ENST00000317091	ok	READY	TRUE	TRUE	TRUE	Domain gain	Length change 20-50%	Length changed	FALSE	No evident structure change
GTOPT000541793	ENST00000521374.6	0.52169	ok	READY	0	443	GTOPT000541793	ENST00000521374	ok	READY	TRUE	TRUE	TRUE	No domain change	Length change 0-10%	Length changed	FALSE	No evident structure change
GTOPT000542264	ENST00000326152.6	0.69218	ok	READY	0	444	GTOPT000542264	ENST00000326152	ok	READY	TRUE	TRUE	TRUE	No domain change	Length change 20-50%	Length changed	FALSE	No evident structure change
GTOPT000544357	ENST00000288050.9	0.20971	ok	READY	0	445	GTOPT000544357	ENST00000288050	ok	READY	TRUE	TRUE	TRUE	Domain loss	Length change >50%	Length changed	TRUE	Structure changed
GTOPT000545938	ENST00000355906.10	0.78554	ok	READY	0	446	GTOPT000545938	ENST00000355906	ok	READY	TRUE	TRUE	TRUE	No domain change	Length change 0-10%	Length changed	FALSE	No evident structure change
GTOPT000545940	ENST00000355906.10	0.79857	ok	READY	0	447	GTOPT000545940	ENST00000355906	ok	READY	TRUE	TRUE	TRUE	No domain change	Length change 0-10%	Length changed	FALSE	No evident structure change
GTOPT000545973	ENST00000355906.10	0.77611	ok	READY	0	448	GTOPT000545973	ENST00000355906	ok	READY	TRUE	TRUE	TRUE	No domain change	Length change 10-20%	Length changed	FALSE	No evident structure change
GTOPT000546997	ENST00000248248.8	0.98609	ok	READY	0	449	GTOPT000546997	ENST00000248248	ok	READY	TRUE	TRUE	TRUE	No domain change	Length change 0-10%	Length changed	FALSE	No evident structure change
GTOPT000547844	ENST00000564138.6	0.38807	ok	READY	0	450	GTOPT000547844	ENST00000564138	ok	READY	TRUE	TRUE	TRUE	Domain loss	Length change >50%	Length changed	TRUE	Structure changed
GTOPT000548136	ENST00000567109.6	0.3446	ok	READY	0	451	GTOPT000548136	ENST00000567109	ok	READY	TRUE	TRUE	TRUE	Domain loss	Length change >50%	Length changed	TRUE	Structure changed
GTOPT000548316	ENST00000262430.6	0.63265	ok	READY	0	452	GTOPT000548316	ENST00000262430	ok	READY	TRUE	TRUE	TRUE	No domain change	Length change 20-50%	Length changed	FALSE	No evident structure change
GTOPT000552000	ENST00000611875.5	0.319	ok	READY	0	453	GTOPT000552000	ENST00000611875	ok	READY	TRUE	TRUE	TRUE	No domain change	Length change >50%	Length changed	TRUE	Structure changed
GTOPT000552859	ENST00000609261.6	0.64751	ok	READY	0	454	GTOPT000552859	ENST00000609261	ok	READY	TRUE	TRUE	TRUE	Domain loss	Length change 20-50%	Length changed	FALSE	No evident structure change
GTOPT000553357	ENST00000606293.5	0.43996	ok	READY	0	455	GTOPT000553357	ENST00000606293	ok	READY	TRUE	TRUE	TRUE	No domain change	Length change >50%	Length changed	TRUE	Structure changed
GTOPT000553387	ENST00000606293.5	0.79679	ok	READY	0	456	GTOPT000553387	ENST00000606293	ok	READY	TRUE	TRUE	TRUE	No domain change	Length change 10-20%	Length changed	FALSE	No evident structure change
GTOPT000553954	ENST00000397356.8	0.77953	ok	READY	0	457	GTOPT000553954	ENST00000397356	ok	READY	TRUE	TRUE	TRUE	No domain change	Length change 10-20%	Length changed	FALSE	No evident structure change
GTOPT000565085	ENST00000289968.11	0.55018	ok	READY	0	461	GTOPT000565085	ENST00000289968	ok	READY	TRUE	TRUE	TRUE	No domain change	Length change 10-20%	Length changed	FALSE	No evident structure change
GTOPT000566131	ENST00000314752.12	0.98876	ok	READY	0	462	GTOPT000566131	ENST00000314752	ok	READY	TRUE	TRUE	TRUE	No domain change	Length change 0-10%	Length changed	FALSE	No evident structure change
GTOPT000567159	ENST00000279392.8	0.21117	ok	READY	0	463	GTOPT000567159	ENST00000279392	ok	READY	TRUE	TRUE	TRUE	Domain loss	Length change 0-10%	Length changed	TRUE	Structure changed
GTOPT000567317	ENST00000406256.8	0.82327	ok	READY	0	464	GTOPT000567317	ENST00000406256	ok	READY	TRUE	TRUE	TRUE	No domain change	Length change 10-20%	Length changed	FALSE	No evident structure change
GTOPT000567331	ENST00000263025.9	0.69637	ok	READY	0	465	GTOPT000567331	ENST00000263025	ok	READY	TRUE	TRUE	TRUE	No domain change	Length change 20-50%	Length changed	FALSE	No evident structure change
GTOPT000567835	ENST00000478753.5	0.73132	ok	READY	0	466	GTOPT000567835	ENST00000478753	ok	READY	TRUE	TRUE	TRUE	No domain change	Length change 20-50%	Length changed	FALSE	No evident structure change
GTOPT000569043	ENST00000299138.12	0.32015	ok	READY	0	467	GTOPT000569043	ENST00000299138	ok	READY	TRUE	TRUE	TRUE	No domain change	Length change >50%	Length changed	TRUE	Structure changed
GTOPT000569314	ENST00000394809.9	0.26374	ok	READY	0	468	GTOPT000569314	ENST00000394809	ok	READY	TRUE	TRUE	TRUE	No domain change	Length change 10-20%	Length changed	TRUE	Structure changed
GTOPT000569467	ENST00000320640.11	0.51157	ok	READY	0	469	GTOPT000569467	ENST00000320640	ok	READY	TRUE	TRUE	TRUE	Domain loss	Length change 20-50%	Length changed	FALSE	No evident structure change
GTOPT000571678	ENST00000219207.10	0.53041	ok	READY	0	470	GTOPT000571678	ENST00000219207	ok	READY	TRUE	TRUE	TRUE	No domain change	Length change 10-20%	Length changed	FALSE	No evident structure change
GTOPT000573643	ENST00000258201.9	0.7339	ok	READY	0	472	GTOPT000573643	ENST00000258201	ok	READY	TRUE	TRUE	TRUE	No domain change	Length change 0-10%	Length changed	FALSE	No evident structure change
GTOPT000576276	ENST00000299980.9	0.65572	ok	READY	0	473	GTOPT000576276	ENST00000299980	ok	READY	TRUE	TRUE	TRUE	Domain loss	Length change 20-50%	Length changed	FALSE	No evident structure change
GTOPT000578157	ENST00000302445.8	0.94339	ok	READY	0	474	GTOPT000578157	ENST00000302445	ok	READY	TRUE	TRUE	TRUE	No domain change	Length change 0-10%	Length changed	FALSE	No evident structure change
GTOPT000578171	ENST00000302445.8	0.95999	ok	READY	0	475	GTOPT000578171	ENST00000302445	ok	READY	TRUE	TRUE	TRUE	No domain change	Length change 0-10%	Length changed	FALSE	No evident structure change
GTOPT000578204	ENST00000302445.8	0.44834	ok	READY	0	476	GTOPT000578204	ENST00000302445	ok	READY	TRUE	TRUE	TRUE	No domain change	Length change 20-50%	Length changed	TRUE	Structure changed
GTOPT000578737	ENST00000315467.9	0.75075	ok	READY	0	477	GTOPT000578737	ENST00000315467	ok	READY	TRUE	TRUE	TRUE	No domain change	Length change 0-10%	Length changed	FALSE	No evident structure change
GTOPT000579390	ENST00000343629.11	0.27942	ok	READY	0	478	GTOPT000579390	ENST00000343629	ok	READY	TRUE	TRUE	TRUE	Domain loss	Length change >50%	Length changed	TRUE	Structure changed
GTOPT000580373	ENST00000261623.8	0.39362	ok	READY	0	479	GTOPT000580373	ENST00000261623	ok	READY	TRUE	TRUE	TRUE	No domain change	Length change 20-50%	Length changed	TRUE	Structure changed
GTOPT000580690	ENST00000268695.10	0.64348	ok	READY	0	480	GTOPT000580690	ENST00000268695	ok	READY	TRUE	TRUE	TRUE	No domain change	Length change 20-50%	Length changed	FALSE	No evident structure change
GTOPT000583688	ENST00000355280.11	0.53826	ok	READY	0	481	GTOPT000583688	ENST00000355280	ok	READY	TRUE	TRUE	TRUE	No domain change	Length change 0-10%	Length changed	FALSE	No evident structure change
GTOPT000584062	ENST00000519602.6	0.78499	ok	READY	0	482	GTOPT000584062	ENST00000519602	ok	READY	TRUE	TRUE	TRUE	No domain change	Length change 20-50%	Length changed	FALSE	No evident structure change
GTOPT000586785	ENST00000293831.13	0.6966	ok	READY	0	483	GTOPT000586785	ENST00000293831	ok	READY	TRUE	TRUE	TRUE	No domain change	Length change 20-50%	Length changed	FALSE	No evident structure change
GTOPT000587692	ENST00000380183.9	0.34466	ok	READY	0	484	GTOPT000587692	ENST00000380183	ok	READY	TRUE	TRUE	TRUE	Domain loss	Length change >50%	Length changed	TRUE	Structure changed
GTOPT000588573	ENST00000353533.10	0.57588	ok	READY	0	485	GTOPT000588573	ENST00000353533	ok	READY	TRUE	TRUE	TRUE	No domain change	Length change 20-50%	Length changed	FALSE	No evident structure change
GTOPT000589733	ENST00000651222.2	0.11659	ok	READY	0	486	GTOPT000589733	ENST00000651222	ok	READY	TRUE	TRUE	TRUE	Domain loss	Length change >50%	Length changed	TRUE	Structure changed
GTOPT000590262	ENST00000399138.5	0.61162	ok	READY	0	487	GTOPT000590262	ENST00000399138	ok	READY	TRUE	TRUE	TRUE	Domain loss	Length change 0-10%	Length changed	FALSE	No evident structure change
GTOPT000590804	ENST00000314728.10	0.35455	ok	READY	0	488	GTOPT000590804	ENST00000314728	ok	READY	TRUE	TRUE	TRUE	No domain change	Length change 20-50%	Length changed	TRUE	Structure changed
GTOPT000592306	ENST00000644974.2	0.26051	ok	READY	0	489	GTOPT000592306	ENST00000644974	ok	READY	TRUE	TRUE	TRUE	Domain loss	Length change >50%	Length changed	TRUE	Structure changed
GTOPT000592674	ENST00000585482.6	0.23731	ok	READY	0	490	GTOPT000592674	ENST00000585482	ok	READY	TRUE	TRUE	TRUE	Domain loss	Length change >50%	Length changed	TRUE	Structure changed
GTOPT000592685	ENST00000585482.6	0.25427	ok	READY	0	491	GTOPT000592685	ENST00000585482	ok	READY	TRUE	TRUE	TRUE	Domain loss	Length change >50%	Length changed	TRUE	Structure changed
GTOPT000595538	ENST00000261712.8	0.51958	ok	READY	0	492	GTOPT000595538	ENST00000261712	ok	READY	TRUE	TRUE	TRUE	No domain change	Length change 10-20%	Length changed	FALSE	No evident structure change
GTOPT000602462	ENST00000321854.13	0.5524	ok	READY	0	493	GTOPT000602462	ENST00000321854	ok	READY	TRUE	TRUE	TRUE	No domain change	Length change 10-20%	Length changed	FALSE	No evident structure change
GTOPT000602889	ENST00000262410.10	0.2495	ok	READY	0	494	GTOPT000602889	ENST00000262410	ok	READY	TRUE	TRUE	TRUE	No domain change	Length change 0-10%	Length changed	TRUE	Structure changed
GTOPT000603614	ENST00000559488.7	0.15011	ok	READY	0	495	GTOPT000603614	ENST00000559488	ok	READY	TRUE	TRUE	TRUE	Domain loss	Length change >50%	Length changed	TRUE	Structure changed
GTOPT000607892	ENST00000284061.8	0.89381	ok	READY	0	496	GTOPT000607892	ENST00000284061	ok	READY	TRUE	TRUE	TRUE	No domain change	Length change 0-10%	Length changed	FALSE	No evident structure change
GTOPT000609514	ENST00000300900.9	0.87992	ok	READY	0	497	GTOPT000609514	ENST00000300900	ok	READY	TRUE	TRUE	TRUE	No domain change	Length change 0-10%	Length changed	FALSE	No evident structure change
GTOPT000612785	ENST00000590474.7	0.89068	ok	READY	0	498	GTOPT000612785	ENST00000590474	ok	READY	TRUE	TRUE	TRUE	No domain change	Length change 0-10%	Length changed	FALSE	No evident structure change
GTOPT000613168	ENST00000299886.9	0.8047	ok	READY	0	499	GTOPT000613168	ENST00000299886	ok	READY	TRUE	TRUE	TRUE	Domain loss	Length change 10-20%	Length changed	FALSE	No evident structure change
GTOPT000613557	ENST00000360141.8	0.59262	ok	READY	0	500	GTOPT000613557	ENST00000360141	ok	READY	TRUE	TRUE	TRUE	No domain change	Length change 0-10%	Length changed	FALSE	No evident structure change
GTOPT000614450	ENST00000392550.8	0.28052	ok	READY	0	501	GTOPT000614450	ENST00000392550	ok	READY	TRUE	TRUE	TRUE	Domain loss	Length change >50%	Length changed	TRUE	Structure changed
GTOPT000614960	ENST00000200181.8	0.09675	ok	READY	0	502	GTOPT000614960	ENST00000200181	ok	READY	TRUE	TRUE	TRUE	Domain loss	Length change >50%	Length changed	TRUE	Structure changed
GTOPT000616197	ENST00000427177.6	0.53248	ok	READY	0	503	GTOPT000616197	ENST00000427177	ok	READY	TRUE	TRUE	TRUE	No domain change	Length change 20-50%	Length changed	FALSE	No evident structure change
GTOPT000618186	ENST00000306801.8	0.16936	ok	READY	0	505	GTOPT000618186	ENST00000306801	ok	READY	TRUE	TRUE	TRUE	Domain loss	Length change >50%	Length changed	TRUE	Structure changed
GTOPT000621286	ENST00000302538.10	0.17179	ok	READY	0	506	GTOPT000621286	ENST00000302538	ok	READY	TRUE	TRUE	TRUE	Domain loss	Length change >50%	Length changed	TRUE	Structure changed
GTOPT000626461	ENST00000360325.11	0.75738	ok	READY	0	507	GTOPT000626461	ENST00000360325	ok	READY	TRUE	TRUE	TRUE	No domain change	Length change 0-10%	Length changed	FALSE	No evident structure change
GTOPT000635958	ENST00000318217.10	0.28378	ok	READY	0	509	GTOPT000635958	ENST00000318217	ok	READY	TRUE	TRUE	TRUE	Domain loss	Length change >50%	Length changed	TRUE	Structure changed
GTOPT000636018	ENST00000318217.10	0.30683	ok	READY	0	510	GTOPT000636018	ENST00000318217	ok	READY	TRUE	TRUE	TRUE	Domain loss	Length change >50%	Length changed	TRUE	Structure changed
GTOPT000636597	ENST00000225873.9	0.35376	ok	READY	0	511	GTOPT000636597	ENST00000225873	ok	READY	TRUE	TRUE	TRUE	No domain change	Length change 20-50%	Length changed	TRUE	Structure changed
GTOPT000637321	ENST00000612223.5	0.15524	ok	READY	0	513	GTOPT000637321	ENST00000612223	ok	READY	TRUE	TRUE	TRUE	Complex domain change	Length change 20-50%	Length changed	TRUE	Structure changed
GTOPT000639471	ENST00000269576.6	0.61032	ok	READY	0	514	GTOPT000639471	ENST00000269576	ok	READY	TRUE	TRUE	TRUE	No domain change	Length change 0-10%	Length changed	FALSE	No evident structure change
GTOPT000639959	ENST00000167588.4	0.46627999999999997	ok	READY	0	515	GTOPT000639959	ENST00000167588	ok	READY	TRUE	TRUE	TRUE	No domain change	Length change 20-50%	Length changed	TRUE	Structure changed
GTOPT000639977	ENST00000167588.4	0.57099	ok	READY	0	516	GTOPT000639977	ENST00000167588	ok	READY	TRUE	TRUE	TRUE	No domain change	Length change 0-10%	Length changed	FALSE	No evident structure change
GTOPT000639978	ENST00000167588.4	0.6299	ok	READY	0	517	GTOPT000639978	ENST00000167588	ok	READY	TRUE	TRUE	TRUE	No domain change	Length change 10-20%	Length changed	FALSE	No evident structure change
GTOPT000640580	ENST00000254043.8	0.41979	ok	READY	0	518	GTOPT000640580	ENST00000254043	ok	READY	TRUE	TRUE	TRUE	No domain change	Length change 20-50%	Length changed	TRUE	Structure changed
GTOPT000640998	ENST00000311208.13	0.28506	ok	READY	0	519	GTOPT000640998	ENST00000311208	ok	READY	TRUE	TRUE	TRUE	No domain change	Length change >50%	Length changed	TRUE	Structure changed
GTOPT000642664	ENST00000357037.6	0.37853	ok	READY	0	520	GTOPT000642664	ENST00000357037	ok	READY	TRUE	TRUE	TRUE	No domain change	Length change 20-50%	Length changed	TRUE	Structure changed
GTOPT000648753	ENST00000612501.2	0.21822	ok	READY	0	521	GTOPT000648753	ENST00000612501	ok	READY	TRUE	TRUE	TRUE	Domain loss	Length change >50%	Length changed	TRUE	Structure changed
GTOPT000649075	ENST00000225969.9	0.79066	ok	READY	0	522	GTOPT000649075	ENST00000225969	ok	READY	TRUE	TRUE	TRUE	No domain change	Length change 0-10%	Length changed	FALSE	No evident structure change
GTOPT000649350	ENST00000262013.12	0.06533	ok	READY	0	523	GTOPT000649350	ENST00000262013	ok	READY	TRUE	TRUE	TRUE	Domain loss	Length change >50%	Length changed	TRUE	Structure changed
GTOPT000649426	ENST00000262013.12	0.17847	ok	READY	0	524	GTOPT000649426	ENST00000262013	ok	READY	TRUE	TRUE	TRUE	Domain loss	Length change 20-50%	Length changed	TRUE	Structure changed
GTOPT000649436	ENST00000262013.12	0.07156	ok	READY	0	525	GTOPT000649436	ENST00000262013	ok	READY	TRUE	TRUE	TRUE	Domain loss	Length change >50%	Length changed	TRUE	Structure changed
GTOPT000649514	ENST00000262013.12	0.09985	ok	READY	0	526	GTOPT000649514	ENST00000262013	ok	READY	TRUE	TRUE	TRUE	Domain loss	Length change >50%	Length changed	TRUE	Structure changed
GTOPT000651913	ENST00000360793.8	0.74068	ok	READY	0	527	GTOPT000651913	ENST00000360793	ok	READY	TRUE	TRUE	TRUE	No domain change	Length change 10-20%	Length changed	FALSE	No evident structure change
GTOPT000655018	ENST00000586539.6	0.09487	ok	READY	0	528	GTOPT000655018	ENST00000586539	ok	READY	TRUE	TRUE	TRUE	Domain loss	Length change >50%	Length changed	TRUE	Structure changed
GTOPT000657997	ENST00000207549.9	0.26445	ok	READY	0	529	GTOPT000657997	ENST00000207549	ok	READY	TRUE	TRUE	TRUE	Domain loss	Length change >50%	Length changed	TRUE	Structure changed
GTOPT000658675	ENST00000293217.10	0.47438	ok	READY	0	530	GTOPT000658675	ENST00000293217	ok	READY	TRUE	TRUE	TRUE	Domain loss	Length change >50%	Length changed	TRUE	Structure changed
GTOPT000661959	ENST00000374741.4	0.52014	ok	READY	0	531	GTOPT000661959	ENST00000374741	ok	READY	TRUE	TRUE	TRUE	No domain change	Length change 0-10%	Length changed	FALSE	No evident structure change
GTOPT000662457	ENST00000269321.12	0.93548	ok	READY	0	532	GTOPT000662457	ENST00000269321	ok	READY	TRUE	TRUE	TRUE	No domain change	Length change 0-10%	Length changed	FALSE	No evident structure change
GTOPT000663301	ENST00000306796.10	0.83532	ok	READY	0	533	GTOPT000663301	ENST00000306796	ok	READY	TRUE	TRUE	TRUE	No domain change	Length change 10-20%	Length changed	FALSE	No evident structure change
GTOPT000663939	ENST00000312648.8	0.2031	ok	READY	0	534	GTOPT000663939	ENST00000312648	ok	READY	TRUE	TRUE	TRUE	Domain loss	Length change 20-50%	Length changed	TRUE	Structure changed
GTOPT000664075	ENST00000306645.10	0.78456	ok	READY	0	535	GTOPT000664075	ENST00000306645	ok	READY	TRUE	TRUE	TRUE	No domain change	Length change 20-50%	Length changed	FALSE	No evident structure change
GTOPT000666441	ENST00000649141.2	0.52816	ok	READY	0	537	GTOPT000666441	ENST00000649141	ok	READY	TRUE	TRUE	TRUE	No domain change	Length change 20-50%	Length changed	FALSE	No evident structure change
GTOPT000667397	ENST00000400000.7	0.2718	ok	READY	0	538	GTOPT000667397	ENST00000400000	ok	READY	TRUE	TRUE	TRUE	Domain loss	Length change 20-50%	Length changed	TRUE	Structure changed
GTOPT000668012	ENST00000269159.8	0.9622	ok	READY	0	539	GTOPT000668012	ENST00000269159	ok	READY	TRUE	TRUE	TRUE	No domain change	Length change 0-10%	Length changed	FALSE	No evident structure change
GTOPT000668807	ENST00000383314.7	0.53069	ok	READY	0	540	GTOPT000668807	ENST00000383314	ok	READY	TRUE	TRUE	TRUE	No domain change	Length change 20-50%	Length changed	FALSE	No evident structure change
GTOPT000669973	ENST00000284202.9	0.89057	ok	READY	0	541	GTOPT000669973	ENST00000284202	ok	READY	TRUE	TRUE	TRUE	No domain change	Length change 0-10%	Length changed	FALSE	No evident structure change
GTOPT000670972	ENST00000444659.6	0.42617	ok	READY	0	542	GTOPT000670972	ENST00000444659	ok	READY	TRUE	TRUE	TRUE	No domain change	Length change 0-10%	Length changed	TRUE	Structure changed
GTOPT000670997	ENST00000444659.6	0.42034	ok	READY	0	543	GTOPT000670997	ENST00000444659	ok	READY	TRUE	TRUE	TRUE	No domain change	Length change 20-50%	Length changed	TRUE	Structure changed
GTOPT000671188	ENST00000444659.6	0.18503	ok	READY	0	544	GTOPT000671188	ENST00000444659	ok	READY	TRUE	TRUE	TRUE	Domain loss	Length change >50%	Length changed	TRUE	Structure changed
GTOPT000675787	ENST00000358821.8	0.97761	ok	READY	0	546	GTOPT000675787	ENST00000358821	ok	READY	TRUE	TRUE	TRUE	No domain change	Length change 0-10%	Length changed	FALSE	No evident structure change
GTOPT000676735	ENST00000261600.11	0.24983	ok	READY	0	547	GTOPT000676735	ENST00000261600	ok	READY	TRUE	TRUE	TRUE	No domain change	Length change 20-50%	Length changed	TRUE	Structure changed
GTOPT000677884	ENST00000315677.8	0.24461	ok	READY	0	549	GTOPT000677884	ENST00000315677	ok	READY	TRUE	TRUE	TRUE	No domain change	Length change 20-50%	Length changed	TRUE	Structure changed
GTOPT000678021	ENST00000341928.7	0.37946	ok	READY	0	550	GTOPT000678021	ENST00000341928	ok	READY	TRUE	TRUE	TRUE	No domain change	Length change 20-50%	Length changed	TRUE	Structure changed
GTOPT000678040	ENST00000341928.7	0.10238	ok	READY	0	551	GTOPT000678040	ENST00000341928	ok	READY	TRUE	TRUE	TRUE	Domain loss	Length change >50%	Length changed	TRUE	Structure changed
GTOPT000679775	ENST00000399799.3	0.14489	ok	READY	0	552	GTOPT000679775	ENST00000399799	ok	READY	TRUE	TRUE	TRUE	Domain loss	Length change >50%	Length changed	TRUE	Structure changed
GTOPT000684333	ENST00000285093.15	0.99623	ok	READY	0	553	GTOPT000684333	ENST00000285093	ok	READY	TRUE	TRUE	TRUE	No domain change	Length change 0-10%	Length changed	FALSE	No evident structure change
GTOPT000687168	ENST00000299608.7	0.12671	ok	READY	0	554	GTOPT000687168	ENST00000299608	ok	READY	TRUE	TRUE	TRUE	Domain loss	Length change >50%	Length changed	TRUE	Structure changed
GTOPT000687197	ENST00000299608.7	0.45832	ok	READY	0	555	GTOPT000687197	ENST00000299608	ok	READY	TRUE	TRUE	TRUE	Domain loss	Length change 20-50%	Length changed	TRUE	Structure changed
GTOPT000687515	ENST00000340533.9	0.67799	ok	READY	0	556	GTOPT000687515	ENST00000340533	ok	READY	TRUE	TRUE	TRUE	No domain change	Length change 20-50%	Length changed	FALSE	No evident structure change
GTOPT000688871	ENST00000166139.9	0.93698	ok	READY	0	557	GTOPT000688871	ENST00000166139	ok	READY	TRUE	TRUE	TRUE	No domain change	Length change 0-10%	Length changed	FALSE	No evident structure change
GTOPT000688874	ENST00000166139.9	0.60182	ok	READY	0	558	GTOPT000688874	ENST00000166139	ok	READY	TRUE	TRUE	TRUE	Domain loss	Length change 20-50%	Length changed	FALSE	No evident structure change
GTOPT000694071	ENST00000668164.2	0.52031	ok	READY	0	559	GTOPT000694071	ENST00000668164	ok	READY	TRUE	TRUE	TRUE	No domain change	Length change 0-10%	Length changed	FALSE	No evident structure change
GTOPT000695271	ENST00000251363.10	0.80254	ok	READY	0	560	GTOPT000695271	ENST00000251363	ok	READY	TRUE	TRUE	TRUE	No domain change	Length change 0-10%	Length changed	FALSE	No evident structure change
GTOPT000695451	ENST00000301455.7	0.67334	ok	READY	0	561	GTOPT000695451	ENST00000301455	ok	READY	TRUE	TRUE	TRUE	No domain change	Length change 0-10%	Length changed	FALSE	No evident structure change
GTOPT000697394	ENST00000389253.9	0.5163	ok	READY	0	562	GTOPT000697394	ENST00000389253	ok	READY	TRUE	TRUE	TRUE	No domain change	Length change 0-10%	Length changed	FALSE	No evident structure change
GTOPT000697446	ENST00000389253.9	0.62001	ok	READY	0	563	GTOPT000697446	ENST00000389253	ok	READY	TRUE	TRUE	TRUE	No domain change	Length change 0-10%	Length changed	FALSE	No evident structure change
GTOPT000699543	ENST00000222214.10	0.93987	ok	READY	0	564	GTOPT000699543	ENST00000222214	ok	READY	TRUE	TRUE	TRUE	No domain change	Length change 0-10%	Length changed	FALSE	No evident structure change
GTOPT000700048	ENST00000592199.6	0.11491	ok	READY	0	565	GTOPT000700048	ENST00000592199	ok	READY	TRUE	TRUE	TRUE	Domain loss	Length change >50%	Length changed	TRUE	Structure changed
GTOPT000701005	ENST00000242786.6	0.72589	ok	READY	0	566	GTOPT000701005	ENST00000242786	ok	READY	TRUE	TRUE	TRUE	Domain loss	Length change 10-20%	Length changed	FALSE	No evident structure change
GTOPT000701247	ENST00000242783.11	0.84781	ok	READY	0	567	GTOPT000701247	ENST00000242783	ok	READY	TRUE	TRUE	TRUE	No domain change	Length change 0-10%	Length changed	FALSE	No evident structure change
GTOPT000704578	ENST00000407280.4	0.3507	ok	READY	0	570	GTOPT000704578	ENST00000407280	ok	READY	TRUE	TRUE	TRUE	Domain loss	Length change 20-50%	Length changed	TRUE	Structure changed
GTOPT000705539	ENST00000535612.6	0.83301	ok	READY	0	571	GTOPT000705539	ENST00000535612	ok	READY	TRUE	TRUE	TRUE	No domain change	Length change 10-20%	Length changed	FALSE	No evident structure change
GTOPT000709980	ENST00000085219.10	0.70328	ok	READY	0	572	GTOPT000709980	ENST00000085219	ok	READY	TRUE	TRUE	TRUE	Domain loss	Length change 10-20%	Length changed	FALSE	No evident structure change
GTOPT000710819	ENST00000221855.8	0.65327	ok	READY	0	573	GTOPT000710819	ENST00000221855	ok	READY	TRUE	TRUE	TRUE	No domain change	Length change 20-50%	Length changed	FALSE	No evident structure change
GTOPT000712468	ENST00000252699.7	0.85627	ok	READY	0	574	GTOPT000712468	ENST00000252699	ok	READY	TRUE	TRUE	TRUE	Domain gain	Length change 0-10%	Length changed	FALSE	No evident structure change
GTOPT000718522	ENST00000592954.2	0.67889	ok	READY	0	575	GTOPT000718522	ENST00000592954	ok	READY	TRUE	TRUE	TRUE	No domain change	Length change 0-10%	Length changed	FALSE	No evident structure change
GTOPT000720133	ENST00000270225.12	0.95012	ok	READY	0	576	GTOPT000720133	ENST00000270225	ok	READY	TRUE	TRUE	TRUE	No domain change	Length change 0-10%	Length changed	FALSE	No evident structure change
GTOPT000720245	ENST00000270225.12	0.29297	ok	READY	0	577	GTOPT000720245	ENST00000270225	ok	READY	TRUE	TRUE	TRUE	Domain loss	Length change >50%	Length changed	TRUE	Structure changed
GTOPT000720353	ENST00000355085.4	0.59435	ok	READY	0	578	GTOPT000720353	ENST00000355085	ok	READY	TRUE	TRUE	TRUE	No domain change	Length change 20-50%	Length changed	FALSE	No evident structure change
GTOPT000720370	ENST00000355085.4	0.59435	ok	READY	0	579	GTOPT000720370	ENST00000355085	ok	READY	TRUE	TRUE	TRUE	No domain change	Length change 20-50%	Length changed	FALSE	No evident structure change
GTOPT000720520	ENST00000263277.8	0.42804	ok	READY	0	580	GTOPT000720520	ENST00000263277	ok	READY	TRUE	TRUE	TRUE	Domain loss	Length change >50%	Length changed	TRUE	Structure changed
GTOPT000727309	ENST00000326764.10	0.40876	ok	READY	0	582	GTOPT000727309	ENST00000326764	ok	READY	TRUE	TRUE	TRUE	No domain change	Length change 0-10%	Length changed	TRUE	Structure changed
GTOPT000734398	ENST00000262948.10	0.98803	ok	READY	0	583	GTOPT000734398	ENST00000262948	ok	READY	TRUE	TRUE	TRUE	No domain change	Length change 0-10%	Length changed	FALSE	No evident structure change
GTOPT000734728	ENST00000301281.11	0.58364	ok	READY	0	584	GTOPT000734728	ENST00000301281	ok	READY	TRUE	TRUE	TRUE	No domain change	Length change 20-50%	Length changed	FALSE	No evident structure change
GTOPT000735733	ENST00000252542.9	0.40179	ok	READY	0	585	GTOPT000735733	ENST00000252542	ok	READY	TRUE	TRUE	TRUE	No domain change	Length change 0-10%	Length changed	TRUE	Structure changed
GTOPT000736382	ENST00000252674.9	0.40074	ok	READY	0	586	GTOPT000736382	ENST00000252674	ok	READY	TRUE	TRUE	TRUE	No domain change	Length change 0-10%	Length changed	TRUE	Structure changed
GTOPT000737232	ENST00000264080.12	0.70305	ok	READY	0	588	GTOPT000737232	ENST00000264080	ok	READY	TRUE	TRUE	TRUE	No domain change	Length change 10-20%	Length changed	FALSE	No evident structure change
GTOPT000738342	ENST00000644032.2	0.95277	ok	READY	0	589	GTOPT000738342	ENST00000644032	ok	READY	TRUE	TRUE	TRUE	No domain change	Length change 0-10%	Length changed	FALSE	No evident structure change
GTOPT000738458	ENST00000644032.2	0.49144	ok	READY	0	590	GTOPT000738458	ENST00000644032	ok	READY	TRUE	TRUE	TRUE	Domain loss	Length change 20-50%	Length changed	TRUE	Structure changed
GTOPT000741090	ENST00000252445.8	0.79757	ok	READY	0	591	GTOPT000741090	ENST00000252445	ok	READY	TRUE	TRUE	TRUE	No domain change	Length change 20-50%	Length changed	FALSE	No evident structure change
GTOPT000742808	ENST00000588872.3	0.68263	ok	READY	0	592	GTOPT000742808	ENST00000588872	ok	READY	TRUE	TRUE	TRUE	Complex domain change	Length change 20-50%	Length changed	FALSE	No evident structure change
GTOPT000742952	ENST00000308677.9	0.83453	ok	READY	0	593	GTOPT000742952	ENST00000308677	ok	READY	TRUE	TRUE	TRUE	No domain change	Length change 10-20%	Length changed	FALSE	No evident structure change
GTOPT000744797	ENST00000455140.7	0.44004	ok	READY	0	596	GTOPT000744797	ENST00000455140	ok	READY	TRUE	TRUE	TRUE	Domain loss	Length change 10-20%	Length changed	TRUE	Structure changed
GTOPT000744846	ENST00000455140.7	0.12649	ok	READY	0	597	GTOPT000744846	ENST00000455140	ok	READY	TRUE	TRUE	TRUE	Domain loss	Length change >50%	Length changed	TRUE	Structure changed
GTOPT000745638	ENST00000252590.9	0.70197	ok	READY	0	598	GTOPT000745638	ENST00000252590	ok	READY	TRUE	TRUE	TRUE	No domain change	Length change 0-10%	Length changed	FALSE	No evident structure change
GTOPT000747068	ENST00000162044.14	0.94676	ok	READY	0	599	GTOPT000747068	ENST00000162044	ok	READY	TRUE	TRUE	TRUE	No domain change	Length change 0-10%	Length changed	FALSE	No evident structure change
GTOPT000749833	ENST00000498907.3	0.41746	ok	READY	0	600	GTOPT000749833	ENST00000498907	ok	READY	TRUE	TRUE	TRUE	No domain change	Length change 20-50%	Length changed	TRUE	Structure changed
GTOPT000754004	ENST00000221859.9	0.77413	ok	READY	0	601	GTOPT000754004	ENST00000221859	ok	READY	TRUE	TRUE	TRUE	Domain loss	Length change 0-10%	Length changed	FALSE	No evident structure change
GTOPT000755214	ENST00000221418.9	0.73083	ok	READY	0	602	GTOPT000755214	ENST00000221418	ok	READY	TRUE	TRUE	TRUE	No domain change	Length change 20-50%	Length changed	FALSE	No evident structure change
GTOPT000755719	ENST00000292852.9	0.72102	ok	READY	0	603	GTOPT000755719	ENST00000292852	ok	READY	TRUE	TRUE	TRUE	No domain change	Length change 20-50%	Length changed	FALSE	No evident structure change
GTOPT000757337	ENST00000221930.6	0.6063	ok	READY	0	604	GTOPT000757337	ENST00000221930	ok	READY	TRUE	TRUE	TRUE	No domain change	Length change 0-10%	Length changed	FALSE	No evident structure change
GTOPT000757996	ENST00000648268.1	0.96508	ok	READY	0	605	GTOPT000757996	ENST00000648268	ok	READY	TRUE	TRUE	TRUE	Domain gain	Length change 0-10%	Length changed	FALSE	No evident structure change
GTOPT000758213	ENST00000222330.8	0.19805	ok	READY	0	606	GTOPT000758213	ENST00000222330	ok	READY	TRUE	TRUE	TRUE	Domain loss	Length change >50%	Length changed	TRUE	Structure changed
GTOPT000758622	ENST00000244336.10	0.86366	ok	READY	0	607	GTOPT000758622	ENST00000244336	ok	READY	TRUE	TRUE	TRUE	No domain change	Length change 10-20%	Length changed	FALSE	No evident structure change
GTOPT000760385	ENST00000221476.4	0.95476	ok	READY	0	608	GTOPT000760385	ENST00000221476	ok	READY	TRUE	TRUE	TRUE	No domain change	Length change 0-10%	Length changed	FALSE	No evident structure change
GTOPT000762385	ENST00000263280.11	0.45625	ok	READY	0	609	GTOPT000762385	ENST00000263280	ok	READY	TRUE	TRUE	TRUE	Domain loss	Length change >50%	Length changed	TRUE	Structure changed
GTOPT000762470	ENST00000542575.6	0.8207	ok	READY	0	610	GTOPT000762470	ENST00000542575	ok	READY	TRUE	TRUE	TRUE	No domain change	Length change 10-20%	Length changed	FALSE	No evident structure change
GTOPT000766307	ENST00000301420.3	0.69518	ok	READY	0	611	GTOPT000766307	ENST00000301420	ok	READY	TRUE	TRUE	TRUE	No domain change	Length change 20-50%	Length changed	FALSE	No evident structure change
GTOPT000769002	ENST00000391759.6	0.641	ok	READY	0	612	GTOPT000769002	ENST00000391759	ok	READY	TRUE	TRUE	TRUE	No domain change	Length change 0-10%	Length changed	FALSE	No evident structure change
GTOPT000770835	ENST00000588981.6	0.37212	ok	READY	0	613	GTOPT000770835	ENST00000588981	ok	READY	TRUE	TRUE	TRUE	Domain gain	Length change 10-20%	Length changed	TRUE	Structure changed
GTOPT000774358	ENST00000281419.8	0.12565	ok	READY	0	614	GTOPT000774358	ENST00000281419	ok	READY	TRUE	TRUE	TRUE	Domain loss	Length change >50%	Length changed	TRUE	Structure changed
GTOPT000775111	ENST00000295083.8	0.74053	ok	READY	0	615	GTOPT000775111	ENST00000295083	ok	READY	TRUE	TRUE	TRUE	No domain change	Length change 10-20%	Length changed	FALSE	No evident structure change
GTOPT000777825	ENST00000317799.10	0.8354	ok	READY	0	616	GTOPT000777825	ENST00000317799	ok	READY	TRUE	TRUE	TRUE	No domain change	Length change 10-20%	Length changed	FALSE	No evident structure change
GTOPT000783736	ENST00000318522.10	0.09015	ok	READY	0	617	GTOPT000783736	ENST00000318522	ok	READY	TRUE	TRUE	TRUE	Domain loss	Length change >50%	Length changed	TRUE	Structure changed
GTOPT000783766	ENST00000318522.10	0.47008	ok	READY	0	618	GTOPT000783766	ENST00000318522	ok	READY	TRUE	TRUE	TRUE	Complex domain change	Length change 20-50%	Length changed	TRUE	Structure changed
GTOPT000783951	ENST00000405094.2	0.45903	ok	READY	0	619	GTOPT000783951	ENST00000405094	ok	READY	TRUE	TRUE	TRUE	No domain change	Length change 20-50%	Length changed	TRUE	Structure changed
GTOPT000784145	ENST00000282406.9	0.09667	ok	READY	0	620	GTOPT000784145	ENST00000282406	ok	READY	TRUE	TRUE	TRUE	Domain loss	Length change >50%	Length changed	TRUE	Structure changed
GTOPT000785297	ENST00000319190.11	0.41938	ok	READY	0	621	GTOPT000785297	ENST00000319190	ok	READY	TRUE	TRUE	TRUE	Domain loss	Length change >50%	Length changed	TRUE	Structure changed
GTOPT000787962	ENST00000311832.6	0.52159	ok	READY	0	623	GTOPT000787962	ENST00000311832	ok	READY	TRUE	TRUE	TRUE	No domain change	Length change 20-50%	Length changed	FALSE	No evident structure change
GTOPT000788141	ENST00000431489.6	0.21743	ok	READY	0	624	GTOPT000788141	ENST00000431489	ok	READY	TRUE	TRUE	TRUE	Domain loss	Length change 20-50%	Length changed	TRUE	Structure changed
GTOPT000788442	ENST00000337130.10	0.92544	ok	READY	0	625	GTOPT000788442	ENST00000337130	ok	READY	TRUE	TRUE	TRUE	No domain change	Length change 0-10%	Length changed	FALSE	No evident structure change
GTOPT000788509	ENST00000337130.10	0.75906	ok	READY	0	626	GTOPT000788509	ENST00000337130	ok	READY	TRUE	TRUE	TRUE	No domain change	Length change 20-50%	Length changed	FALSE	No evident structure change
GTOPT000788562	ENST00000337130.10	0.67895	ok	READY	0	627	GTOPT000788562	ENST00000337130	ok	READY	TRUE	TRUE	TRUE	No domain change	Length change 20-50%	Length changed	FALSE	No evident structure change
GTOPT000789791	ENST00000263657.7	0.65583	ok	READY	0	628	GTOPT000789791	ENST00000263657	ok	READY	TRUE	TRUE	TRUE	No domain change	Length change 10-20%	Length changed	FALSE	No evident structure change
GTOPT000791135	ENST00000244204.11	0.56426	ok	READY	0	629	GTOPT000791135	ENST00000244204	ok	READY	TRUE	TRUE	TRUE	Domain loss	Length change 20-50%	Length changed	FALSE	No evident structure change
GTOPT000791312	ENST00000264447.9	0.11723	ok	READY	0	630	GTOPT000791312	ENST00000264447	ok	READY	TRUE	TRUE	TRUE	Domain loss	Length change >50%	Length changed	TRUE	Structure changed
GTOPT000791553	ENST00000264447.9	0.07997	ok	READY	0	631	GTOPT000791553	ENST00000264447	ok	READY	TRUE	TRUE	TRUE	Domain loss	Length change >50%	Length changed	TRUE	Structure changed
GTOPT000792369	ENST00000345517.8	0.9792	ok	READY	0	634	GTOPT000792369	ENST00000345517	ok	READY	TRUE	TRUE	TRUE	No domain change	Length change 0-10%	Length changed	FALSE	No evident structure change
GTOPT000793463	ENST00000393909.7	0.84482	ok	READY	0	635	GTOPT000793463	ENST00000393909	ok	READY	TRUE	TRUE	TRUE	No domain change	Length change 0-10%	Length changed	FALSE	No evident structure change
GTOPT000793587	ENST00000272324.10	0.63446	ok	READY	0	636	GTOPT000793587	ENST00000272324	ok	READY	TRUE	TRUE	TRUE	No domain change	Length change 20-50%	Length changed	FALSE	No evident structure change
GTOPT000793608	ENST00000272324.10	0.63446	ok	READY	0	637	GTOPT000793608	ENST00000272324	ok	READY	TRUE	TRUE	TRUE	No domain change	Length change 20-50%	Length changed	FALSE	No evident structure change
GTOPT000794554	ENST00000306368.9	0.71695	ok	READY	0	638	GTOPT000794554	ENST00000306368	ok	READY	TRUE	TRUE	TRUE	No domain change	Length change 0-10%	Length changed	FALSE	No evident structure change
GTOPT000799033	ENST00000324219.9	0.28017	ok	READY	0	639	GTOPT000799033	ENST00000324219	ok	READY	TRUE	TRUE	TRUE	Domain loss	Length change 20-50%	Length changed	TRUE	Structure changed
GTOPT000801413	ENST00000544547.6	0.71889	ok	READY	0	641	GTOPT000801413	ENST00000544547	ok	READY	TRUE	TRUE	TRUE	Domain loss	Length change 0-10%	Length changed	FALSE	No evident structure change
GTOPT000803977	ENST00000410059.6	0.91308	ok	READY	0	642	GTOPT000803977	ENST00000410059	ok	READY	TRUE	TRUE	TRUE	No domain change	Length change 0-10%	Length changed	FALSE	No evident structure change
GTOPT000804167	ENST00000327097.5	0.4114	ok	READY	0	643	GTOPT000804167	ENST00000327097	ok	READY	TRUE	TRUE	TRUE	Domain gain	Length change 0-10%	Length changed	TRUE	Structure changed
GTOPT000806427	ENST00000321253.7	0.54679	ok	READY	0	644	GTOPT000806427	ENST00000321253	ok	READY	TRUE	TRUE	TRUE	Domain loss	Length change 20-50%	Length changed	FALSE	No evident structure change
GTOPT000809573	ENST00000288670.14	0.37192	ok	READY	0	646	GTOPT000809573	ENST00000288670	ok	READY	TRUE	TRUE	TRUE	Domain loss	Length change 20-50%	Length changed	TRUE	Structure changed
GTOPT000815546	ENST00000431877.7	0.27557	ok	READY	0	647	GTOPT000815546	ENST00000431877	ok	READY	TRUE	TRUE	TRUE	No domain change	Length change 10-20%	Length changed	TRUE	Structure changed
GTOPT000817149	ENST00000320717.8	0.50121	ok	READY	0	648	GTOPT000817149	ENST00000320717	ok	READY	TRUE	TRUE	TRUE	Domain loss	Length change 20-50%	Length changed	FALSE	No evident structure change
GTOPT000818345	ENST00000409140.8	0.44919	ok	READY	0	649	GTOPT000818345	ENST00000409140	ok	READY	TRUE	TRUE	TRUE	Domain gain	Length change 10-20%	Length changed	TRUE	Structure changed
GTOPT000818601	ENST00000374700.7	0.09909	ok	READY	0	650	GTOPT000818601	ENST00000374700	ok	READY	TRUE	TRUE	TRUE	Domain loss	Length change >50%	Length changed	TRUE	Structure changed
GTOPT000819499	ENST00000673742.1	0.39727	ok	READY	0	651	GTOPT000819499	ENST00000673742	ok	READY	TRUE	TRUE	TRUE	Domain loss	Length change >50%	Length changed	TRUE	Structure changed
GTOPT000820429	ENST00000356079.9	0.76841	ok	READY	0	652	GTOPT000820429	ENST00000356079	ok	READY	TRUE	TRUE	TRUE	No domain change	Length change 20-50%	Length changed	FALSE	No evident structure change
GTOPT000823695	ENST00000233202.11	0.41005	ok	READY	0	654	GTOPT000823695	ENST00000233202	ok	READY	TRUE	TRUE	TRUE	No domain change	Length change 20-50%	Length changed	TRUE	Structure changed
GTOPT000824315	ENST00000359273.8	0.60079	ok	READY	0	655	GTOPT000824315	ENST00000359273	ok	READY	TRUE	TRUE	TRUE	Domain loss	Length change 20-50%	Length changed	FALSE	No evident structure change
GTOPT000825646	ENST00000373960.4	0.59131	ok	READY	0	656	GTOPT000825646	ENST00000373960	ok	READY	TRUE	TRUE	TRUE	No domain change	Length change 0-10%	Length changed	FALSE	No evident structure change
GTOPT000828096	ENST00000340126.9	0.15972	ok	READY	0	657	GTOPT000828096	ENST00000340126	ok	READY	TRUE	TRUE	TRUE	Domain loss	Length change 20-50%	Length changed	TRUE	Structure changed
GTOPT000829308	ENST00000409115.8	0.27152	ok	READY	0	658	GTOPT000829308	ENST00000409115	ok	READY	TRUE	TRUE	TRUE	No domain change	Length change 10-20%	Length changed	TRUE	Structure changed
GTOPT000831391	ENST00000264605.8	0.43794	ok	READY	0	659	GTOPT000831391	ENST00000264605	ok	READY	TRUE	TRUE	TRUE	Domain loss	Length change 0-10%	Length changed	TRUE	Structure changed
GTOPT000831550	ENST00000308482.14	0.24416	ok	READY	0	660	GTOPT000831550	ENST00000308482	ok	READY	TRUE	TRUE	TRUE	Domain loss	Length change 10-20%	Length changed	TRUE	Structure changed
GTOPT000831590	ENST00000308482.14	0.26027	ok	READY	0	661	GTOPT000831590	ENST00000308482	ok	READY	TRUE	TRUE	TRUE	Domain loss	Length change 10-20%	Length changed	TRUE	Structure changed
GTOPT000832077	ENST00000308482.14	0.24214	ok	READY	0	662	GTOPT000832077	ENST00000308482	ok	READY	TRUE	TRUE	TRUE	Domain loss	Length change 20-50%	Length changed	TRUE	Structure changed
GTOPT000833477	ENST00000307503.4	0.90517	ok	READY	0	663	GTOPT000833477	ENST00000307503	ok	READY	TRUE	TRUE	TRUE	No domain change	Length change 0-10%	Length changed	FALSE	No evident structure change
GTOPT000833710	ENST00000307503.4	0.50419	ok	READY	0	664	GTOPT000833710	ENST00000307503	ok	READY	TRUE	TRUE	TRUE	No domain change	Length change 20-50%	Length changed	FALSE	No evident structure change
GTOPT000843068	ENST00000447944.7	0.75855	ok	READY	0	666	GTOPT000843068	ENST00000447944	ok	READY	TRUE	TRUE	TRUE	Domain loss	Length change 20-50%	Length changed	FALSE	No evident structure change
GTOPT000843098	ENST00000355426.8	0.4906	ok	READY	0	667	GTOPT000843098	ENST00000355426	ok	READY	TRUE	TRUE	TRUE	Domain loss	Length change 10-20%	Length changed	TRUE	Structure changed
GTOPT000847430	ENST00000519937.7	0.28643	ok	READY	0	668	GTOPT000847430	ENST00000519937	ok	READY	TRUE	TRUE	TRUE	Domain loss	Length change 20-50%	Length changed	TRUE	Structure changed
GTOPT000859189	ENST00000310015.12	0.40268	ok	READY	0	670	GTOPT000859189	ENST00000310015	ok	READY	TRUE	TRUE	TRUE	No domain change	Length change 0-10%	Length changed	TRUE	Structure changed
GTOPT000859347	ENST00000679041.1	0.19017	ok	READY	0	671	GTOPT000859347	ENST00000679041	ok	READY	TRUE	TRUE	TRUE	Domain loss	Length change 20-50%	Length changed	TRUE	Structure changed
GTOPT000865208	ENST00000248450.9	0.7505	ok	READY	0	673	GTOPT000865208	ENST00000248450	ok	READY	TRUE	TRUE	TRUE	Domain loss	Length change 0-10%	Length changed	FALSE	No evident structure change
GTOPT000870380	ENST00000428216.4	0.28836	ok	READY	0	676	GTOPT000870380	ENST00000428216	ok	READY	TRUE	TRUE	TRUE	No domain change	Length change 20-50%	Length changed	TRUE	Structure changed
GTOPT000874865	ENST00000201979.3	0.83096	ok	READY	0	677	GTOPT000874865	ENST00000201979	ok	READY	TRUE	TRUE	TRUE	No domain change	Length change 0-10%	Length changed	FALSE	No evident structure change
GTOPT000876120	ENST00000253354.2	0.8338	ok	READY	0	678	GTOPT000876120	ENST00000253354	ok	READY	TRUE	TRUE	TRUE	No domain change	Length change 10-20%	Length changed	FALSE	No evident structure change
GTOPT000876133	ENST00000253354.2	0.80896	ok	READY	0	679	GTOPT000876133	ENST00000253354	ok	READY	TRUE	TRUE	TRUE	Domain loss	Length change 10-20%	Length changed	FALSE	No evident structure change
GTOPT000876233	ENST00000253354.2	0.95925	ok	READY	0	680	GTOPT000876233	ENST00000253354	ok	READY	TRUE	TRUE	TRUE	No domain change	Length change 0-10%	Length changed	FALSE	No evident structure change
GTOPT000878052	ENST00000338074.7	0.09683	ok	READY	0	681	GTOPT000878052	ENST00000338074	ok	READY	TRUE	TRUE	TRUE	Domain loss	Length change >50%	Length changed	TRUE	Structure changed
GTOPT000878473	ENST00000344795.8	0.74904	ok	READY	0	682	GTOPT000878473	ENST00000344795	ok	READY	TRUE	TRUE	TRUE	No domain change	Length change 0-10%	Length changed	FALSE	No evident structure change
GTOPT000879154	ENST00000217407.3	0.8341	ok	READY	0	683	GTOPT000879154	ENST00000217407	ok	READY	TRUE	TRUE	TRUE	Domain gain	Length change 10-20%	Length changed	FALSE	No evident structure change
GTOPT000879162	ENST00000217407.3	0.77591	ok	READY	0	684	GTOPT000879162	ENST00000217407	ok	READY	TRUE	TRUE	TRUE	No domain change	Length change 10-20%	Length changed	FALSE	No evident structure change
GTOPT000879173	ENST00000217407.3	0.47642	ok	READY	0	685	GTOPT000879173	ENST00000217407	ok	READY	TRUE	TRUE	TRUE	Domain loss	Length change 20-50%	Length changed	TRUE	Structure changed
GTOPT000879477	ENST00000262879.11	0.08244	ok	READY	0	686	GTOPT000879477	ENST00000262879	ok	READY	TRUE	TRUE	TRUE	Domain loss	Length change >50%	Length changed	TRUE	Structure changed
GTOPT000882489	ENST00000372285.8	0.86192	ok	READY	0	687	GTOPT000882489	ENST00000372285	ok	READY	TRUE	TRUE	TRUE	No domain change	Length change 0-10%	Length changed	FALSE	No evident structure change
GTOPT000883472	ENST00000303004.5	0.27978	ok	READY	0	688	GTOPT000883472	ENST00000303004	ok	READY	TRUE	TRUE	TRUE	No domain change	Length change >50%	Length changed	TRUE	Structure changed
GTOPT000887879	ENST00000346249.9	0.4186	ok	READY	0	689	GTOPT000887879	ENST00000346249	ok	READY	TRUE	TRUE	TRUE	No domain change	Length change 10-20%	Length changed	TRUE	Structure changed
GTOPT000889841	ENST00000381342.7	0.66451	ok	READY	0	690	GTOPT000889841	ENST00000381342	ok	READY	TRUE	TRUE	TRUE	No domain change	Length change 0-10%	Length changed	FALSE	No evident structure change
GTOPT000891055	ENST00000338244.6	0.44003	ok	READY	0	691	GTOPT000891055	ENST00000338244	ok	READY	TRUE	TRUE	TRUE	No domain change	Length change 20-50%	Length changed	TRUE	Structure changed
GTOPT000892624	ENST00000377813.6	0.28388	ok	READY	0	692	GTOPT000892624	ENST00000377813	ok	READY	TRUE	TRUE	TRUE	Domain loss	Length change 10-20%	Length changed	TRUE	Structure changed
GTOPT000899129	ENST00000361475.7	0.9832	ok	READY	0	693	GTOPT000899129	ENST00000361475	ok	READY	TRUE	TRUE	TRUE	No domain change	Length change 0-10%	Length changed	FALSE	No evident structure change
GTOPT000899904	ENST00000372980.4	0.48135	ok	READY	0	694	GTOPT000899904	ENST00000372980	ok	READY	TRUE	TRUE	TRUE	No domain change	Length change 20-50%	Length changed	TRUE	Structure changed
GTOPT000899919	ENST00000372980.4	0.33878	ok	READY	0	695	GTOPT000899919	ENST00000372980	ok	READY	TRUE	TRUE	TRUE	Domain loss	Length change 10-20%	Length changed	TRUE	Structure changed
GTOPT000901141	ENST00000372431.8	0.99476	ok	READY	0	696	GTOPT000901141	ENST00000372431	ok	READY	TRUE	TRUE	TRUE	No domain change	Length change 0-10%	Length changed	FALSE	No evident structure change
GTOPT000901696	ENST00000471951.7	0.32679	ok	READY	0	697	GTOPT000901696	ENST00000471951	ok	READY	TRUE	TRUE	TRUE	No domain change	Length change 0-10%	Length changed	TRUE	Structure changed
GTOPT000904689	ENST00000252996.9	0.11506	ok	READY	0	698	GTOPT000904689	ENST00000252996	ok	READY	TRUE	TRUE	TRUE	Domain loss	Length change >50%	Length changed	TRUE	Structure changed
GTOPT000905820	ENST00000354216.11	0.88861	ok	READY	0	699	GTOPT000905820	ENST00000354216	ok	READY	TRUE	TRUE	TRUE	No domain change	Length change 0-10%	Length changed	FALSE	No evident structure change
GTOPT000908282	ENST00000480456.6	0.88179	ok	READY	0	700	GTOPT000908282	ENST00000480456	ok	READY	TRUE	TRUE	TRUE	No domain change	Length change 0-10%	Length changed	FALSE	No evident structure change
GTOPT000908536	ENST00000399976.7	0.50596	ok	READY	0	701	GTOPT000908536	ENST00000399976	ok	READY	TRUE	TRUE	TRUE	No domain change	Length change 20-50%	Length changed	FALSE	No evident structure change
GTOPT000908736	ENST00000399928.6	0.65005	ok	READY	0	702	GTOPT000908736	ENST00000399928	ok	READY	TRUE	TRUE	TRUE	No domain change	Length change 20-50%	Length changed	FALSE	No evident structure change
GTOPT000912124	ENST00000649170.1	0.49915	ok	READY	0	704	GTOPT000912124	ENST00000649170	ok	READY	TRUE	TRUE	TRUE	No domain change	Length change 0-10%	Length changed	TRUE	Structure changed
GTOPT000914554	ENST00000348831.9	0.69434	ok	READY	0	705	GTOPT000914554	ENST00000348831	ok	READY	TRUE	TRUE	TRUE	No domain change	Length change 0-10%	Length changed	FALSE	No evident structure change
GTOPT000914823	ENST00000651438.1	0.30111	ok	READY	0	706	GTOPT000914823	ENST00000651438	ok	READY	TRUE	TRUE	TRUE	Domain gain	Length change 10-20%	Length changed	TRUE	Structure changed
GTOPT000921172	ENST00000309117.11	0.39706	ok	READY	0	709	GTOPT000921172	ENST00000309117	ok	READY	TRUE	TRUE	TRUE	No domain change	Length change 10-20%	Length changed	TRUE	Structure changed
GTOPT000925400	ENST00000317582.10	0.40517	ok	READY	0	710	GTOPT000925400	ENST00000317582	ok	READY	TRUE	TRUE	TRUE	No domain change	Length change >50%	Length changed	TRUE	Structure changed
GTOPT000926330	ENST00000327374.9	0.34628	ok	READY	0	711	GTOPT000926330	ENST00000327374	ok	READY	TRUE	TRUE	TRUE	No domain change	Length change >50%	Length changed	TRUE	Structure changed
GTOPT000929438	ENST00000448514.3	0.76429	ok	READY	0	712	GTOPT000929438	ENST00000448514	ok	READY	TRUE	TRUE	TRUE	No domain change	Length change 0-10%	Length changed	FALSE	No evident structure change
GTOPT000934430	ENST00000314328.14	0.05347	ok	READY	0	713	GTOPT000934430	ENST00000314328	ok	READY	TRUE	TRUE	TRUE	Domain loss	Length change >50%	Length changed	TRUE	Structure changed
GTOPT000936750	ENST00000401950.7	0.17891	ok	READY	0	714	GTOPT000936750	ENST00000401950	ok	READY	TRUE	TRUE	TRUE	Domain loss	Length change >50%	Length changed	TRUE	Structure changed
GTOPT000937310	ENST00000333137.12	0.33596	ok	READY	0	715	GTOPT000937310	ENST00000333137	ok	READY	TRUE	TRUE	TRUE	No domain change	Length change 0-10%	Length changed	TRUE	Structure changed
GTOPT000940265	ENST00000248901.11	0.33683	ok	READY	0	716	GTOPT000940265	ENST00000248901	ok	READY	TRUE	TRUE	TRUE	No domain change	Length change 20-50%	Length changed	TRUE	Structure changed
GTOPT000941076	ENST00000248924.11	0.98897	ok	READY	0	717	GTOPT000941076	ENST00000248924	ok	READY	TRUE	TRUE	TRUE	No domain change	Length change 0-10%	Length changed	FALSE	No evident structure change
GTOPT000941457	ENST00000338483.7	0.75009	ok	READY	0	718	GTOPT000941457	ENST00000338483	ok	READY	TRUE	TRUE	TRUE	No domain change	Length change 10-20%	Length changed	FALSE	No evident structure change
GTOPT000942115	ENST00000328933.10	0.73689	ok	READY	0	719	GTOPT000942115	ENST00000328933	ok	READY	TRUE	TRUE	TRUE	No domain change	Length change 10-20%	Length changed	FALSE	No evident structure change
GTOPT000944589	ENST00000337554.8	0.52014	ok	READY	0	720	GTOPT000944589	ENST00000337554	ok	READY	TRUE	TRUE	TRUE	No domain change	Length change 10-20%	Length changed	FALSE	No evident structure change
GTOPT000944989	ENST00000444313.8	0.5331	ok	READY	0	721	GTOPT000944989	ENST00000444313	ok	READY	TRUE	TRUE	TRUE	Domain loss	Length change 20-50%	Length changed	FALSE	No evident structure change
GTOPT000945457	ENST00000441876.7	0.47926	ok	READY	0	722	GTOPT000945457	ENST00000441876	ok	READY	TRUE	TRUE	TRUE	Domain loss	Length change 20-50%	Length changed	TRUE	Structure changed
GTOPT000945657	ENST00000327858.11	0.62422	ok	READY	0	723	GTOPT000945657	ENST00000327858	ok	READY	TRUE	TRUE	TRUE	Domain loss	Length change 0-10%	Length changed	FALSE	No evident structure change
GTOPT000948814	ENST00000263202.15	0.68932	ok	READY	0	724	GTOPT000948814	ENST00000263202	ok	READY	TRUE	TRUE	TRUE	No domain change	Length change 0-10%	Length changed	FALSE	No evident structure change
GTOPT000951149	ENST00000327365.10	0.99066	ok	READY	0	725	GTOPT000951149	ENST00000327365	ok	READY	TRUE	TRUE	TRUE	No domain change	Length change 0-10%	Length changed	FALSE	No evident structure change
GTOPT000952973	ENST00000490103.6	0.67761	ok	READY	0	726	GTOPT000952973	ENST00000490103	ok	READY	TRUE	TRUE	TRUE	No domain change	Length change 0-10%	Length changed	FALSE	No evident structure change
GTOPT000954641	ENST00000266086.6	0.8812	ok	READY	0	727	GTOPT000954641	ENST00000266086	ok	READY	TRUE	TRUE	TRUE	No domain change	Length change 10-20%	Length changed	FALSE	No evident structure change
GTOPT000956718	ENST00000249071.11	0.79985	ok	READY	0	728	GTOPT000956718	ENST00000249071	ok	READY	TRUE	TRUE	TRUE	No domain change	Length change 0-10%	Length changed	FALSE	No evident structure change
GTOPT000956930	ENST00000215886.6	0.93026	ok	READY	0	729	GTOPT000956930	ENST00000215886	ok	READY	TRUE	TRUE	TRUE	No domain change	Length change 0-10%	Length changed	FALSE	No evident structure change
GTOPT000957689	ENST00000403230.3	0.4807	ok	READY	0	730	GTOPT000957689	ENST00000403230	ok	READY	TRUE	TRUE	TRUE	Domain loss	Length change >50%	Length changed	TRUE	Structure changed
GTOPT000959271	ENST00000216259.8	0.89558	ok	READY	0	731	GTOPT000959271	ENST00000216259	ok	READY	TRUE	TRUE	TRUE	No domain change	Length change 0-10%	Length changed	FALSE	No evident structure change
GTOPT000959304	ENST00000216259.8	0.80594	ok	READY	0	732	GTOPT000959304	ENST00000216259	ok	READY	TRUE	TRUE	TRUE	No domain change	Length change 0-10%	Length changed	FALSE	No evident structure change
GTOPT000959428	ENST00000401959.6	0.48318	ok	READY	0	733	GTOPT000959428	ENST00000401959	ok	READY	TRUE	TRUE	TRUE	Domain loss	Length change 0-10%	Length changed	TRUE	Structure changed
GTOPT000966858	ENST00000693202.1	0.52952	ok	READY	0	736	GTOPT000966858	ENST00000693202	ok	READY	TRUE	TRUE	TRUE	No domain change	Length change 20-50%	Length changed	FALSE	No evident structure change
GTOPT000967334	ENST00000170447.12	0.56455	ok	READY	0	737	GTOPT000967334	ENST00000170447	ok	READY	TRUE	TRUE	TRUE	No domain change	Length change 20-50%	Length changed	FALSE	No evident structure change
GTOPT000967775	ENST00000306077.5	0.61721	ok	READY	0	738	GTOPT000967775	ENST00000306077	ok	READY	TRUE	TRUE	TRUE	No domain change	Length change 20-50%	Length changed	FALSE	No evident structure change
GTOPT000968744	ENST00000615277.5	0.88009	ok	READY	0	739	GTOPT000968744	ENST00000615277	ok	READY	TRUE	TRUE	TRUE	No domain change	Length change 0-10%	Length changed	FALSE	No evident structure change
GTOPT000972689	ENST00000207870.8	0.96607	ok	READY	0	742	GTOPT000972689	ENST00000207870	ok	READY	TRUE	TRUE	TRUE	No domain change	Length change 0-10%	Length changed	FALSE	No evident structure change
GTOPT000975393	ENST00000296142.4	0.58156	ok	READY	0	743	GTOPT000975393	ENST00000296142	ok	READY	TRUE	TRUE	TRUE	No domain change	Length change 10-20%	Length changed	FALSE	No evident structure change
GTOPT000977587	ENST00000616701.5	0.92881	ok	READY	0	745	GTOPT000977587	ENST00000616701	ok	READY	TRUE	TRUE	TRUE	No domain change	Length change 0-10%	Length changed	FALSE	No evident structure change
GTOPT000978451	ENST00000636358.2	0.85659	ok	READY	0	747	GTOPT000978451	ENST00000636358	ok	READY	TRUE	TRUE	TRUE	No domain change	Length change 10-20%	Length changed	FALSE	No evident structure change
GTOPT000980263	ENST00000288266.8	0.29349	ok	READY	0	748	GTOPT000980263	ENST00000288266	ok	READY	TRUE	TRUE	TRUE	Domain loss	Length change >50%	Length changed	TRUE	Structure changed
GTOPT000980390	ENST00000671191.1	0.36598	ok	READY	0	749	GTOPT000980390	ENST00000671191	ok	READY	TRUE	TRUE	TRUE	No domain change	Length change 0-10%	Length changed	TRUE	Structure changed
GTOPT000980658	ENST00000671191.1	0.28753	ok	READY	0	750	GTOPT000980658	ENST00000671191	ok	READY	TRUE	TRUE	TRUE	Domain loss	Length change >50%	Length changed	TRUE	Structure changed
GTOPT000982261	ENST00000273258.4	0.79915	ok	READY	0	753	GTOPT000982261	ENST00000273258	ok	READY	TRUE	TRUE	TRUE	No domain change	Length change 10-20%	Length changed	FALSE	No evident structure change
GTOPT000982426	ENST00000352241.9	0.43224	ok	READY	0	754	GTOPT000982426	ENST00000352241	ok	READY	TRUE	TRUE	TRUE	No domain change	Length change 0-10%	Length changed	TRUE	Structure changed
GTOPT000982678	ENST00000389617.9	0.65773	ok	READY	0	755	GTOPT000982678	ENST00000389617	ok	READY	TRUE	TRUE	TRUE	No domain change	Length change 0-10%	Length changed	FALSE	No evident structure change
GTOPT000985640	ENST00000306107.9	0.21597	ok	READY	0	756	GTOPT000985640	ENST00000306107	ok	READY	TRUE	TRUE	TRUE	Domain loss	Length change >50%	Length changed	TRUE	Structure changed
GTOPT000986664	ENST00000431670.7	0.16669	ok	READY	0	757	GTOPT000986664	ENST00000431670	ok	READY	TRUE	TRUE	TRUE	Domain loss	Length change 20-50%	Length changed	TRUE	Structure changed
GTOPT000986750	ENST00000431670.7	0.12339	ok	READY	0	758	GTOPT000986750	ENST00000431670	ok	READY	TRUE	TRUE	TRUE	Domain loss	Length change >50%	Length changed	TRUE	Structure changed
GTOPT000988882	ENST00000316218.12	0.5071	ok	READY	0	759	GTOPT000988882	ENST00000316218	ok	READY	TRUE	TRUE	TRUE	Domain loss	Length change 20-50%	Length changed	FALSE	No evident structure change
GTOPT000988934	ENST00000316218.12	0.74948	ok	READY	0	760	GTOPT000988934	ENST00000316218	ok	READY	TRUE	TRUE	TRUE	No domain change	Length change 10-20%	Length changed	FALSE	No evident structure change
GTOPT000991515	ENST00000510168.6	0.67936	ok	READY	0	761	GTOPT000991515	ENST00000510168	ok	READY	TRUE	TRUE	TRUE	Domain loss	Length change 20-50%	Length changed	FALSE	No evident structure change
GTOPT000991664	ENST00000521288.2	0.73736	ok	READY	0	762	GTOPT000991664	ENST00000521288	ok	READY	TRUE	TRUE	TRUE	No domain change	Length change 20-50%	Length changed	FALSE	No evident structure change
GTOPT000994399	ENST00000286364.9	0.19654	ok	READY	0	763	GTOPT000994399	ENST00000286364	ok	READY	TRUE	TRUE	TRUE	Domain loss	Length change >50%	Length changed	TRUE	Structure changed
GTOPT000995266	ENST00000315691.8	0.52951	ok	READY	0	764	GTOPT000995266	ENST00000315691	ok	READY	TRUE	TRUE	TRUE	Domain loss	Length change 20-50%	Length changed	FALSE	No evident structure change
GTOPT000995459	ENST00000282957.9	0.85793	ok	READY	0	765	GTOPT000995459	ENST00000282957	ok	READY	TRUE	TRUE	TRUE	No domain change	Length change 0-10%	Length changed	FALSE	No evident structure change
GTOPT000996608	ENST00000688009.1	0.10425	ok	READY	0	766	GTOPT000996608	ENST00000688009	ok	READY	TRUE	TRUE	TRUE	Domain loss	Length change 10-20%	Length changed	TRUE	Structure changed
GTOPT000997024	ENST00000232892.12	0.91935	ok	READY	0	767	GTOPT000997024	ENST00000232892	ok	READY	TRUE	TRUE	TRUE	No domain change	Length change 0-10%	Length changed	FALSE	No evident structure change
GTOPT000997444	ENST00000323534.5	0.66268	ok	READY	0	768	GTOPT000997444	ENST00000323534	ok	READY	TRUE	TRUE	TRUE	No domain change	Length change 20-50%	Length changed	FALSE	No evident structure change
GTOPT001002467	ENST00000323116.10	0.08067	ok	READY	0	769	GTOPT001002467	ENST00000323116	ok	READY	TRUE	TRUE	TRUE	Domain loss	Length change >50%	Length changed	TRUE	Structure changed
GTOPT001005145	ENST00000644859.2	0.21567	ok	READY	0	770	GTOPT001005145	ENST00000644859	ok	READY	TRUE	TRUE	TRUE	Domain loss	Length change >50%	Length changed	TRUE	Structure changed
GTOPT001005736	ENST00000617246.5	0.13965	ok	READY	0	771	GTOPT001005736	ENST00000617246	ok	READY	TRUE	TRUE	TRUE	Domain loss	Length change 20-50%	Length changed	TRUE	Structure changed
GTOPT001007177	ENST00000361510.8	0.12032	ok	READY	0	772	GTOPT001007177	ENST00000361510	ok	READY	TRUE	TRUE	TRUE	Domain loss	Length change >50%	Length changed	TRUE	Structure changed
GTOPT001007182	ENST00000361510.8	0.22297	ok	READY	0	773	GTOPT001007182	ENST00000361510	ok	READY	TRUE	TRUE	TRUE	Domain loss	Length change >50%	Length changed	TRUE	Structure changed
GTOPT001011111	ENST00000350697.8	0.96667	ok	READY	0	774	GTOPT001011111	ENST00000350697	ok	READY	TRUE	TRUE	TRUE	No domain change	Length change 0-10%	Length changed	FALSE	No evident structure change
GTOPT001011115	ENST00000350697.8	0.90157	ok	READY	0	775	GTOPT001011115	ENST00000350697	ok	READY	TRUE	TRUE	TRUE	No domain change	Length change 0-10%	Length changed	FALSE	No evident structure change
GTOPT001011167	ENST00000350697.8	0.8875	ok	READY	0	776	GTOPT001011167	ENST00000350697	ok	READY	TRUE	TRUE	TRUE	Domain loss	Length change 0-10%	Length changed	FALSE	No evident structure change
GTOPT001013494	ENST00000696125.1	0.41176	ok	READY	0	778	GTOPT001013494	ENST00000696125	ok	READY	TRUE	TRUE	TRUE	No domain change	Length change 20-50%	Length changed	TRUE	Structure changed
GTOPT001013768	ENST00000295824.14	0.17697	ok	READY	0	779	GTOPT001013768	ENST00000295824	ok	READY	TRUE	TRUE	TRUE	Domain loss	Length change >50%	Length changed	TRUE	Structure changed
GTOPT001014513	ENST00000454389.6	0.22056	ok	READY	0	780	GTOPT001014513	ENST00000454389	ok	READY	TRUE	TRUE	TRUE	Domain loss	Length change >50%	Length changed	TRUE	Structure changed
GTOPT001015464	ENST00000682230.1	0.40643	ok	READY	0	781	GTOPT001015464	ENST00000682230	ok	READY	TRUE	TRUE	TRUE	Domain loss	Length change 20-50%	Length changed	TRUE	Structure changed
GTOPT001015519	ENST00000682230.1	0.19373	ok	READY	0	782	GTOPT001015519	ENST00000682230	ok	READY	TRUE	TRUE	TRUE	Domain loss	Length change >50%	Length changed	TRUE	Structure changed
GTOPT001015523	ENST00000682230.1	0.12279	ok	READY	0	783	GTOPT001015523	ENST00000682230	ok	READY	TRUE	TRUE	TRUE	Domain loss	Length change >50%	Length changed	TRUE	Structure changed
GTOPT001015708	ENST00000322716.8	0.37804	ok	READY	0	784	GTOPT001015708	ENST00000322716	ok	READY	TRUE	TRUE	TRUE	Domain loss	Length change >50%	Length changed	TRUE	Structure changed
GTOPT001015713	ENST00000322716.8	0.82676	ok	READY	0	785	GTOPT001015713	ENST00000322716	ok	READY	TRUE	TRUE	TRUE	No domain change	Length change 0-10%	Length changed	FALSE	No evident structure change
GTOPT001018949	ENST00000683445.1	0.51051	ok	READY	0	786	GTOPT001018949	ENST00000683445	ok	READY	TRUE	TRUE	TRUE	No domain change	Length change 20-50%	Length changed	FALSE	No evident structure change
GTOPT001022199	ENST00000265560.9	0.23827	ok	READY	0	790	GTOPT001022199	ENST00000265560	ok	READY	TRUE	TRUE	TRUE	Domain loss	Length change >50%	Length changed	TRUE	Structure changed
GTOPT001026539	ENST00000394549.7	0.79943	ok	READY	0	793	GTOPT001026539	ENST00000394549	ok	READY	TRUE	TRUE	TRUE	No domain change	Length change 10-20%	Length changed	FALSE	No evident structure change
GTOPT001032208	ENST00000394030.8	0.1146	ok	READY	0	795	GTOPT001032208	ENST00000394030	ok	READY	TRUE	TRUE	TRUE	Domain loss	Length change >50%	Length changed	TRUE	Structure changed
GTOPT001036292	ENST00000291458.9	0.91314	ok	READY	0	796	GTOPT001036292	ENST00000291458	ok	READY	TRUE	TRUE	TRUE	No domain change	Length change 20-50%	Length changed	FALSE	No evident structure change
GTOPT001036621	ENST00000306103.3	0.23856	ok	READY	0	797	GTOPT001036621	ENST00000306103	ok	READY	TRUE	TRUE	TRUE	Domain loss	Length change >50%	Length changed	TRUE	Structure changed
GTOPT001038231	ENST00000360370.9	0.8736	ok	READY	0	798	GTOPT001038231	ENST00000360370	ok	READY	TRUE	TRUE	TRUE	No domain change	Length change 0-10%	Length changed	FALSE	No evident structure change
GTOPT001042142	ENST00000232217.6	0.99527	ok	READY	0	799	GTOPT001042142	ENST00000232217	ok	READY	TRUE	TRUE	TRUE	No domain change	Length change 20-50%	Length changed	FALSE	No evident structure change
GTOPT001043678	ENST00000264613.11	0.99441	ok	READY	0	800	GTOPT001043678	ENST00000264613	ok	READY	TRUE	TRUE	TRUE	No domain change	Length change 0-10%	Length changed	FALSE	No evident structure change
GTOPT001043683	ENST00000264613.11	0.94087	ok	READY	0	801	GTOPT001043683	ENST00000264613	ok	READY	TRUE	TRUE	TRUE	No domain change	Length change 0-10%	Length changed	FALSE	No evident structure change
GTOPT001043832	ENST00000264613.11	0.45554	ok	READY	0	802	GTOPT001043832	ENST00000264613	ok	READY	TRUE	TRUE	TRUE	Domain loss	Length change >50%	Length changed	TRUE	Structure changed
GTOPT001047822	ENST00000241261.7	0.63214	ok	READY	0	803	GTOPT001047822	ENST00000241261	ok	READY	TRUE	TRUE	TRUE	No domain change	Length change 10-20%	Length changed	FALSE	No evident structure change
GTOPT001048762	ENST00000265594.9	0.84223	ok	READY	0	804	GTOPT001048762	ENST00000265594	ok	READY	TRUE	TRUE	TRUE	No domain change	Length change 10-20%	Length changed	FALSE	No evident structure change
GTOPT001048774	ENST00000265594.9	0.91473	ok	READY	0	805	GTOPT001048774	ENST00000265594	ok	READY	TRUE	TRUE	TRUE	Domain loss	Length change 0-10%	Length changed	FALSE	No evident structure change
GTOPT001051837	ENST00000326793.11	0.89049	ok	READY	0	806	GTOPT001051837	ENST00000326793	ok	READY	TRUE	TRUE	TRUE	No domain change	Length change 0-10%	Length changed	FALSE	No evident structure change
GTOPT001052863	ENST00000431016.6	0.45076	ok	READY	0	807	GTOPT001052863	ENST00000431016	ok	READY	TRUE	TRUE	TRUE	No domain change	Length change 20-50%	Length changed	TRUE	Structure changed
GTOPT001054284	ENST00000453061.7	0.27333	ok	READY	0	808	GTOPT001054284	ENST00000453061	ok	READY	TRUE	TRUE	TRUE	Domain loss	Length change >50%	Length changed	TRUE	Structure changed
GTOPT001060564	ENST00000698857.1	0.30364	ok	READY	0	810	GTOPT001060564	ENST00000698857	ok	READY	TRUE	TRUE	TRUE	Domain loss	Length change >50%	Length changed	TRUE	Structure changed
GTOPT001060629	ENST00000698857.1	0.3102	ok	READY	0	811	GTOPT001060629	ENST00000698857	ok	READY	TRUE	TRUE	TRUE	Domain loss	Length change >50%	Length changed	TRUE	Structure changed
GTOPT001061835	ENST00000503057.6	0.16748	ok	READY	0	812	GTOPT001061835	ENST00000503057	ok	READY	TRUE	TRUE	TRUE	Complex domain change	Length change 20-50%	Length changed	TRUE	Structure changed
GTOPT001061870	ENST00000503057.6	0.07395	ok	READY	0	813	GTOPT001061870	ENST00000503057	ok	READY	TRUE	TRUE	TRUE	Domain loss	Length change >50%	Length changed	TRUE	Structure changed
GTOPT001061999	ENST00000503057.6	0.12743	ok	READY	0	814	GTOPT001061999	ENST00000503057	ok	READY	TRUE	TRUE	TRUE	Domain loss	Length change >50%	Length changed	TRUE	Structure changed
GTOPT001062148	ENST00000503057.6	0.15695	ok	READY	0	815	GTOPT001062148	ENST00000503057	ok	READY	TRUE	TRUE	TRUE	Domain loss	Length change 20-50%	Length changed	TRUE	Structure changed
GTOPT001062186	ENST00000503057.6	0.07992	ok	READY	0	816	GTOPT001062186	ENST00000503057	ok	READY	TRUE	TRUE	TRUE	Domain loss	Length change >50%	Length changed	TRUE	Structure changed
GTOPT001062859	ENST00000264313.11	0.48575	ok	READY	0	817	GTOPT001062859	ENST00000264313	ok	READY	TRUE	TRUE	TRUE	No domain change	Length change 0-10%	Length changed	TRUE	Structure changed
GTOPT001063753	ENST00000257290.10	0.43668	ok	READY	0	818	GTOPT001063753	ENST00000257290	ok	READY	TRUE	TRUE	TRUE	No domain change	Length change 20-50%	Length changed	TRUE	Structure changed
GTOPT001064090	ENST00000381334.10	0.46449	ok	READY	0	819	GTOPT001064090	ENST00000381334	ok	READY	TRUE	TRUE	TRUE	No domain change	Length change 20-50%	Length changed	TRUE	Structure changed
GTOPT001064174	ENST00000381295.7	0.87088	ok	READY	0	820	GTOPT001064174	ENST00000381295	ok	READY	TRUE	TRUE	TRUE	No domain change	Length change 0-10%	Length changed	FALSE	No evident structure change
GTOPT001064714	ENST00000314595.6	0.17692	ok	READY	0	821	GTOPT001064714	ENST00000314595	ok	READY	TRUE	TRUE	TRUE	Complex domain change	Length change >50%	Length changed	TRUE	Structure changed
GTOPT001064773	ENST00000314595.6	0.18731	ok	READY	0	822	GTOPT001064773	ENST00000314595	ok	READY	TRUE	TRUE	TRUE	Domain loss	Length change >50%	Length changed	TRUE	Structure changed
GTOPT001065152	ENST00000265403.12	0.59874	ok	READY	0	823	GTOPT001065152	ENST00000265403	ok	READY	TRUE	TRUE	TRUE	No domain change	Length change 20-50%	Length changed	FALSE	No evident structure change
GTOPT001065476	ENST00000381006.8	0.43489	ok	READY	0	824	GTOPT001065476	ENST00000381006	ok	READY	TRUE	TRUE	TRUE	No domain change	Length change 20-50%	Length changed	TRUE	Structure changed
GTOPT001065689	ENST00000286648.10	0.91825	ok	READY	0	825	GTOPT001065689	ENST00000286648	ok	READY	TRUE	TRUE	TRUE	No domain change	Length change 0-10%	Length changed	FALSE	No evident structure change
GTOPT001065739	ENST00000264485.11	0.87907	ok	READY	0	826	GTOPT001065739	ENST00000264485	ok	READY	TRUE	TRUE	TRUE	No domain change	Length change 0-10%	Length changed	FALSE	No evident structure change
GTOPT001065765	ENST00000264485.11	0.366	ok	READY	0	827	GTOPT001065765	ENST00000264485	ok	READY	TRUE	TRUE	TRUE	No domain change	Length change 20-50%	Length changed	TRUE	Structure changed
GTOPT001066133	ENST00000295897.9	0.85975	ok	READY	0	828	GTOPT001066133	ENST00000295897	ok	READY	TRUE	TRUE	TRUE	No domain change	Length change 10-20%	Length changed	FALSE	No evident structure change
GTOPT001066684	ENST00000325278.7	0.68872	ok	READY	0	829	GTOPT001066684	ENST00000325278	ok	READY	TRUE	TRUE	TRUE	No domain change	Length change 10-20%	Length changed	FALSE	No evident structure change
GTOPT001067136	ENST00000355810.9	0.66705	ok	READY	0	830	GTOPT001067136	ENST00000355810	ok	READY	TRUE	TRUE	TRUE	No domain change	Length change 20-50%	Length changed	FALSE	No evident structure change
GTOPT001067184	ENST00000355810.9	0.69356	ok	READY	0	831	GTOPT001067184	ENST00000355810	ok	READY	TRUE	TRUE	TRUE	No domain change	Length change 10-20%	Length changed	FALSE	No evident structure change
GTOPT001069699	ENST00000237596.7	0.4349	ok	READY	0	833	GTOPT001069699	ENST00000237596	ok	READY	TRUE	TRUE	TRUE	Domain loss	Length change >50%	Length changed	TRUE	Structure changed
GTOPT001070948	ENST00000408927.8	0.42205	ok	READY	0	834	GTOPT001070948	ENST00000408927	ok	READY	TRUE	TRUE	TRUE	Domain loss	Length change >50%	Length changed	TRUE	Structure changed
GTOPT001072204	ENST00000332884.11	0.9372	ok	READY	0	835	GTOPT001072204	ENST00000332884	ok	READY	TRUE	TRUE	TRUE	No domain change	Length change 0-10%	Length changed	FALSE	No evident structure change
GTOPT001077402	ENST00000262994.9	0.2715	ok	READY	0	836	GTOPT001077402	ENST00000262994	ok	READY	TRUE	TRUE	TRUE	No domain change	Length change 0-10%	Length changed	TRUE	Structure changed
GTOPT001081408	ENST00000505667.6	0.12159	ok	READY	0	837	GTOPT001081408	ENST00000505667	ok	READY	TRUE	TRUE	TRUE	Domain loss	Length change >50%	Length changed	TRUE	Structure changed
GTOPT001085338	ENST00000398516.3	0.21736	ok	READY	0	838	GTOPT001085338	ENST00000398516	ok	READY	TRUE	TRUE	TRUE	Domain loss	Length change >50%	Length changed	TRUE	Structure changed
GTOPT001087550	ENST00000447017.7	0.17683	ok	READY	0	839	GTOPT001087550	ENST00000447017	ok	READY	TRUE	TRUE	TRUE	Domain loss	Length change >50%	Length changed	TRUE	Structure changed
GTOPT001091157	ENST00000349703.7	0.67808	ok	READY	0	840	GTOPT001091157	ENST00000349703	ok	READY	TRUE	TRUE	TRUE	No domain change	Length change 0-10%	Length changed	FALSE	No evident structure change
GTOPT001091354	ENST00000316423.11	0.96737	ok	READY	0	841	GTOPT001091354	ENST00000316423	ok	READY	TRUE	TRUE	TRUE	No domain change	Length change 0-10%	Length changed	FALSE	No evident structure change
GTOPT001092384	ENST00000381668.9	0.28486	ok	READY	0	842	GTOPT001092384	ENST00000381668	ok	READY	TRUE	TRUE	TRUE	Domain loss	Length change >50%	Length changed	TRUE	Structure changed
GTOPT001092618	ENST00000273857.9	0.40063	ok	READY	0	843	GTOPT001092618	ENST00000273857	ok	READY	TRUE	TRUE	TRUE	Domain loss	Length change 20-50%	Length changed	TRUE	Structure changed
GTOPT001092656	ENST00000273857.9	0.14288	ok	READY	0	844	GTOPT001092656	ENST00000273857	ok	READY	TRUE	TRUE	TRUE	Domain loss	Length change >50%	Length changed	TRUE	Structure changed
GTOPT001094091	ENST00000295666.6	0.74089	ok	READY	0	846	GTOPT001094091	ENST00000295666	ok	READY	TRUE	TRUE	TRUE	Domain loss	Length change 10-20%	Length changed	FALSE	No evident structure change
GTOPT001094105	ENST00000295666.6	0.48253	ok	READY	0	847	GTOPT001094105	ENST00000295666	ok	READY	TRUE	TRUE	TRUE	No domain change	Length change 0-10%	Length changed	TRUE	Structure changed
GTOPT001094694	ENST00000322244.10	0.30718	ok	READY	0	848	GTOPT001094694	ENST00000322244	ok	READY	TRUE	TRUE	TRUE	Complex domain change	Length change >50%	Length changed	TRUE	Structure changed
GTOPT001094958	ENST00000344157.9	0.36966	ok	READY	0	849	GTOPT001094958	ENST00000344157	ok	READY	TRUE	TRUE	TRUE	No domain change	Length change 20-50%	Length changed	TRUE	Structure changed
GTOPT001095949	ENST00000358602.9	0.03558	ok	READY	0	850	GTOPT001095949	ENST00000358602	ok	READY	TRUE	TRUE	TRUE	Domain loss	Length change >50%	Length changed	TRUE	Structure changed
GTOPT001095957	ENST00000358602.9	0.11742	ok	READY	0	851	GTOPT001095957	ENST00000358602	ok	READY	TRUE	TRUE	TRUE	Domain loss	Length change >50%	Length changed	TRUE	Structure changed
GTOPT001099330	ENST00000641462.2	0.80823	ok	READY	0	852	GTOPT001099330	ENST00000641462	ok	READY	TRUE	TRUE	TRUE	No domain change	Length change 10-20%	Length changed	FALSE	No evident structure change
GTOPT001104767	ENST00000511664.6	0.88644	ok	READY	0	853	GTOPT001104767	ENST00000511664	ok	READY	TRUE	TRUE	TRUE	No domain change	Length change 0-10%	Length changed	FALSE	No evident structure change
GTOPT001104770	ENST00000511664.6	0.88896	ok	READY	0	854	GTOPT001104770	ENST00000511664	ok	READY	TRUE	TRUE	TRUE	No domain change	Length change 0-10%	Length changed	FALSE	No evident structure change
GTOPT001107231	ENST00000398955.2	0.27861	ok	READY	0	855	GTOPT001107231	ENST00000398955	ok	READY	TRUE	TRUE	TRUE	No domain change	Length change 10-20%	Length changed	TRUE	Structure changed
GTOPT001107820	ENST00000262992.9	0.38902	ok	READY	0	856	GTOPT001107820	ENST00000262992	ok	READY	TRUE	TRUE	TRUE	Domain loss	Length change >50%	Length changed	TRUE	Structure changed
GTOPT001107828	ENST00000262992.9	0.38748	ok	READY	0	857	GTOPT001107828	ENST00000262992	ok	READY	TRUE	TRUE	TRUE	Domain loss	Length change >50%	Length changed	TRUE	Structure changed
GTOPT001108649	ENST00000651943.2	0.26115	ok	READY	0	858	GTOPT001108649	ENST00000651943	ok	READY	TRUE	TRUE	TRUE	Domain loss	Length change >50%	Length changed	TRUE	Structure changed
GTOPT001109899	ENST00000336098.8	0.69363	ok	READY	0	859	GTOPT001109899	ENST00000336098	ok	READY	TRUE	TRUE	TRUE	Domain gain	Length change 10-20%	Length changed	FALSE	No evident structure change
GTOPT001112284	ENST00000296522.11	0.82783	ok	READY	0	860	GTOPT001112284	ENST00000296522	ok	READY	TRUE	TRUE	TRUE	No domain change	Length change 10-20%	Length changed	FALSE	No evident structure change
GTOPT001114708	ENST00000695409.1	0.13891	ok	READY	0	861	GTOPT001114708	ENST00000695409	ok	READY	TRUE	TRUE	TRUE	No domain change	Length change 20-50%	Length changed	TRUE	Structure changed
GTOPT001114720	ENST00000695409.1	0.14129	ok	READY	0	862	GTOPT001114720	ENST00000695409	ok	READY	TRUE	TRUE	TRUE	No domain change	Length change 20-50%	Length changed	TRUE	Structure changed
GTOPT001115227	ENST00000695409.1	0.0724	ok	READY	0	863	GTOPT001115227	ENST00000695409	ok	READY	TRUE	TRUE	TRUE	Domain loss	Length change >50%	Length changed	TRUE	Structure changed
GTOPT001116707	ENST00000274137.10	0.7031	ok	READY	0	864	GTOPT001116707	ENST00000274137	ok	READY	TRUE	TRUE	TRUE	No domain change	Length change 10-20%	Length changed	FALSE	No evident structure change
GTOPT001122466	ENST00000282588.7	0.29485	ok	READY	0	867	GTOPT001122466	ENST00000282588	ok	READY	TRUE	TRUE	TRUE	Domain loss	Length change >50%	Length changed	TRUE	Structure changed
GTOPT001122624	ENST00000282588.7	0.18649	ok	READY	0	868	GTOPT001122624	ENST00000282588	ok	READY	TRUE	TRUE	TRUE	Complex domain change	Length change >50%	Length changed	TRUE	Structure changed
GTOPT001124147	ENST00000325324.11	0.89735	ok	READY	0	869	GTOPT001124147	ENST00000325324	ok	READY	TRUE	TRUE	TRUE	No domain change	Length change 0-10%	Length changed	FALSE	No evident structure change
GTOPT001130265	ENST00000254035.9	0.8453	ok	READY	0	873	GTOPT001130265	ENST00000254035	ok	READY	TRUE	TRUE	TRUE	No domain change	Length change 10-20%	Length changed	FALSE	No evident structure change
GTOPT001132433	ENST00000675179.1	0.33082	ok	READY	0	875	GTOPT001132433	ENST00000675179	ok	READY	TRUE	TRUE	TRUE	Domain loss	Length change 0-10%	Length changed	TRUE	Structure changed
GTOPT001133296	ENST00000675179.1	0.07109	ok	READY	0	876	GTOPT001133296	ENST00000675179	ok	READY	TRUE	TRUE	TRUE	Domain loss	Length change >50%	Length changed	TRUE	Structure changed
GTOPT001136019	ENST00000504771.3	0.82161	ok	READY	0	877	GTOPT001136019	ENST00000504771	ok	READY	TRUE	TRUE	TRUE	No domain change	Length change 10-20%	Length changed	FALSE	No evident structure change
GTOPT001136719	ENST00000696905.1	0.53339	ok	READY	0	878	GTOPT001136719	ENST00000696905	ok	READY	TRUE	TRUE	TRUE	Domain gain	Length change 20-50%	Length changed	FALSE	No evident structure change
GTOPT001140243	ENST00000302763.12	0.64107	ok	READY	0	879	GTOPT001140243	ENST00000302763	ok	READY	TRUE	TRUE	TRUE	No domain change	Length change 10-20%	Length changed	FALSE	No evident structure change
GTOPT001143015	ENST00000645722.2	0.25748	ok	READY	0	880	GTOPT001143015	ENST00000645722	ok	READY	TRUE	TRUE	TRUE	Domain loss	Length change >50%	Length changed	TRUE	Structure changed
GTOPT001144085	ENST00000256084.8	0.1277	ok	READY	0	881	GTOPT001144085	ENST00000256084	ok	READY	TRUE	TRUE	TRUE	Domain loss	Length change >50%	Length changed	TRUE	Structure changed
GTOPT001144249	ENST00000340253.10	0.28378	ok	READY	0	882	GTOPT001144249	ENST00000340253	ok	READY	TRUE	TRUE	TRUE	Domain loss	Length change >50%	Length changed	TRUE	Structure changed
GTOPT001144253	ENST00000340253.10	0.24686	ok	READY	0	883	GTOPT001144253	ENST00000340253	ok	READY	TRUE	TRUE	TRUE	No domain change	Length change >50%	Length changed	TRUE	Structure changed
GTOPT001145725	ENST00000307662.5	0.06163	ok	READY	0	884	GTOPT001145725	ENST00000307662	ok	READY	TRUE	TRUE	TRUE	No domain change	Length change >50%	Length changed	TRUE	Structure changed
GTOPT001145804	ENST00000307662.5	0.16654	ok	READY	0	885	GTOPT001145804	ENST00000307662	ok	READY	TRUE	TRUE	TRUE	No domain change	Length change 20-50%	Length changed	TRUE	Structure changed
GTOPT001146073	ENST00000388825.9	0.53771	ok	READY	0	886	GTOPT001146073	ENST00000388825	ok	READY	TRUE	TRUE	TRUE	No domain change	Length change 20-50%	Length changed	FALSE	No evident structure change
GTOPT001147940	ENST00000518297.6	0.10907	ok	READY	0	887	GTOPT001147940	ENST00000518297	ok	READY	TRUE	TRUE	TRUE	Domain loss	Length change >50%	Length changed	TRUE	Structure changed
GTOPT001148773	ENST00000231238.10	0.70896	ok	READY	0	888	GTOPT001148773	ENST00000231238	ok	READY	TRUE	TRUE	TRUE	No domain change	Length change 0-10%	Length changed	FALSE	No evident structure change
GTOPT001150213	ENST00000393784.8	0.39306	ok	READY	0	889	GTOPT001150213	ENST00000393784	ok	READY	TRUE	TRUE	TRUE	Domain loss	Length change 20-50%	Length changed	TRUE	Structure changed
GTOPT001150748	ENST00000265085.10	0.37846	ok	READY	0	890	GTOPT001150748	ENST00000265085	ok	READY	TRUE	TRUE	TRUE	No domain change	Length change >50%	Length changed	TRUE	Structure changed
GTOPT001152095	ENST00000408923.8	0.72141	ok	READY	0	891	GTOPT001152095	ENST00000408923	ok	READY	TRUE	TRUE	TRUE	No domain change	Length change 0-10%	Length changed	FALSE	No evident structure change
GTOPT001152875	ENST00000358344.8	0.32424	ok	READY	0	892	GTOPT001152875	ENST00000358344	ok	READY	TRUE	TRUE	TRUE	Domain loss	Length change 20-50%	Length changed	TRUE	Structure changed
GTOPT001154338	ENST00000327705.14	0.44006	ok	READY	0	893	GTOPT001154338	ENST00000327705	ok	READY	TRUE	TRUE	TRUE	Domain loss	Length change 20-50%	Length changed	TRUE	Structure changed
GTOPT001154823	ENST00000264930.10	0.21682	ok	READY	0	894	GTOPT001154823	ENST00000264930	ok	READY	TRUE	TRUE	TRUE	Domain loss	Length change >50%	Length changed	TRUE	Structure changed
GTOPT001157469	ENST00000382142.8	0.43081	ok	READY	0	895	GTOPT001157469	ENST00000382142	ok	READY	TRUE	TRUE	TRUE	Domain loss	Length change 20-50%	Length changed	TRUE	Structure changed
GTOPT001158364	ENST00000296603.5	0.43906	ok	READY	0	896	GTOPT001158364	ENST00000296603	ok	READY	TRUE	TRUE	TRUE	No domain change	Length change >50%	Length changed	TRUE	Structure changed
GTOPT001158383	ENST00000381937.9	0.95494	ok	READY	0	897	GTOPT001158383	ENST00000381937	ok	READY	TRUE	TRUE	TRUE	No domain change	Length change 0-10%	Length changed	FALSE	No evident structure change
GTOPT001159541	ENST00000263408.5	0.91684	ok	READY	0	899	GTOPT001159541	ENST00000263408	ok	READY	TRUE	TRUE	TRUE	No domain change	Length change 0-10%	Length changed	FALSE	No evident structure change
GTOPT001160397	ENST00000514985.6	0.12382	ok	READY	0	900	GTOPT001160397	ENST00000514985	ok	READY	TRUE	TRUE	TRUE	No domain change	Length change >50%	Length changed	TRUE	Structure changed
GTOPT001161396	ENST00000396954.8	0.75373	ok	READY	0	901	GTOPT001161396	ENST00000396954	ok	READY	TRUE	TRUE	TRUE	No domain change	Length change 10-20%	Length changed	FALSE	No evident structure change
GTOPT001162630	ENST00000340635.11	0.56782	ok	READY	0	902	GTOPT001162630	ENST00000340635	ok	READY	TRUE	TRUE	TRUE	No domain change	Length change 20-50%	Length changed	FALSE	No evident structure change
GTOPT001166531	ENST00000255194.11	0.28627	ok	READY	0	903	GTOPT001166531	ENST00000255194	ok	READY	TRUE	TRUE	TRUE	Domain loss	Length change >50%	Length changed	TRUE	Structure changed
GTOPT001167569	ENST00000274341.9	0.90963	ok	READY	0	904	GTOPT001167569	ENST00000274341	ok	READY	TRUE	TRUE	TRUE	No domain change	Length change 0-10%	Length changed	FALSE	No evident structure change
GTOPT001167771	ENST00000256897.9	0.80985	ok	READY	0	905	GTOPT001167771	ENST00000256897	ok	READY	TRUE	TRUE	TRUE	No domain change	Length change 0-10%	Length changed	FALSE	No evident structure change
GTOPT001168379	ENST00000283122.8	0.66705	ok	READY	0	906	GTOPT001168379	ENST00000283122	ok	READY	TRUE	TRUE	TRUE	Domain loss	Length change 20-50%	Length changed	FALSE	No evident structure change
GTOPT001170053	ENST00000443439.7	0.31866	ok	READY	0	907	GTOPT001170053	ENST00000443439	ok	READY	TRUE	TRUE	TRUE	Domain loss	Length change >50%	Length changed	TRUE	Structure changed
GTOPT001171601	ENST00000456936.4	0.47675	ok	READY	0	908	GTOPT001171601	ENST00000456936	ok	READY	TRUE	TRUE	TRUE	No domain change	Length change 20-50%	Length changed	TRUE	Structure changed
GTOPT001174061	ENST00000378679.8	0.13598	ok	READY	0	909	GTOPT001174061	ENST00000378679	ok	READY	TRUE	TRUE	TRUE	Domain loss	Length change >50%	Length changed	TRUE	Structure changed
GTOPT001175297	ENST00000314940.7	0.70085	ok	READY	0	910	GTOPT001175297	ENST00000314940	ok	READY	TRUE	TRUE	TRUE	No domain change	Length change 0-10%	Length changed	FALSE	No evident structure change
GTOPT001175610	ENST00000265191.4	0.81252	ok	READY	0	911	GTOPT001175610	ENST00000265191	ok	READY	TRUE	TRUE	TRUE	No domain change	Length change 0-10%	Length changed	FALSE	No evident structure change
GTOPT001176115	ENST00000394817.7	0.65355	ok	READY	0	912	GTOPT001176115	ENST00000394817	ok	READY	TRUE	TRUE	TRUE	Domain loss	Length change 20-50%	Length changed	FALSE	No evident structure change
GTOPT001176254	ENST00000434752.4	0.19615	ok	READY	0	913	GTOPT001176254	ENST00000434752	ok	READY	TRUE	TRUE	TRUE	Domain loss	Length change 0-10%	Length changed	TRUE	Structure changed
GTOPT001178416	ENST00000343218.10	0.0597	ok	READY	0	914	GTOPT001178416	ENST00000343218	ok	READY	TRUE	TRUE	TRUE	Domain loss	Length change >50%	Length changed	TRUE	Structure changed
GTOPT001179334	ENST00000671881.1	0.30816	ok	READY	0	915	GTOPT001179334	ENST00000671881	ok	READY	TRUE	TRUE	TRUE	Domain loss	Length change >50%	Length changed	TRUE	Structure changed
GTOPT001183111	ENST00000517395.6	0.85743	ok	READY	0	916	GTOPT001183111	ENST00000517395	ok	READY	TRUE	TRUE	TRUE	No domain change	Length change 0-10%	Length changed	FALSE	No evident structure change
GTOPT001183282	ENST00000176763.10	0.22305	ok	READY	0	917	GTOPT001183282	ENST00000176763	ok	READY	TRUE	TRUE	TRUE	Domain loss	Length change >50%	Length changed	TRUE	Structure changed
GTOPT001183357	ENST00000311601.6	0.2019	ok	READY	0	918	GTOPT001183357	ENST00000311601	ok	READY	TRUE	TRUE	TRUE	Domain loss	Length change >50%	Length changed	TRUE	Structure changed
GTOPT001184759	ENST00000253496.4	0.48693	ok	READY	0	919	GTOPT001184759	ENST00000253496	ok	READY	TRUE	TRUE	TRUE	Domain loss	Length change 0-10%	Length changed	TRUE	Structure changed
GTOPT001184940	ENST00000355841.7	0.56249	ok	READY	0	920	GTOPT001184940	ENST00000355841	ok	READY	TRUE	TRUE	TRUE	No domain change	Length change 0-10%	Length changed	FALSE	No evident structure change
GTOPT001185012	ENST00000355841.7	0.52166	ok	READY	0	921	GTOPT001185012	ENST00000355841	ok	READY	TRUE	TRUE	TRUE	Domain loss	Length change 20-50%	Length changed	FALSE	No evident structure change
GTOPT001185025	ENST00000355841.7	0.61033	ok	READY	0	922	GTOPT001185025	ENST00000355841	ok	READY	TRUE	TRUE	TRUE	No domain change	Length change 0-10%	Length changed	FALSE	No evident structure change
GTOPT001185026	ENST00000355841.7	0.70064	ok	READY	0	923	GTOPT001185026	ENST00000355841	ok	READY	TRUE	TRUE	TRUE	No domain change	Length change 0-10%	Length changed	FALSE	No evident structure change
GTOPT001185204	ENST00000355841.7	0.21197	ok	READY	0	924	GTOPT001185204	ENST00000355841	ok	READY	TRUE	TRUE	TRUE	Domain loss	Length change >50%	Length changed	TRUE	Structure changed
GTOPT001185819	ENST00000274606.8	0.64865	ok	READY	0	925	GTOPT001185819	ENST00000274606	ok	READY	TRUE	TRUE	TRUE	No domain change	Length change 10-20%	Length changed	FALSE	No evident structure change
GTOPT001186797	ENST00000355235.8	0.23507	ok	READY	0	926	GTOPT001186797	ENST00000355235	ok	READY	TRUE	TRUE	TRUE	Domain loss	Length change >50%	Length changed	TRUE	Structure changed
GTOPT001188121	ENST00000380773.9	0.14976	ok	READY	0	927	GTOPT001188121	ENST00000380773	ok	READY	TRUE	TRUE	TRUE	Domain loss	Length change >50%	Length changed	TRUE	Structure changed
GTOPT001194278	ENST00000359193.4	0.80742	ok	READY	0	928	GTOPT001194278	ENST00000359193	ok	READY	TRUE	TRUE	TRUE	No domain change	Length change >50%	Length changed	FALSE	No evident structure change
GTOPT001194899	ENST00000259951.12	0.70029	ok	READY	0	929	GTOPT001194899	ENST00000259951	ok	READY	TRUE	TRUE	TRUE	No domain change	Length change 20-50%	Length changed	FALSE	No evident structure change
GTOPT001194963	ENST00000259951.12	0.58223	ok	READY	0	930	GTOPT001194963	ENST00000259951	ok	READY	TRUE	TRUE	TRUE	No domain change	Length change 20-50%	Length changed	FALSE	No evident structure change
GTOPT001195442	ENST00000376809.10	0.59709	ok	READY	0	931	GTOPT001195442	ENST00000376809	ok	READY	TRUE	TRUE	TRUE	No domain change	Length change 20-50%	Length changed	FALSE	No evident structure change
GTOPT001195450	ENST00000376809.10	0.91136	ok	READY	0	932	GTOPT001195450	ENST00000376809	ok	READY	TRUE	TRUE	TRUE	No domain change	Length change 0-10%	Length changed	FALSE	No evident structure change
GTOPT001198444	ENST00000375651.7	0.92647	ok	READY	0	934	GTOPT001198444	ENST00000375651	ok	READY	TRUE	TRUE	TRUE	No domain change	Length change 0-10%	Length changed	FALSE	No evident structure change
GTOPT001200196	ENST00000374859.3	0.7676	ok	READY	0	936	GTOPT001200196	ENST00000374859	ok	READY	TRUE	TRUE	TRUE	No domain change	Length change 10-20%	Length changed	FALSE	No evident structure change
GTOPT001200222	ENST00000374859.3	0.64425	ok	READY	0	937	GTOPT001200222	ENST00000374859	ok	READY	TRUE	TRUE	TRUE	No domain change	Length change 20-50%	Length changed	FALSE	No evident structure change
GTOPT001201410	ENST00000360359.5	0.17097	ok	READY	0	938	GTOPT001201410	ENST00000360359	ok	READY	TRUE	TRUE	TRUE	Domain loss	Length change >50%	Length changed	TRUE	Structure changed
GTOPT001204040	ENST00000372977.8	0.3592	ok	READY	0	939	GTOPT001204040	ENST00000372977	ok	READY	TRUE	TRUE	TRUE	Domain loss	Length change >50%	Length changed	TRUE	Structure changed
GTOPT001205258	ENST00000265354.6	0.2511	ok	READY	0	941	GTOPT001205258	ENST00000265354	ok	READY	TRUE	TRUE	TRUE	No domain change	Length change 20-50%	Length changed	TRUE	Structure changed
GTOPT001206832	ENST00000359314.5	0.19058	ok	READY	0	942	GTOPT001206832	ENST00000359314	ok	READY	TRUE	TRUE	TRUE	No domain change	Length change 20-50%	Length changed	TRUE	Structure changed
GTOPT001208291	ENST00000259782.9	0.78509	ok	READY	0	943	GTOPT001208291	ENST00000259782	ok	READY	TRUE	TRUE	TRUE	No domain change	Length change 0-10%	Length changed	FALSE	No evident structure change
GTOPT001210626	ENST00000320393.9	0.81904	ok	READY	0	944	GTOPT001210626	ENST00000320393	ok	READY	TRUE	TRUE	TRUE	No domain change	Length change 10-20%	Length changed	FALSE	No evident structure change
GTOPT001215156	ENST00000368564.7	0.83745	ok	READY	0	945	GTOPT001215156	ENST00000368564	ok	READY	TRUE	TRUE	TRUE	No domain change	Length change 0-10%	Length changed	FALSE	No evident structure change
GTOPT001216363	ENST00000392477.7	0.07482	ok	READY	0	946	GTOPT001216363	ENST00000392477	ok	READY	TRUE	TRUE	TRUE	Domain loss	Length change >50%	Length changed	TRUE	Structure changed
GTOPT001216374	ENST00000392477.7	0.1299	ok	READY	0	947	GTOPT001216374	ENST00000392477	ok	READY	TRUE	TRUE	TRUE	Domain loss	Length change >50%	Length changed	TRUE	Structure changed
GTOPT001217500	ENST00000647893.1	0.73174	ok	READY	0	949	GTOPT001217500	ENST00000647893	ok	READY	TRUE	TRUE	TRUE	Domain loss	Length change 20-50%	Length changed	FALSE	No evident structure change
GTOPT001221211	ENST00000367321.8	0.31957	ok	READY	0	951	GTOPT001221211	ENST00000367321	ok	READY	TRUE	TRUE	TRUE	No domain change	Length change >50%	Length changed	TRUE	Structure changed
GTOPT001221269	ENST00000367321.8	0.27536	ok	READY	0	952	GTOPT001221269	ENST00000367321	ok	READY	TRUE	TRUE	TRUE	Domain loss	Length change >50%	Length changed	TRUE	Structure changed
GTOPT001228070	ENST00000379757.9	0.3094	ok	READY	0	954	GTOPT001228070	ENST00000379757	ok	READY	TRUE	TRUE	TRUE	Domain loss	Length change 20-50%	Length changed	TRUE	Structure changed
GTOPT001229087	ENST00000379287.4	0.27367	ok	READY	0	955	GTOPT001229087	ENST00000379287	ok	READY	TRUE	TRUE	TRUE	Domain loss	Length change >50%	Length changed	TRUE	Structure changed
GTOPT001232645	ENST00000377034.9	0.08324	ok	READY	0	956	GTOPT001232645	ENST00000377034	ok	READY	TRUE	TRUE	TRUE	Domain loss	Length change >50%	Length changed	TRUE	Structure changed
GTOPT001234627	ENST00000412585.7	0.57687	ok	READY	0	957	GTOPT001234627	ENST00000412585	ok	READY	TRUE	TRUE	TRUE	No domain change	Length change 20-50%	Length changed	FALSE	No evident structure change
GTOPT001234960	ENST00000429299.3	0.64089	ok	READY	0	958	GTOPT001234960	ENST00000429299	ok	READY	TRUE	TRUE	TRUE	No domain change	Length change 20-50%	Length changed	FALSE	No evident structure change
GTOPT001236413	ENST00000644971.2	0.14446	ok	READY	0	960	GTOPT001236413	ENST00000644971	ok	READY	TRUE	TRUE	TRUE	Domain loss	Length change >50%	Length changed	TRUE	Structure changed
GTOPT001237996	ENST00000692443.1	0.62207	ok	READY	0	961	GTOPT001237996	ENST00000692443	ok	READY	TRUE	TRUE	TRUE	No domain change	Length change 20-50%	Length changed	FALSE	No evident structure change
GTOPT001239896	ENST00000357266.9	0.72399	ok	READY	0	962	GTOPT001239896	ENST00000357266	ok	READY	TRUE	TRUE	TRUE	Domain loss	Length change 10-20%	Length changed	FALSE	No evident structure change
GTOPT001240764	ENST00000373825.7	0.28751	ok	READY	0	963	GTOPT001240764	ENST00000373825	ok	READY	TRUE	TRUE	TRUE	Domain loss	Length change >50%	Length changed	TRUE	Structure changed
GTOPT001243850	ENST00000230431.11	0.89192	ok	READY	0	964	GTOPT001243850	ENST00000230431	ok	READY	TRUE	TRUE	TRUE	No domain change	Length change 0-10%	Length changed	FALSE	No evident structure change
GTOPT001247323	ENST00000281156.5	0.62706	ok	READY	0	970	GTOPT001247323	ENST00000281156	ok	READY	TRUE	TRUE	TRUE	Domain loss	Length change 10-20%	Length changed	FALSE	No evident structure change
GTOPT001248120	ENST00000309268.11	0.53685	ok	READY	0	971	GTOPT001248120	ENST00000309268	ok	READY	TRUE	TRUE	TRUE	Domain loss	Length change 20-50%	Length changed	FALSE	No evident structure change
GTOPT001248127	ENST00000309268.11	0.76466	ok	READY	0	972	GTOPT001248127	ENST00000309268	ok	READY	TRUE	TRUE	TRUE	Domain gain	Length change 10-20%	Length changed	FALSE	No evident structure change
GTOPT001248520	ENST00000322507.13	0.02462	ok	READY	0	973	GTOPT001248520	ENST00000322507	ok	READY	TRUE	TRUE	TRUE	Domain loss	Length change >50%	Length changed	TRUE	Structure changed
GTOPT001248562	ENST00000322507.13	0.04304	ok	READY	0	974	GTOPT001248562	ENST00000322507	ok	READY	TRUE	TRUE	TRUE	Domain loss	Length change >50%	Length changed	TRUE	Structure changed
GTOPT001250462	ENST00000369622.8	0.73161	ok	READY	0	975	GTOPT001250462	ENST00000369622	ok	READY	TRUE	TRUE	TRUE	No domain change	Length change 0-10%	Length changed	FALSE	No evident structure change
GTOPT001252014	ENST00000369303.9	0.50449	ok	READY	0	976	GTOPT001252014	ENST00000369303	ok	READY	TRUE	TRUE	TRUE	Domain loss	Length change 20-50%	Length changed	FALSE	No evident structure change
GTOPT001252044	ENST00000369303.9	0.26237	ok	READY	0	977	GTOPT001252044	ENST00000369303	ok	READY	TRUE	TRUE	TRUE	Domain loss	Length change >50%	Length changed	TRUE	Structure changed
GTOPT001253182	ENST00000369063.8	0.73615	ok	READY	0	980	GTOPT001253182	ENST00000369063	ok	READY	TRUE	TRUE	TRUE	No domain change	Length change 20-50%	Length changed	FALSE	No evident structure change
GTOPT001255135	ENST00000354650.7	0.9074	ok	READY	0	981	GTOPT001255135	ENST00000354650	ok	READY	TRUE	TRUE	TRUE	No domain change	Length change 0-10%	Length changed	FALSE	No evident structure change
GTOPT001255232	ENST00000354650.7	0.77842	ok	READY	0	982	GTOPT001255232	ENST00000354650	ok	READY	TRUE	TRUE	TRUE	No domain change	Length change 10-20%	Length changed	FALSE	No evident structure change
GTOPT001255253	ENST00000354650.7	0.44681	ok	READY	0	983	GTOPT001255253	ENST00000354650	ok	READY	TRUE	TRUE	TRUE	Domain loss	Length change 20-50%	Length changed	TRUE	Structure changed
GTOPT001255468	ENST00000230538.12	0.07588	ok	READY	0	984	GTOPT001255468	ENST00000230538	ok	READY	TRUE	TRUE	TRUE	Domain loss	Length change >50%	Length changed	TRUE	Structure changed
GTOPT001255504	ENST00000230538.12	0.11614	ok	READY	0	985	GTOPT001255504	ENST00000230538	ok	READY	TRUE	TRUE	TRUE	Domain loss	Length change >50%	Length changed	TRUE	Structure changed
GTOPT001255979	ENST00000368608.4	0.5502	ok	READY	0	986	GTOPT001255979	ENST00000368608	ok	READY	TRUE	TRUE	TRUE	No domain change	Length change 0-10%	Length changed	FALSE	No evident structure change
GTOPT001257903	ENST00000483725.8	0.21957	ok	READY	0	987	GTOPT001257903	ENST00000483725	ok	READY	TRUE	TRUE	TRUE	No domain change	Length change 0-10%	Length changed	TRUE	Structure changed
GTOPT001258048	ENST00000368226.9	0.07963	ok	READY	0	988	GTOPT001258048	ENST00000368226	ok	READY	TRUE	TRUE	TRUE	Domain loss	Length change >50%	Length changed	TRUE	Structure changed
GTOPT001258084	ENST00000368226.9	0.31555	ok	READY	0	989	GTOPT001258084	ENST00000368226	ok	READY	TRUE	TRUE	TRUE	Domain loss	Length change >50%	Length changed	TRUE	Structure changed
GTOPT001258105	ENST00000368226.9	0.19364	ok	READY	0	990	GTOPT001258105	ENST00000368226	ok	READY	TRUE	TRUE	TRUE	Domain loss	Length change >50%	Length changed	TRUE	Structure changed
GTOPT001258211	ENST00000368149.3	0.85976	ok	READY	0	991	GTOPT001258211	ENST00000368149	ok	READY	TRUE	TRUE	TRUE	No domain change	Length change 0-10%	Length changed	FALSE	No evident structure change
GTOPT001258515	ENST00000337057.8	0.06352	ok	READY	0	992	GTOPT001258515	ENST00000337057	ok	READY	TRUE	TRUE	TRUE	Domain loss	Length change >50%	Length changed	TRUE	Structure changed
GTOPT001258727	ENST00000367976.4	0.44032	ok	READY	0	993	GTOPT001258727	ENST00000367976	ok	READY	TRUE	TRUE	TRUE	Domain loss	Length change 20-50%	Length changed	TRUE	Structure changed
GTOPT001260316	ENST00000531224.6	0.11294	ok	READY	0	994	GTOPT001260316	ENST00000531224	ok	READY	TRUE	TRUE	TRUE	No domain change	Length change >50%	Length changed	TRUE	Structure changed
GTOPT001260655	ENST00000359015.5	0.42518	ok	READY	0	995	GTOPT001260655	ENST00000359015	ok	READY	TRUE	TRUE	TRUE	Domain loss	Length change >50%	Length changed	TRUE	Structure changed
GTOPT001261376	ENST00000450536.7	0.17929	ok	READY	0	996	GTOPT001261376	ENST00000450536	ok	READY	TRUE	TRUE	TRUE	Domain loss	Length change >50%	Length changed	TRUE	Structure changed
GTOPT001262691	ENST00000340413.7	0.79478	ok	READY	0	997	GTOPT001262691	ENST00000340413	ok	READY	TRUE	TRUE	TRUE	No domain change	Length change 10-20%	Length changed	FALSE	No evident structure change
GTOPT001264100	ENST00000367089.8	0.75787	ok	READY	0	1001	GTOPT001264100	ENST00000367089	ok	READY	TRUE	TRUE	TRUE	No domain change	Length change 0-10%	Length changed	FALSE	No evident structure change
GTOPT001264168	ENST00000367075.4	0.82384	ok	READY	0	1002	GTOPT001264168	ENST00000367075	ok	READY	TRUE	TRUE	TRUE	No domain change	Length change 0-10%	Length changed	FALSE	No evident structure change
GTOPT001266719	ENST00000617924.6	0.19847	ok	READY	0	1003	GTOPT001266719	ENST00000617924	ok	READY	TRUE	TRUE	TRUE	Domain loss	Length change >50%	Length changed	TRUE	Structure changed
GTOPT001267508	ENST00000401592.6	0.52179	ok	READY	0	1004	GTOPT001267508	ENST00000401592	ok	READY	TRUE	TRUE	TRUE	No domain change	Length change 10-20%	Length changed	FALSE	No evident structure change
GTOPT001267509	ENST00000401592.6	0.28864	ok	READY	0	1005	GTOPT001267509	ENST00000401592	ok	READY	TRUE	TRUE	TRUE	No domain change	Length change 10-20%	Length changed	TRUE	Structure changed
GTOPT001271979	ENST00000466681.2	0.3038	ok	READY	0	1006	GTOPT001271979	ENST00000466681	ok	READY	TRUE	TRUE	TRUE	No domain change	Length change 20-50%	Length changed	TRUE	Structure changed
GTOPT001274829	ENST00000350320.11	0.8292	ok	READY	0	1007	GTOPT001274829	ENST00000350320	ok	READY	TRUE	TRUE	TRUE	No domain change	Length change 0-10%	Length changed	FALSE	No evident structure change
GTOPT001277689	ENST00000395564.9	0.53277	ok	READY	0	1008	GTOPT001277689	ENST00000395564	ok	READY	TRUE	TRUE	TRUE	No domain change	Length change 20-50%	Length changed	FALSE	No evident structure change
GTOPT001281956	ENST00000252034.12	0.1796	ok	READY	0	1009	GTOPT001281956	ENST00000252034	ok	READY	TRUE	TRUE	TRUE	No domain change	Length change 0-10%	Length changed	TRUE	Structure changed
GTOPT001287847	ENST00000305866.10	0.46225	ok	READY	0	1011	GTOPT001287847	ENST00000305866	ok	READY	TRUE	TRUE	TRUE	Domain loss	Length change 20-50%	Length changed	TRUE	Structure changed
GTOPT001288726	ENST00000297293.6	0.09916	ok	READY	0	1012	GTOPT001288726	ENST00000297293	ok	READY	TRUE	TRUE	TRUE	No domain change	Length change >50%	Length changed	TRUE	Structure changed
GTOPT001292179	ENST00000397912.3	0.79446	ok	READY	0	1013	GTOPT001292179	ENST00000397912	ok	READY	TRUE	TRUE	TRUE	No domain change	Length change 10-20%	Length changed	FALSE	No evident structure change
GTOPT001292391	ENST00000413034.3	0.66334	ok	READY	0	1014	GTOPT001292391	ENST00000413034	ok	READY	TRUE	TRUE	TRUE	Domain loss	Length change 10-20%	Length changed	FALSE	No evident structure change
GTOPT001292403	ENST00000413034.3	0.30322	ok	READY	0	1015	GTOPT001292403	ENST00000413034	ok	READY	TRUE	TRUE	TRUE	Domain loss	Length change >50%	Length changed	TRUE	Structure changed
GTOPT001292455	ENST00000413034.3	0.65803	ok	READY	0	1016	GTOPT001292455	ENST00000413034	ok	READY	TRUE	TRUE	TRUE	No domain change	Length change 20-50%	Length changed	FALSE	No evident structure change
GTOPT001293610	ENST00000496166.6	0.90179	ok	READY	0	1018	GTOPT001293610	ENST00000496166	ok	READY	TRUE	TRUE	TRUE	No domain change	Length change 0-10%	Length changed	FALSE	No evident structure change
GTOPT001294991	ENST00000222693.5	0.32707	ok	READY	0	1019	GTOPT001294991	ENST00000222693	ok	READY	TRUE	TRUE	TRUE	Domain gain	Length change 10-20%	Length changed	TRUE	Structure changed
GTOPT001295339	ENST00000323984.8	0.85161	ok	READY	0	1020	GTOPT001295339	ENST00000323984	ok	READY	TRUE	TRUE	TRUE	No domain change	Length change 0-10%	Length changed	FALSE	No evident structure change
GTOPT001297879	ENST00000222481.9	0.78504	ok	READY	0	1021	GTOPT001297879	ENST00000222481	ok	READY	TRUE	TRUE	TRUE	Domain loss	Length change 20-50%	Length changed	FALSE	No evident structure change
GTOPT001297946	ENST00000222481.9	0.82259	ok	READY	0	1022	GTOPT001297946	ENST00000222481	ok	READY	TRUE	TRUE	TRUE	No domain change	Length change 10-20%	Length changed	FALSE	No evident structure change
GTOPT001298471	ENST00000011292.8	0.25512	ok	READY	0	1023	GTOPT001298471	ENST00000011292	ok	READY	TRUE	TRUE	TRUE	Domain loss	Length change >50%	Length changed	TRUE	Structure changed
GTOPT001299372	ENST00000361675.7	0.27262	ok	READY	0	1024	GTOPT001299372	ENST00000361675	ok	READY	TRUE	TRUE	TRUE	No domain change	Length change 20-50%	Length changed	TRUE	Structure changed
GTOPT001299658	ENST00000361675.7	0.29497	ok	READY	0	1025	GTOPT001299658	ENST00000361675	ok	READY	TRUE	TRUE	TRUE	No domain change	Length change 20-50%	Length changed	TRUE	Structure changed
GTOPT001299746	ENST00000361675.7	0.37076	ok	READY	0	1026	GTOPT001299746	ENST00000361675	ok	READY	TRUE	TRUE	TRUE	Domain loss	Length change 10-20%	Length changed	TRUE	Structure changed
GTOPT001299778	ENST00000361675.7	0.19169	ok	READY	0	1027	GTOPT001299778	ENST00000361675	ok	READY	TRUE	TRUE	TRUE	Domain loss	Length change 20-50%	Length changed	TRUE	Structure changed
GTOPT001303373	ENST00000311737.12	0.88705	ok	READY	0	1029	GTOPT001303373	ENST00000311737	ok	READY	TRUE	TRUE	TRUE	No domain change	Length change 0-10%	Length changed	FALSE	No evident structure change
GTOPT001303858	ENST00000539842.6	0.68018	ok	READY	0	1030	GTOPT001303858	ENST00000539842	ok	READY	TRUE	TRUE	TRUE	No domain change	Length change 20-50%	Length changed	FALSE	No evident structure change
GTOPT001310012	ENST00000646664.1	0.34488	ok	READY	0	1032	GTOPT001310012	ENST00000646664	ok	READY	TRUE	TRUE	TRUE	No domain change	Length change >50%	Length changed	TRUE	Structure changed
GTOPT001314450	ENST00000265395.7	0.55794	ok	READY	0	1033	GTOPT001314450	ENST00000265395	ok	READY	TRUE	TRUE	TRUE	Domain loss	Length change 20-50%	Length changed	FALSE	No evident structure change
GTOPT001315663	ENST00000610140.7	0.56663	ok	READY	0	1034	GTOPT001315663	ENST00000610140	ok	READY	TRUE	TRUE	TRUE	No domain change	Length change 20-50%	Length changed	FALSE	No evident structure change
GTOPT001317282	ENST00000356264.7	0.14536	ok	READY	0	1035	GTOPT001317282	ENST00000356264	ok	READY	TRUE	TRUE	TRUE	Complex domain change	Length change >50%	Length changed	TRUE	Structure changed
GTOPT001323139	ENST00000333149.7	0.66017	ok	READY	0	1036	GTOPT001323139	ENST00000333149	ok	READY	TRUE	TRUE	TRUE	No domain change	Length change 0-10%	Length changed	FALSE	No evident structure change
GTOPT001323439	ENST00000313375.8	0.40737	ok	READY	0	1037	GTOPT001323439	ENST00000313375	ok	READY	TRUE	TRUE	TRUE	No domain change	Length change 0-10%	Length changed	TRUE	Structure changed
GTOPT001324630	ENST00000336926.11	0.29837	ok	READY	0	1038	GTOPT001324630	ENST00000336926	ok	READY	TRUE	TRUE	TRUE	Domain loss	Length change >50%	Length changed	TRUE	Structure changed
GTOPT001325766	ENST00000265361.8	0.1273	ok	READY	0	1039	GTOPT001325766	ENST00000265361	ok	READY	TRUE	TRUE	TRUE	Domain loss	Length change >50%	Length changed	TRUE	Structure changed
GTOPT001326864	ENST00000380079.9	0.31617	ok	READY	0	1040	GTOPT001326864	ENST00000380079	ok	READY	TRUE	TRUE	TRUE	Domain loss	Length change >50%	Length changed	TRUE	Structure changed
GTOPT001327937	ENST00000222381.8	0.75283	ok	READY	0	1041	GTOPT001327937	ENST00000222381	ok	READY	TRUE	TRUE	TRUE	No domain change	Length change 20-50%	Length changed	FALSE	No evident structure change
GTOPT001327968	ENST00000265627.10	0.99744	ok	READY	0	1042	GTOPT001327968	ENST00000265627	ok	READY	TRUE	TRUE	TRUE	No domain change	Length change 10-20%	Length changed	FALSE	No evident structure change
GTOPT001329849	ENST00000651514.1	0.26928	ok	READY	0	1043	GTOPT001329849	ENST00000651514	ok	READY	TRUE	TRUE	TRUE	No domain change	Length change >50%	Length changed	TRUE	Structure changed
GTOPT001331806	ENST00000223136.5	0.77367	ok	READY	0	1044	GTOPT001331806	ENST00000223136	ok	READY	TRUE	TRUE	TRUE	No domain change	Length change 10-20%	Length changed	FALSE	No evident structure change
GTOPT001333098	ENST00000379263.8	0.42129	ok	READY	0	1045	GTOPT001333098	ENST00000379263	ok	READY	TRUE	TRUE	TRUE	Domain loss	Length change 20-50%	Length changed	TRUE	Structure changed
GTOPT001334045	ENST00000222553.8	0.86016	ok	READY	0	1046	GTOPT001334045	ENST00000222553	ok	READY	TRUE	TRUE	TRUE	No domain change	Length change 0-10%	Length changed	FALSE	No evident structure change
GTOPT001334490	ENST00000297135.9	0.18564	ok	READY	0	1047	GTOPT001334490	ENST00000297135	ok	READY	TRUE	TRUE	TRUE	Domain loss	Length change >50%	Length changed	TRUE	Structure changed
GTOPT001337201	ENST00000223073.6	0.31606	ok	READY	0	1049	GTOPT001337201	ENST00000223073	ok	READY	TRUE	TRUE	TRUE	Domain loss	Length change 20-50%	Length changed	TRUE	Structure changed
GTOPT001337309	ENST00000338791.11	0.85289	ok	READY	0	1050	GTOPT001337309	ENST00000338791	ok	READY	TRUE	TRUE	TRUE	No domain change	Length change 10-20%	Length changed	FALSE	No evident structure change
GTOPT001339119	ENST00000285930.9	0.54149	ok	READY	0	1051	GTOPT001339119	ENST00000285930	ok	READY	TRUE	TRUE	TRUE	No domain change	Length change 20-50%	Length changed	FALSE	No evident structure change
GTOPT001342712	ENST00000485972.6	0.99134	ok	READY	0	1052	GTOPT001342712	ENST00000485972	ok	READY	TRUE	TRUE	TRUE	No domain change	Length change 0-10%	Length changed	FALSE	No evident structure change
GTOPT001348168	ENST00000325083.13	0.09565	ok	READY	0	1053	GTOPT001348168	ENST00000325083	ok	READY	TRUE	TRUE	TRUE	Domain loss	Length change >50%	Length changed	TRUE	Structure changed
GTOPT001348187	ENST00000325083.13	0.24727	ok	READY	0	1054	GTOPT001348187	ENST00000325083	ok	READY	TRUE	TRUE	TRUE	No domain change	Length change 0-10%	Length changed	TRUE	Structure changed
GTOPT001348379	ENST00000325083.13	0.04913	ok	READY	0	1055	GTOPT001348379	ENST00000325083	ok	READY	TRUE	TRUE	TRUE	Domain loss	Length change >50%	Length changed	TRUE	Structure changed
GTOPT001349261	ENST00000252512.14	0.9721	ok	READY	0	1056	GTOPT001349261	ENST00000252512	ok	READY	TRUE	TRUE	TRUE	No domain change	Length change 0-10%	Length changed	FALSE	No evident structure change
GTOPT001351306	ENST00000240139.10	0.23461	ok	READY	0	1057	GTOPT001351306	ENST00000240139	ok	READY	TRUE	TRUE	TRUE	No domain change	Length change >50%	Length changed	TRUE	Structure changed
GTOPT001353841	ENST00000301904.4	0.30935	ok	READY	0	1058	GTOPT001353841	ENST00000301904	ok	READY	TRUE	TRUE	TRUE	Domain loss	Length change 20-50%	Length changed	TRUE	Structure changed
GTOPT001357238	ENST00000520810.6	0.17426	ok	READY	0	1059	GTOPT001357238	ENST00000520810	ok	READY	TRUE	TRUE	TRUE	Domain loss	Length change >50%	Length changed	TRUE	Structure changed
GTOPT001357364	ENST00000520810.6	0.18181	ok	READY	0	1060	GTOPT001357364	ENST00000520810	ok	READY	TRUE	TRUE	TRUE	Domain loss	Length change >50%	Length changed	TRUE	Structure changed
GTOPT001359265	ENST00000519728.6	0.41361	ok	READY	0	1061	GTOPT001359265	ENST00000519728	ok	READY	TRUE	TRUE	TRUE	Domain loss	Length change 20-50%	Length changed	TRUE	Structure changed
GTOPT001359457	ENST00000519728.6	0.26739	ok	READY	0	1062	GTOPT001359457	ENST00000519728	ok	READY	TRUE	TRUE	TRUE	Domain loss	Length change >50%	Length changed	TRUE	Structure changed
GTOPT001362125	ENST00000240285.10	0.78812	ok	READY	0	1063	GTOPT001362125	ENST00000240285	ok	READY	TRUE	TRUE	TRUE	No domain change	Length unchanged	Amino-acid changed	FALSE	No evident structure change
GTOPT001363475	ENST00000285379.10	0.9925	ok	READY	0	1064	GTOPT001363475	ENST00000285379	ok	READY	TRUE	TRUE	TRUE	No domain change	Length change 20-50%	Length changed	FALSE	No evident structure change
GTOPT001368037	ENST00000332843.3	0.56834	ok	READY	0	1065	GTOPT001368037	ENST00000332843	ok	READY	TRUE	TRUE	TRUE	No domain change	Length change 20-50%	Length changed	FALSE	No evident structure change
GTOPT001368090	ENST00000259526.4	0.42717	ok	READY	0	1066	GTOPT001368090	ENST00000259526	ok	READY	TRUE	TRUE	TRUE	Domain loss	Length change 20-50%	Length changed	TRUE	Structure changed
GTOPT001368095	ENST00000259526.4	0.31752	ok	READY	0	1067	GTOPT001368095	ENST00000259526	ok	READY	TRUE	TRUE	TRUE	Domain loss	Length change 20-50%	Length changed	TRUE	Structure changed
GTOPT001368143	ENST00000286234.6	0.66372	ok	READY	0	1068	GTOPT001368143	ENST00000286234	ok	READY	TRUE	TRUE	TRUE	No domain change	Length change 10-20%	Length changed	FALSE	No evident structure change
GTOPT001368199	ENST00000286234.6	0.17765	ok	READY	0	1069	GTOPT001368199	ENST00000286234	ok	READY	TRUE	TRUE	TRUE	Domain loss	Length change >50%	Length changed	TRUE	Structure changed
GTOPT001376797	ENST00000693296.1	0.132	ok	READY	0	1070	GTOPT001376797	ENST00000693296	ok	READY	TRUE	TRUE	TRUE	No domain change	Length change >50%	Length changed	TRUE	Structure changed
GTOPT001376910	ENST00000693296.1	0.1507	ok	READY	0	1071	GTOPT001376910	ENST00000693296	ok	READY	TRUE	TRUE	TRUE	Domain loss	Length change >50%	Length changed	TRUE	Structure changed
GTOPT001377546	ENST00000637790.2	0.9717	ok	READY	0	1072	GTOPT001377546	ENST00000637790	ok	READY	TRUE	TRUE	TRUE	No domain change	Length change 0-10%	Length changed	FALSE	No evident structure change
GTOPT001378002	ENST00000327040.13	0.14561	ok	READY	0	1073	GTOPT001378002	ENST00000327040	ok	READY	TRUE	TRUE	TRUE	Domain loss	Length change 20-50%	Length changed	TRUE	Structure changed
GTOPT001379286	ENST00000380871.5	0.1188	ok	READY	0	1074	GTOPT001379286	ENST00000380871	ok	READY	TRUE	TRUE	TRUE	Domain loss	Length change >50%	Length changed	TRUE	Structure changed
GTOPT001379697	ENST00000305364.9	0.16926	ok	READY	0	1075	GTOPT001379697	ENST00000305364	ok	READY	TRUE	TRUE	TRUE	Complex domain change	Length change >50%	Length changed	TRUE	Structure changed
GTOPT001380505	ENST00000354914.8	0.24308	ok	READY	0	1076	GTOPT001380505	ENST00000354914	ok	READY	TRUE	TRUE	TRUE	No domain change	Length change >50%	Length changed	TRUE	Structure changed
GTOPT001388982	ENST00000276585.9	0.64601	ok	READY	0	1078	GTOPT001388982	ENST00000276585	ok	READY	TRUE	TRUE	TRUE	No domain change	Length change 0-10%	Length changed	FALSE	No evident structure change
GTOPT001389356	ENST00000379071.4	0.99837	ok	READY	0	1079	GTOPT001389356	ENST00000379071	ok	READY	TRUE	TRUE	TRUE	No domain change	Length change 0-10%	Length changed	FALSE	No evident structure change
GTOPT001393551	ENST00000297578.9	0.22505	ok	READY	0	1080	GTOPT001393551	ENST00000297578	ok	READY	TRUE	TRUE	TRUE	Domain loss	Length change >50%	Length changed	TRUE	Structure changed
GTOPT001394034	ENST00000239690.9	0.87333	ok	READY	0	1081	GTOPT001394034	ENST00000239690	ok	READY	TRUE	TRUE	TRUE	No domain change	Length change 0-10%	Length changed	FALSE	No evident structure change
GTOPT001396001	ENST00000419625.6	0.9074	ok	READY	0	1082	GTOPT001396001	ENST00000419625	ok	READY	TRUE	TRUE	TRUE	No domain change	Length change 0-10%	Length changed	FALSE	No evident structure change
GTOPT001398867	ENST00000696786.1	0.71507	ok	READY	0	1083	GTOPT001398867	ENST00000696786	ok	READY	TRUE	TRUE	TRUE	No domain change	Length change 0-10%	Length changed	FALSE	No evident structure change
GTOPT001398919	ENST00000696786.1	0.10283	ok	READY	0	1084	GTOPT001398919	ENST00000696786	ok	READY	TRUE	TRUE	TRUE	Domain loss	Length change >50%	Length changed	TRUE	Structure changed
GTOPT001398944	ENST00000696786.1	0.42018	ok	READY	0	1085	GTOPT001398944	ENST00000696786	ok	READY	TRUE	TRUE	TRUE	Domain loss	Length change >50%	Length changed	TRUE	Structure changed
GTOPT001399028	ENST00000696786.1	0.15702	ok	READY	0	1086	GTOPT001399028	ENST00000696786	ok	READY	TRUE	TRUE	TRUE	Domain loss	Length change >50%	Length changed	TRUE	Structure changed
GTOPT001401702	ENST00000331890.6	0.83509	ok	READY	0	1087	GTOPT001401702	ENST00000331890	ok	READY	TRUE	TRUE	TRUE	No domain change	Length change 0-10%	Length changed	FALSE	No evident structure change
GTOPT001403299	ENST00000382297.7	0.28311	ok	READY	0	1089	GTOPT001403299	ENST00000382297	ok	READY	TRUE	TRUE	TRUE	Domain loss	Length change 10-20%	Length changed	TRUE	Structure changed
GTOPT001403434	ENST00000382297.7	0.16563	ok	READY	0	1090	GTOPT001403434	ENST00000382297	ok	READY	TRUE	TRUE	TRUE	Domain loss	Length change >50%	Length changed	TRUE	Structure changed
GTOPT001403683	ENST00000349721.8	0.22278	ok	READY	0	1091	GTOPT001403683	ENST00000349721	ok	READY	TRUE	TRUE	TRUE	Domain loss	Length change >50%	Length changed	TRUE	Structure changed
GTOPT001406216	ENST00000380062.10	0.30418	ok	READY	0	1094	GTOPT001406216	ENST00000380062	ok	READY	TRUE	TRUE	TRUE	No domain change	Length change 20-50%	Length changed	TRUE	Structure changed
GTOPT001406219	ENST00000380062.10	0.43224	ok	READY	0	1095	GTOPT001406219	ENST00000380062	ok	READY	TRUE	TRUE	TRUE	No domain change	Length change 0-10%	Length changed	TRUE	Structure changed
GTOPT001407434	ENST00000378842.8	0.98654	ok	READY	0	1096	GTOPT001407434	ENST00000378842	ok	READY	TRUE	TRUE	TRUE	No domain change	Length change 0-10%	Length changed	FALSE	No evident structure change
GTOPT001407647	ENST00000378842.8	0.87261	ok	READY	0	1097	GTOPT001407647	ENST00000378842	ok	READY	TRUE	TRUE	TRUE	No domain change	Length change 10-20%	Length changed	FALSE	No evident structure change
GTOPT001409203	ENST00000318158.11	0.90947	ok	READY	0	1098	GTOPT001409203	ENST00000318158	ok	READY	TRUE	TRUE	TRUE	Domain gain	Length change 0-10%	Length changed	FALSE	No evident structure change
GTOPT001409223	ENST00000318158.11	0.74908	ok	READY	0	1099	GTOPT001409223	ENST00000318158	ok	READY	TRUE	TRUE	TRUE	No domain change	Length change 20-50%	Length changed	FALSE	No evident structure change
GTOPT001412924	ENST00000396396.6	0.91787	ok	READY	0	1100	GTOPT001412924	ENST00000396396	ok	READY	TRUE	TRUE	TRUE	No domain change	Length change 0-10%	Length changed	FALSE	No evident structure change
GTOPT001413471	ENST00000377182.5	0.78792	ok	READY	0	1101	GTOPT001413471	ENST00000377182	ok	READY	TRUE	TRUE	TRUE	No domain change	Length change 10-20%	Length changed	FALSE	No evident structure change
GTOPT001413478	ENST00000377182.5	0.68425	ok	READY	0	1102	GTOPT001413478	ENST00000377182	ok	READY	TRUE	TRUE	TRUE	No domain change	Length change 10-20%	Length changed	FALSE	No evident structure change
GTOPT001414211	ENST00000257497.11	0.97638	ok	READY	0	1103	GTOPT001414211	ENST00000257497	ok	READY	TRUE	TRUE	TRUE	No domain change	Length change 0-10%	Length changed	FALSE	No evident structure change
GTOPT001416884	ENST00000375754.9	0.91869	ok	READY	0	1104	GTOPT001416884	ENST00000375754	ok	READY	TRUE	TRUE	TRUE	No domain change	Length change 0-10%	Length changed	FALSE	No evident structure change
GTOPT001417758	ENST00000359246.9	0.5096	ok	READY	0	1106	GTOPT001417758	ENST00000359246	ok	READY	TRUE	TRUE	TRUE	No domain change	Length change 0-10%	Length changed	FALSE	No evident structure change
GTOPT001419285	ENST00000375001.8	0.44475	ok	READY	0	1107	GTOPT001419285	ENST00000375001	ok	READY	TRUE	TRUE	TRUE	No domain change	Length change 0-10%	Length changed	TRUE	Structure changed
GTOPT001420458	ENST00000481272.6	0.59353	ok	READY	0	1108	GTOPT001420458	ENST00000481272	ok	READY	TRUE	TRUE	TRUE	No domain change	Length change 20-50%	Length changed	FALSE	No evident structure change
GTOPT001421081	ENST00000374530.8	0.16927	ok	READY	0	1109	GTOPT001421081	ENST00000374530	ok	READY	TRUE	TRUE	TRUE	Domain loss	Length change 20-50%	Length changed	TRUE	Structure changed
GTOPT001421750	ENST00000398805.8	0.2749	ok	READY	0	1110	GTOPT001421750	ENST00000398805	ok	READY	TRUE	TRUE	TRUE	Domain loss	Length change >50%	Length changed	TRUE	Structure changed
GTOPT001422495	ENST00000259396.9	0.99468	ok	READY	0	1111	GTOPT001422495	ENST00000259396	ok	READY	TRUE	TRUE	TRUE	No domain change	Length change 0-10%	Length changed	FALSE	No evident structure change
GTOPT001423226	ENST00000432226.7	0.99942	ok	READY	0	1112	GTOPT001423226	ENST00000432226	ok	READY	TRUE	TRUE	TRUE	No domain change	Length change 0-10%	Length changed	FALSE	No evident structure change
GTOPT001423818	ENST00000408936.8	0.3598	ok	READY	0	1113	GTOPT001423818	ENST00000408936	ok	READY	TRUE	TRUE	TRUE	Domain loss	Length change >50%	Length changed	TRUE	Structure changed
GTOPT001424922	ENST00000297933.11	0.22349	ok	READY	0	1114	GTOPT001424922	ENST00000297933	ok	READY	TRUE	TRUE	TRUE	Domain loss	Length change >50%	Length changed	TRUE	Structure changed
GTOPT001427062	ENST00000322030.13	0.82911	ok	READY	0	1116	GTOPT001427062	ENST00000322030	ok	READY	TRUE	TRUE	TRUE	No domain change	Length change 0-10%	Length changed	FALSE	No evident structure change
GTOPT001428966	ENST00000372358.10	0.55009	ok	READY	0	1117	GTOPT001428966	ENST00000372358	ok	READY	TRUE	TRUE	TRUE	Domain loss	Length change 20-50%	Length changed	FALSE	No evident structure change
GTOPT001431307	ENST00000651351.2	0.23911	ok	READY	0	1118	GTOPT001431307	ENST00000651351	ok	READY	TRUE	TRUE	TRUE	Domain loss	Length change >50%	Length changed	TRUE	Structure changed
GTOPT001431509	ENST00000481739.2	0.51693	ok	READY	0	1119	GTOPT001431509	ENST00000481739	ok	READY	TRUE	TRUE	TRUE	No domain change	Length change 20-50%	Length changed	FALSE	No evident structure change
GTOPT001431803	ENST00000291744.11	0.48125	ok	READY	0	1120	GTOPT001431803	ENST00000291744	ok	READY	TRUE	TRUE	TRUE	Domain loss	Length change 20-50%	Length changed	TRUE	Structure changed
GTOPT001432202	ENST00000440944.6	0.11463	ok	READY	0	1121	GTOPT001432202	ENST00000440944	ok	READY	TRUE	TRUE	TRUE	Domain loss	Length change >50%	Length changed	TRUE	Structure changed
GTOPT001433952	ENST00000460843.6	0.14684	ok	READY	0	1122	GTOPT001433952	ENST00000460843	ok	READY	TRUE	TRUE	TRUE	Domain loss	Length change >50%	Length changed	TRUE	Structure changed
GTOPT001435612	ENST00000319217.12	0.114	ok	READY	0	1123	GTOPT001435612	ENST00000319217	ok	READY	TRUE	TRUE	TRUE	Domain loss	Length change >50%	Length changed	TRUE	Structure changed
GTOPT001435640	ENST00000319217.12	0.11645	ok	READY	0	1124	GTOPT001435640	ENST00000319217	ok	READY	TRUE	TRUE	TRUE	Domain loss	Length change >50%	Length changed	TRUE	Structure changed
GTOPT001436409	ENST00000380733.9	0.23965	ok	READY	0	1125	GTOPT001436409	ENST00000380733	ok	READY	TRUE	TRUE	TRUE	Domain loss	Length change >50%	Length changed	TRUE	Structure changed
GTOPT001436428	ENST00000380733.9	0.48393	ok	READY	0	1126	GTOPT001436428	ENST00000380733	ok	READY	TRUE	TRUE	TRUE	No domain change	Length change 10-20%	Length changed	TRUE	Structure changed
GTOPT001440318	ENST00000645482.3	0.67779	ok	READY	0	1127	GTOPT001440318	ENST00000645482	ok	READY	TRUE	TRUE	TRUE	No domain change	Length change 20-50%	Length changed	FALSE	No evident structure change
GTOPT001441271	ENST00000358127.9	0.35333	ok	READY	0	1131	GTOPT001441271	ENST00000358127	ok	READY	TRUE	TRUE	TRUE	Domain loss	Length change >50%	Length changed	TRUE	Structure changed
GTOPT001445415	ENST00000297785.8	0.97382	ok	READY	0	1132	GTOPT001445415	ENST00000297785	ok	READY	TRUE	TRUE	TRUE	No domain change	Length change 0-10%	Length changed	FALSE	No evident structure change
GTOPT001445420	ENST00000297785.8	0.98143	ok	READY	0	1133	GTOPT001445420	ENST00000297785	ok	READY	TRUE	TRUE	TRUE	No domain change	Length change 0-10%	Length changed	FALSE	No evident structure change
GTOPT001449478	ENST00000344604.10	0.17011	ok	READY	0	1135	GTOPT001449478	ENST00000344604	ok	READY	TRUE	TRUE	TRUE	Complex domain change	Length change >50%	Length changed	TRUE	Structure changed
GTOPT001449757	ENST00000375446.5	0.90432	ok	READY	0	1136	GTOPT001449757	ENST00000375446	ok	READY	TRUE	TRUE	TRUE	No domain change	Length change 0-10%	Length changed	FALSE	No evident structure change
GTOPT001452458	ENST00000374647.10	0.13251	ok	READY	0	1137	GTOPT001452458	ENST00000374647	ok	READY	TRUE	TRUE	TRUE	Domain loss	Length change >50%	Length changed	TRUE	Structure changed
GTOPT001452995	ENST00000374517.6	0.94146	ok	READY	0	1138	GTOPT001452995	ENST00000374517	ok	READY	TRUE	TRUE	TRUE	No domain change	Length change 0-10%	Length changed	FALSE	No evident structure change
GTOPT001454319	ENST00000409155.8	0.99311	ok	READY	0	1139	GTOPT001454319	ENST00000409155	ok	READY	TRUE	TRUE	TRUE	No domain change	Length change 0-10%	Length changed	FALSE	No evident structure change
GTOPT001458233	ENST00000644144.2	0.59316	ok	READY	0	1142	GTOPT001458233	ENST00000644144	ok	READY	TRUE	TRUE	TRUE	Complex domain change	Length change 20-50%	Length changed	FALSE	No evident structure change
GTOPT001459527	ENST00000302586.8	0.95727	ok	READY	0	1143	GTOPT001459527	ENST00000302586	ok	READY	TRUE	TRUE	TRUE	No domain change	Length change 0-10%	Length changed	FALSE	No evident structure change
GTOPT001460133	ENST00000446176.7	0.53411	ok	READY	0	1144	GTOPT001460133	ENST00000446176	ok	READY	TRUE	TRUE	TRUE	No domain change	Length change 0-10%	Length changed	FALSE	No evident structure change
GTOPT001460480	ENST00000683357.1	0.62693	ok	READY	0	1145	GTOPT001460480	ENST00000683357	ok	READY	TRUE	TRUE	TRUE	No domain change	Length change 10-20%	Length changed	FALSE	No evident structure change
GTOPT001461467	ENST00000371974.8	0.87021	ok	READY	0	1146	GTOPT001461467	ENST00000371974	ok	READY	TRUE	TRUE	TRUE	No domain change	Length change 0-10%	Length changed	FALSE	No evident structure change
GTOPT001461768	ENST00000439388.6	0.28064	ok	READY	0	1147	GTOPT001461768	ENST00000439388	ok	READY	TRUE	TRUE	TRUE	Domain loss	Length change >50%	Length changed	TRUE	Structure changed
GTOPT001472784	ENST00000381127.6	0.877	ok	READY	0	1148	GTOPT001472784	ENST00000381127	ok	READY	TRUE	TRUE	TRUE	Domain gain	Length change 0-10%	Length changed	FALSE	No evident structure change
GTOPT001476204	ENST00000039007.5	0.88435	ok	READY	0	1149	GTOPT001476204	ENST00000039007	ok	READY	TRUE	TRUE	TRUE	No domain change	Length change 20-50%	Length changed	FALSE	No evident structure change
GTOPT001478231	ENST00000326194.11	0.81753	ok	READY	0	1150	GTOPT001478231	ENST00000326194	ok	READY	TRUE	TRUE	TRUE	No domain change	Length change 10-20%	Length changed	FALSE	No evident structure change
GTOPT001480663	ENST00000342972.3	0.66614	ok	READY	0	1151	GTOPT001480663	ENST00000342972	ok	READY	TRUE	TRUE	TRUE	No domain change	Length change 10-20%	Length changed	FALSE	No evident structure change
GTOPT001483230	ENST00000373316.5	0.93168	ok	READY	0	1152	GTOPT001483230	ENST00000373316	ok	READY	TRUE	TRUE	TRUE	No domain change	Length change 0-10%	Length changed	FALSE	No evident structure change
GTOPT001483243	ENST00000373316.5	0.98194	ok	READY	0	1153	GTOPT001483243	ENST00000373316	ok	READY	TRUE	TRUE	TRUE	No domain change	Length change 0-10%	Length changed	FALSE	No evident structure change
GTOPT001486063	ENST00000372007.10	0.15516	ok	READY	0	1154	GTOPT001486063	ENST00000372007	ok	READY	TRUE	TRUE	TRUE	Domain loss	Length change >50%	Length changed	TRUE	Structure changed
GTOPT001486862	ENST00000217971.8	0.74441	ok	READY	0	1155	GTOPT001486862	ENST00000217971	ok	READY	TRUE	TRUE	TRUE	No domain change	Length change 0-10%	Length changed	FALSE	No evident structure change
GTOPT001487372	ENST00000371199.8	0.17148	ok	READY	0	1156	GTOPT001487372	ENST00000371199	ok	READY	TRUE	TRUE	TRUE	Domain loss	Length change >50%	Length changed	TRUE	Structure changed
GTOPT001487896	ENST00000371106.4	0.87053	ok	READY	0	1157	GTOPT001487896	ENST00000371106	ok	READY	TRUE	TRUE	TRUE	Domain loss	Length change 0-10%	Length changed	FALSE	No evident structure change
GTOPT001490926	ENST00000263519.5	0.85814	ok	READY	0	1158	GTOPT001490926	ENST00000263519	ok	READY	TRUE	TRUE	TRUE	No domain change	Length change 0-10%	Length changed	FALSE	No evident structure change
GTOPT001491442	ENST00000369817.7	0.75909	ok	READY	0	1159	GTOPT001491442	ENST00000369817	ok	READY	TRUE	TRUE	TRUE	No domain change	Length change 20-50%	Length changed	FALSE	No evident structure change
GTOPT001491500	ENST00000369817.7	0.75909	ok	READY	0	1160	GTOPT001491500	ENST00000369817	ok	READY	TRUE	TRUE	TRUE	No domain change	Length change 20-50%	Length changed	FALSE	No evident structure change
GTOPT001494676	ENST00000359276.9	0.20909	ok	READY	0	1161	GTOPT001494676	ENST00000359276	ok	READY	TRUE	TRUE	TRUE	Domain loss	Length change >50%	Length changed	TRUE	Structure changed
GTOPT001496161	ENST00000288422.4	0.15682	ok	READY	0	1162	GTOPT001496161	ENST00000288422	ok	READY	TRUE	TRUE	TRUE	Domain loss	Length change >50%	Length changed	TRUE	Structure changed
GTOPT001497291	ENST00000378163.7	0.48497	ok	READY	0	1166	GTOPT001497291	ENST00000378163	ok	READY	TRUE	TRUE	TRUE	No domain change	Length change 20-50%	Length changed	TRUE	Structure changed
GTOPT001500513	ENST00000434397.3	0.85443	ok	READY	0	1169	GTOPT001500513	ENST00000434397	ok	READY	TRUE	TRUE	TRUE	No domain change	Length change 10-20%	Length changed	FALSE	No evident structure change
GTOPT001501835	ENST00000316084.10	0.93088	ok	READY	0	1170	GTOPT001501835	ENST00000316084	ok	READY	TRUE	TRUE	TRUE	No domain change	Length change 0-10%	Length changed	FALSE	No evident structure change
GTOPT001502887	ENST00000373344.11	0.11596	ok	READY	0	1171	GTOPT001502887	ENST00000373344	ok	READY	TRUE	TRUE	TRUE	Domain loss	Length change >50%	Length changed	TRUE	Structure changed
GTOPT001507534	ENST00000370853.8	0.46218	ok	READY	0	1172	GTOPT001507534	ENST00000370853	ok	READY	TRUE	TRUE	TRUE	Domain loss	Length change 10-20%	Length changed	TRUE	Structure changed
GTOPT001508215	ENST00000320676.11	0.32532	ok	READY	0	1173	GTOPT001508215	ENST00000320676	ok	READY	TRUE	TRUE	TRUE	No domain change	Length change 20-50%	Length changed	TRUE	Structure changed
GTOPT001510167	ENST00000393700.8	0.96731	ok	READY	0	1174	GTOPT001510167	ENST00000393700	ok	READY	TRUE	TRUE	TRUE	No domain change	Length change 0-10%	Length changed	FALSE	No evident structure change
GTOPT001510962	ENST00000447601.7	0.82065	ok	READY	0	1176	GTOPT001510962	ENST00000447601	ok	READY	TRUE	TRUE	TRUE	No domain change	Length change 0-10%	Length changed	FALSE	No evident structure change
GTOPT001512327	ENST00000250784.13	0.59919	ok	READY	0	1177	GTOPT001512327	ENST00000250784	ok	READY	TRUE	TRUE	TRUE	Domain loss	Length change 20-50%	Length changed	FALSE	No evident structure change
