permutation_id	tissue	cs_mprahit	cs_all	cs_ratio
observed	Adipose	398	2341	0.170
observed	Adrenal_Gland	353	2136	0.165
observed	Liver	348	1838	0.189
observed	Muscle	75	573	0.131
observed	Pancreas_Body	378	2461	0.154
observed	Skin	61	526	0.116
observed	Spleen	154	805	0.191
observed	Whole_Blood	671	3633	0.185
1	Adipose	84	2332	0.036020583190394515
2	Adipose	87	2332	0.037307032590051456
3	Adipose	81	2332	0.034734133790737566
4	Adipose	79	2332	0.033876500857632934
5	Adipose	71	2332	0.030445969125214408
6	Adipose	70	2332	0.030017152658662092
7	Adipose	76	2332	0.032590051457975985
8	Adipose	81	2332	0.034734133790737566
9	Adipose	75	2332	0.03216123499142367
10	Adipose	83	2332	0.0355917667238422
11	Adipose	100	2332	0.04288164665523156
12	Adipose	78	2332	0.03344768439108062
13	Adipose	98	2332	0.04202401372212693
14	Adipose	94	2332	0.04030874785591767
15	Adipose	95	2332	0.040737564322469985
16	Adipose	74	2332	0.03173241852487135
17	Adipose	85	2332	0.036449399656946824
18	Adipose	72	2332	0.030874785591766724
19	Adipose	75	2332	0.03216123499142367
20	Adipose	95	2332	0.040737564322469985
21	Adipose	92	2332	0.03945111492281304
22	Adipose	77	2332	0.0330188679245283
23	Adipose	76	2332	0.032590051457975985
24	Adipose	79	2332	0.033876500857632934
25	Adipose	80	2332	0.03430531732418525
26	Adipose	83	2332	0.0355917667238422
27	Adipose	81	2332	0.034734133790737566
28	Adipose	90	2332	0.038593481989708404
29	Adipose	78	2332	0.03344768439108062
30	Adipose	87	2332	0.037307032590051456
31	Adipose	97	2332	0.04159519725557462
32	Adipose	88	2332	0.03773584905660377
33	Adipose	91	2332	0.03902229845626072
34	Adipose	74	2332	0.03173241852487135
35	Adipose	81	2332	0.034734133790737566
36	Adipose	85	2332	0.036449399656946824
37	Adipose	80	2332	0.03430531732418525
38	Adipose	84	2332	0.036020583190394515
39	Adipose	48	2332	0.02058319039451115
40	Adipose	83	2332	0.0355917667238422
41	Adipose	85	2332	0.036449399656946824
42	Adipose	84	2332	0.036020583190394515
43	Adipose	90	2332	0.038593481989708404
44	Adipose	72	2332	0.030874785591766724
45	Adipose	82	2332	0.03516295025728988
46	Adipose	81	2332	0.034734133790737566
47	Adipose	86	2332	0.03687821612349914
48	Adipose	83	2332	0.0355917667238422
49	Adipose	82	2332	0.03516295025728988
50	Adipose	83	2332	0.0355917667238422
51	Adipose	83	2332	0.0355917667238422
52	Adipose	93	2332	0.03987993138936535
53	Adipose	79	2332	0.033876500857632934
54	Adipose	64	2332	0.0274442538593482
55	Adipose	77	2332	0.0330188679245283
56	Adipose	73	2332	0.03130360205831904
57	Adipose	91	2332	0.03902229845626072
58	Adipose	81	2332	0.034734133790737566
59	Adipose	87	2332	0.037307032590051456
60	Adipose	77	2332	0.0330188679245283
61	Adipose	88	2332	0.03773584905660377
62	Adipose	80	2332	0.03430531732418525
63	Adipose	80	2332	0.03430531732418525
64	Adipose	93	2332	0.03987993138936535
65	Adipose	74	2332	0.03173241852487135
66	Adipose	87	2332	0.037307032590051456
67	Adipose	98	2332	0.04202401372212693
68	Adipose	77	2332	0.0330188679245283
69	Adipose	80	2332	0.03430531732418525
70	Adipose	87	2332	0.037307032590051456
71	Adipose	80	2332	0.03430531732418525
72	Adipose	81	2332	0.034734133790737566
73	Adipose	74	2332	0.03173241852487135
74	Adipose	87	2332	0.037307032590051456
75	Adipose	90	2332	0.038593481989708404
76	Adipose	97	2332	0.04159519725557462
77	Adipose	87	2332	0.037307032590051456
78	Adipose	75	2332	0.03216123499142367
79	Adipose	82	2332	0.03516295025728988
80	Adipose	72	2332	0.030874785591766724
81	Adipose	67	2332	0.028730703259005147
82	Adipose	91	2332	0.03902229845626072
83	Adipose	75	2332	0.03216123499142367
84	Adipose	69	2332	0.029588336192109776
85	Adipose	69	2332	0.029588336192109776
86	Adipose	70	2332	0.030017152658662092
87	Adipose	84	2332	0.036020583190394515
88	Adipose	83	2332	0.0355917667238422
89	Adipose	79	2332	0.033876500857632934
90	Adipose	82	2332	0.03516295025728988
91	Adipose	77	2332	0.0330188679245283
92	Adipose	81	2332	0.034734133790737566
93	Adipose	69	2332	0.029588336192109776
94	Adipose	77	2332	0.0330188679245283
95	Adipose	78	2332	0.03344768439108062
96	Adipose	88	2332	0.03773584905660377
97	Adipose	80	2332	0.03430531732418525
98	Adipose	82	2332	0.03516295025728988
99	Adipose	81	2332	0.034734133790737566
100	Adipose	64	2332	0.0274442538593482
101	Adipose	88	2332	0.03773584905660377
102	Adipose	79	2332	0.033876500857632934
103	Adipose	86	2332	0.03687821612349914
104	Adipose	70	2332	0.030017152658662092
105	Adipose	71	2332	0.030445969125214408
106	Adipose	91	2332	0.03902229845626072
107	Adipose	83	2332	0.0355917667238422
108	Adipose	75	2332	0.03216123499142367
109	Adipose	75	2332	0.03216123499142367
110	Adipose	97	2332	0.04159519725557462
111	Adipose	78	2332	0.03344768439108062
112	Adipose	84	2332	0.036020583190394515
113	Adipose	90	2332	0.038593481989708404
114	Adipose	100	2332	0.04288164665523156
115	Adipose	73	2332	0.03130360205831904
116	Adipose	71	2332	0.030445969125214408
117	Adipose	79	2332	0.033876500857632934
118	Adipose	68	2332	0.029159519725557463
119	Adipose	70	2332	0.030017152658662092
120	Adipose	76	2332	0.032590051457975985
121	Adipose	89	2332	0.03816466552315609
122	Adipose	74	2332	0.03173241852487135
123	Adipose	74	2332	0.03173241852487135
124	Adipose	80	2332	0.03430531732418525
125	Adipose	101	2332	0.043310463121783875
126	Adipose	86	2332	0.03687821612349914
127	Adipose	90	2332	0.038593481989708404
128	Adipose	85	2332	0.036449399656946824
129	Adipose	80	2332	0.03430531732418525
130	Adipose	84	2332	0.036020583190394515
131	Adipose	89	2332	0.03816466552315609
132	Adipose	69	2332	0.029588336192109776
133	Adipose	81	2332	0.034734133790737566
134	Adipose	81	2332	0.034734133790737566
135	Adipose	82	2332	0.03516295025728988
136	Adipose	80	2332	0.03430531732418525
137	Adipose	78	2332	0.03344768439108062
138	Adipose	71	2332	0.030445969125214408
139	Adipose	70	2332	0.030017152658662092
140	Adipose	90	2332	0.038593481989708404
141	Adipose	72	2332	0.030874785591766724
142	Adipose	76	2332	0.032590051457975985
143	Adipose	88	2332	0.03773584905660377
144	Adipose	88	2332	0.03773584905660377
145	Adipose	84	2332	0.036020583190394515
146	Adipose	75	2332	0.03216123499142367
147	Adipose	90	2332	0.038593481989708404
148	Adipose	83	2332	0.0355917667238422
149	Adipose	83	2332	0.0355917667238422
150	Adipose	83	2332	0.0355917667238422
151	Adipose	77	2332	0.0330188679245283
152	Adipose	77	2332	0.0330188679245283
153	Adipose	84	2332	0.036020583190394515
154	Adipose	80	2332	0.03430531732418525
155	Adipose	81	2332	0.034734133790737566
156	Adipose	66	2332	0.02830188679245283
157	Adipose	93	2332	0.03987993138936535
158	Adipose	72	2332	0.030874785591766724
159	Adipose	77	2332	0.0330188679245283
160	Adipose	76	2332	0.032590051457975985
161	Adipose	85	2332	0.036449399656946824
162	Adipose	92	2332	0.03945111492281304
163	Adipose	71	2332	0.030445969125214408
164	Adipose	76	2332	0.032590051457975985
165	Adipose	96	2332	0.0411663807890223
166	Adipose	88	2332	0.03773584905660377
167	Adipose	74	2332	0.03173241852487135
168	Adipose	77	2332	0.0330188679245283
169	Adipose	84	2332	0.036020583190394515
170	Adipose	82	2332	0.03516295025728988
171	Adipose	71	2332	0.030445969125214408
172	Adipose	74	2332	0.03173241852487135
173	Adipose	83	2332	0.0355917667238422
174	Adipose	92	2332	0.03945111492281304
175	Adipose	87	2332	0.037307032590051456
176	Adipose	78	2332	0.03344768439108062
177	Adipose	72	2332	0.030874785591766724
178	Adipose	67	2332	0.028730703259005147
179	Adipose	79	2332	0.033876500857632934
180	Adipose	80	2332	0.03430531732418525
181	Adipose	79	2332	0.033876500857632934
182	Adipose	77	2332	0.0330188679245283
183	Adipose	87	2332	0.037307032590051456
184	Adipose	84	2332	0.036020583190394515
185	Adipose	84	2332	0.036020583190394515
186	Adipose	88	2332	0.03773584905660377
187	Adipose	83	2332	0.0355917667238422
188	Adipose	70	2332	0.030017152658662092
189	Adipose	73	2332	0.03130360205831904
190	Adipose	78	2332	0.03344768439108062
191	Adipose	79	2332	0.033876500857632934
192	Adipose	87	2332	0.037307032590051456
193	Adipose	82	2332	0.03516295025728988
194	Adipose	71	2332	0.030445969125214408
195	Adipose	84	2332	0.036020583190394515
196	Adipose	65	2332	0.027873070325900515
197	Adipose	89	2332	0.03816466552315609
198	Adipose	82	2332	0.03516295025728988
199	Adipose	70	2332	0.030017152658662092
200	Adipose	97	2332	0.04159519725557462
201	Adipose	84	2332	0.036020583190394515
202	Adipose	83	2332	0.0355917667238422
203	Adipose	77	2332	0.0330188679245283
204	Adipose	76	2332	0.032590051457975985
205	Adipose	75	2332	0.03216123499142367
206	Adipose	85	2332	0.036449399656946824
207	Adipose	85	2332	0.036449399656946824
208	Adipose	84	2332	0.036020583190394515
209	Adipose	83	2332	0.0355917667238422
210	Adipose	72	2332	0.030874785591766724
211	Adipose	82	2332	0.03516295025728988
212	Adipose	86	2332	0.03687821612349914
213	Adipose	65	2332	0.027873070325900515
214	Adipose	82	2332	0.03516295025728988
215	Adipose	77	2332	0.0330188679245283
216	Adipose	88	2332	0.03773584905660377
217	Adipose	65	2332	0.027873070325900515
218	Adipose	83	2332	0.0355917667238422
219	Adipose	96	2332	0.0411663807890223
220	Adipose	86	2332	0.03687821612349914
221	Adipose	68	2332	0.029159519725557463
222	Adipose	85	2332	0.036449399656946824
223	Adipose	63	2332	0.027015437392795882
224	Adipose	82	2332	0.03516295025728988
225	Adipose	75	2332	0.03216123499142367
226	Adipose	81	2332	0.034734133790737566
227	Adipose	71	2332	0.030445969125214408
228	Adipose	82	2332	0.03516295025728988
229	Adipose	68	2332	0.029159519725557463
230	Adipose	68	2332	0.029159519725557463
231	Adipose	93	2332	0.03987993138936535
232	Adipose	94	2332	0.04030874785591767
233	Adipose	73	2332	0.03130360205831904
234	Adipose	85	2332	0.036449399656946824
235	Adipose	83	2332	0.0355917667238422
236	Adipose	84	2332	0.036020583190394515
237	Adipose	78	2332	0.03344768439108062
238	Adipose	81	2332	0.034734133790737566
239	Adipose	70	2332	0.030017152658662092
240	Adipose	80	2332	0.03430531732418525
241	Adipose	87	2332	0.037307032590051456
242	Adipose	87	2332	0.037307032590051456
243	Adipose	73	2332	0.03130360205831904
244	Adipose	78	2332	0.03344768439108062
245	Adipose	80	2332	0.03430531732418525
246	Adipose	67	2332	0.028730703259005147
247	Adipose	75	2332	0.03216123499142367
248	Adipose	82	2332	0.03516295025728988
249	Adipose	89	2332	0.03816466552315609
250	Adipose	83	2332	0.0355917667238422
251	Adipose	75	2332	0.03216123499142367
252	Adipose	81	2332	0.034734133790737566
253	Adipose	84	2332	0.036020583190394515
254	Adipose	72	2332	0.030874785591766724
255	Adipose	70	2332	0.030017152658662092
256	Adipose	72	2332	0.030874785591766724
257	Adipose	89	2332	0.03816466552315609
258	Adipose	80	2332	0.03430531732418525
259	Adipose	70	2332	0.030017152658662092
260	Adipose	85	2332	0.036449399656946824
261	Adipose	75	2332	0.03216123499142367
262	Adipose	92	2332	0.03945111492281304
263	Adipose	68	2332	0.029159519725557463
264	Adipose	86	2332	0.03687821612349914
265	Adipose	77	2332	0.0330188679245283
266	Adipose	72	2332	0.030874785591766724
267	Adipose	79	2332	0.033876500857632934
268	Adipose	84	2332	0.036020583190394515
269	Adipose	93	2332	0.03987993138936535
270	Adipose	66	2332	0.02830188679245283
271	Adipose	92	2332	0.03945111492281304
272	Adipose	71	2332	0.030445969125214408
273	Adipose	60	2332	0.025728987993138937
274	Adipose	73	2332	0.03130360205831904
275	Adipose	75	2332	0.03216123499142367
276	Adipose	89	2332	0.03816466552315609
277	Adipose	70	2332	0.030017152658662092
278	Adipose	77	2332	0.0330188679245283
279	Adipose	85	2332	0.036449399656946824
280	Adipose	71	2332	0.030445969125214408
281	Adipose	95	2332	0.040737564322469985
282	Adipose	86	2332	0.03687821612349914
283	Adipose	71	2332	0.030445969125214408
284	Adipose	84	2332	0.036020583190394515
285	Adipose	79	2332	0.033876500857632934
286	Adipose	84	2332	0.036020583190394515
287	Adipose	81	2332	0.034734133790737566
288	Adipose	81	2332	0.034734133790737566
289	Adipose	73	2332	0.03130360205831904
290	Adipose	72	2332	0.030874785591766724
291	Adipose	85	2332	0.036449399656946824
292	Adipose	82	2332	0.03516295025728988
293	Adipose	85	2332	0.036449399656946824
294	Adipose	82	2332	0.03516295025728988
295	Adipose	66	2332	0.02830188679245283
296	Adipose	79	2332	0.033876500857632934
297	Adipose	82	2332	0.03516295025728988
298	Adipose	73	2332	0.03130360205831904
299	Adipose	78	2332	0.03344768439108062
300	Adipose	91	2332	0.03902229845626072
301	Adipose	77	2332	0.0330188679245283
302	Adipose	86	2332	0.03687821612349914
303	Adipose	89	2332	0.03816466552315609
304	Adipose	74	2332	0.03173241852487135
305	Adipose	82	2332	0.03516295025728988
306	Adipose	83	2332	0.0355917667238422
307	Adipose	85	2332	0.036449399656946824
308	Adipose	86	2332	0.03687821612349914
309	Adipose	84	2332	0.036020583190394515
310	Adipose	89	2332	0.03816466552315609
311	Adipose	81	2332	0.034734133790737566
312	Adipose	88	2332	0.03773584905660377
313	Adipose	89	2332	0.03816466552315609
314	Adipose	70	2332	0.030017152658662092
315	Adipose	83	2332	0.0355917667238422
316	Adipose	78	2332	0.03344768439108062
317	Adipose	83	2332	0.0355917667238422
318	Adipose	72	2332	0.030874785591766724
319	Adipose	91	2332	0.03902229845626072
320	Adipose	94	2332	0.04030874785591767
321	Adipose	75	2332	0.03216123499142367
322	Adipose	81	2332	0.034734133790737566
323	Adipose	83	2332	0.0355917667238422
324	Adipose	88	2332	0.03773584905660377
325	Adipose	80	2332	0.03430531732418525
326	Adipose	68	2332	0.029159519725557463
327	Adipose	87	2332	0.037307032590051456
328	Adipose	87	2332	0.037307032590051456
329	Adipose	89	2332	0.03816466552315609
330	Adipose	85	2332	0.036449399656946824
331	Adipose	80	2332	0.03430531732418525
332	Adipose	90	2332	0.038593481989708404
333	Adipose	83	2332	0.0355917667238422
334	Adipose	76	2332	0.032590051457975985
335	Adipose	91	2332	0.03902229845626072
336	Adipose	68	2332	0.029159519725557463
337	Adipose	85	2332	0.036449399656946824
338	Adipose	76	2332	0.032590051457975985
339	Adipose	75	2332	0.03216123499142367
340	Adipose	82	2332	0.03516295025728988
341	Adipose	77	2332	0.0330188679245283
342	Adipose	76	2332	0.032590051457975985
343	Adipose	76	2332	0.032590051457975985
344	Adipose	86	2332	0.03687821612349914
345	Adipose	81	2332	0.034734133790737566
346	Adipose	94	2332	0.04030874785591767
347	Adipose	67	2332	0.028730703259005147
348	Adipose	80	2332	0.03430531732418525
349	Adipose	75	2332	0.03216123499142367
350	Adipose	75	2332	0.03216123499142367
351	Adipose	77	2332	0.0330188679245283
352	Adipose	82	2332	0.03516295025728988
353	Adipose	87	2332	0.037307032590051456
354	Adipose	86	2332	0.03687821612349914
355	Adipose	84	2332	0.036020583190394515
356	Adipose	82	2332	0.03516295025728988
357	Adipose	89	2332	0.03816466552315609
358	Adipose	82	2332	0.03516295025728988
359	Adipose	70	2332	0.030017152658662092
360	Adipose	83	2332	0.0355917667238422
361	Adipose	84	2332	0.036020583190394515
362	Adipose	66	2332	0.02830188679245283
363	Adipose	65	2332	0.027873070325900515
364	Adipose	79	2332	0.033876500857632934
365	Adipose	86	2332	0.03687821612349914
366	Adipose	99	2332	0.04245283018867924
367	Adipose	79	2332	0.033876500857632934
368	Adipose	71	2332	0.030445969125214408
369	Adipose	95	2332	0.040737564322469985
370	Adipose	85	2332	0.036449399656946824
371	Adipose	81	2332	0.034734133790737566
372	Adipose	75	2332	0.03216123499142367
373	Adipose	88	2332	0.03773584905660377
374	Adipose	82	2332	0.03516295025728988
375	Adipose	75	2332	0.03216123499142367
376	Adipose	88	2332	0.03773584905660377
377	Adipose	86	2332	0.03687821612349914
378	Adipose	94	2332	0.04030874785591767
379	Adipose	96	2332	0.0411663807890223
380	Adipose	94	2332	0.04030874785591767
381	Adipose	67	2332	0.028730703259005147
382	Adipose	86	2332	0.03687821612349914
383	Adipose	81	2332	0.034734133790737566
384	Adipose	92	2332	0.03945111492281304
385	Adipose	87	2332	0.037307032590051456
386	Adipose	79	2332	0.033876500857632934
387	Adipose	79	2332	0.033876500857632934
388	Adipose	95	2332	0.040737564322469985
389	Adipose	73	2332	0.03130360205831904
390	Adipose	67	2332	0.028730703259005147
391	Adipose	86	2332	0.03687821612349914
392	Adipose	89	2332	0.03816466552315609
393	Adipose	95	2332	0.040737564322469985
394	Adipose	89	2332	0.03816466552315609
395	Adipose	84	2332	0.036020583190394515
396	Adipose	72	2332	0.030874785591766724
397	Adipose	70	2332	0.030017152658662092
398	Adipose	72	2332	0.030874785591766724
399	Adipose	84	2332	0.036020583190394515
400	Adipose	87	2332	0.037307032590051456
401	Adipose	86	2332	0.03687821612349914
402	Adipose	81	2332	0.034734133790737566
403	Adipose	78	2332	0.03344768439108062
404	Adipose	76	2332	0.032590051457975985
405	Adipose	85	2332	0.036449399656946824
406	Adipose	90	2332	0.038593481989708404
407	Adipose	71	2332	0.030445969125214408
408	Adipose	72	2332	0.030874785591766724
409	Adipose	76	2332	0.032590051457975985
410	Adipose	73	2332	0.03130360205831904
411	Adipose	79	2332	0.033876500857632934
412	Adipose	79	2332	0.033876500857632934
413	Adipose	71	2332	0.030445969125214408
414	Adipose	74	2332	0.03173241852487135
415	Adipose	86	2332	0.03687821612349914
416	Adipose	62	2332	0.026586620926243566
417	Adipose	75	2332	0.03216123499142367
418	Adipose	85	2332	0.036449399656946824
419	Adipose	86	2332	0.03687821612349914
420	Adipose	79	2332	0.033876500857632934
421	Adipose	83	2332	0.0355917667238422
422	Adipose	68	2332	0.029159519725557463
423	Adipose	72	2332	0.030874785591766724
424	Adipose	89	2332	0.03816466552315609
425	Adipose	74	2332	0.03173241852487135
426	Adipose	67	2332	0.028730703259005147
427	Adipose	79	2332	0.033876500857632934
428	Adipose	90	2332	0.038593481989708404
429	Adipose	82	2332	0.03516295025728988
430	Adipose	63	2332	0.027015437392795882
431	Adipose	85	2332	0.036449399656946824
432	Adipose	82	2332	0.03516295025728988
433	Adipose	70	2332	0.030017152658662092
434	Adipose	88	2332	0.03773584905660377
435	Adipose	84	2332	0.036020583190394515
436	Adipose	91	2332	0.03902229845626072
437	Adipose	77	2332	0.0330188679245283
438	Adipose	72	2332	0.030874785591766724
439	Adipose	83	2332	0.0355917667238422
440	Adipose	86	2332	0.03687821612349914
441	Adipose	81	2332	0.034734133790737566
442	Adipose	70	2332	0.030017152658662092
443	Adipose	69	2332	0.029588336192109776
444	Adipose	67	2332	0.028730703259005147
445	Adipose	77	2332	0.0330188679245283
446	Adipose	89	2332	0.03816466552315609
447	Adipose	86	2332	0.03687821612349914
448	Adipose	84	2332	0.036020583190394515
449	Adipose	87	2332	0.037307032590051456
450	Adipose	65	2332	0.027873070325900515
451	Adipose	74	2332	0.03173241852487135
452	Adipose	81	2332	0.034734133790737566
453	Adipose	68	2332	0.029159519725557463
454	Adipose	70	2332	0.030017152658662092
455	Adipose	63	2332	0.027015437392795882
456	Adipose	79	2332	0.033876500857632934
457	Adipose	85	2332	0.036449399656946824
458	Adipose	83	2332	0.0355917667238422
459	Adipose	89	2332	0.03816466552315609
460	Adipose	73	2332	0.03130360205831904
461	Adipose	79	2332	0.033876500857632934
462	Adipose	81	2332	0.034734133790737566
463	Adipose	90	2332	0.038593481989708404
464	Adipose	79	2332	0.033876500857632934
465	Adipose	74	2332	0.03173241852487135
466	Adipose	66	2332	0.02830188679245283
467	Adipose	83	2332	0.0355917667238422
468	Adipose	77	2332	0.0330188679245283
469	Adipose	84	2332	0.036020583190394515
470	Adipose	75	2332	0.03216123499142367
471	Adipose	95	2332	0.040737564322469985
472	Adipose	74	2332	0.03173241852487135
473	Adipose	64	2332	0.0274442538593482
474	Adipose	81	2332	0.034734133790737566
475	Adipose	67	2332	0.028730703259005147
476	Adipose	75	2332	0.03216123499142367
477	Adipose	85	2332	0.036449399656946824
478	Adipose	72	2332	0.030874785591766724
479	Adipose	73	2332	0.03130360205831904
480	Adipose	84	2332	0.036020583190394515
481	Adipose	88	2332	0.03773584905660377
482	Adipose	78	2332	0.03344768439108062
483	Adipose	78	2332	0.03344768439108062
484	Adipose	83	2332	0.0355917667238422
485	Adipose	89	2332	0.03816466552315609
486	Adipose	81	2332	0.034734133790737566
487	Adipose	81	2332	0.034734133790737566
488	Adipose	72	2332	0.030874785591766724
489	Adipose	92	2332	0.03945111492281304
490	Adipose	69	2332	0.029588336192109776
491	Adipose	84	2332	0.036020583190394515
492	Adipose	87	2332	0.037307032590051456
493	Adipose	85	2332	0.036449399656946824
494	Adipose	78	2332	0.03344768439108062
495	Adipose	88	2332	0.03773584905660377
496	Adipose	88	2332	0.03773584905660377
497	Adipose	80	2332	0.03430531732418525
498	Adipose	76	2332	0.032590051457975985
499	Adipose	80	2332	0.03430531732418525
500	Adipose	81	2332	0.034734133790737566
501	Adipose	71	2332	0.030445969125214408
502	Adipose	81	2332	0.034734133790737566
503	Adipose	86	2332	0.03687821612349914
504	Adipose	77	2332	0.0330188679245283
505	Adipose	74	2332	0.03173241852487135
506	Adipose	79	2332	0.033876500857632934
507	Adipose	86	2332	0.03687821612349914
508	Adipose	80	2332	0.03430531732418525
509	Adipose	82	2332	0.03516295025728988
510	Adipose	69	2332	0.029588336192109776
511	Adipose	86	2332	0.03687821612349914
512	Adipose	71	2332	0.030445969125214408
513	Adipose	73	2332	0.03130360205831904
514	Adipose	80	2332	0.03430531732418525
515	Adipose	61	2332	0.026157804459691254
516	Adipose	63	2332	0.027015437392795882
517	Adipose	89	2332	0.03816466552315609
518	Adipose	81	2332	0.034734133790737566
519	Adipose	71	2332	0.030445969125214408
520	Adipose	68	2332	0.029159519725557463
521	Adipose	88	2332	0.03773584905660377
522	Adipose	95	2332	0.040737564322469985
523	Adipose	72	2332	0.030874785591766724
524	Adipose	75	2332	0.03216123499142367
525	Adipose	79	2332	0.033876500857632934
526	Adipose	87	2332	0.037307032590051456
527	Adipose	85	2332	0.036449399656946824
528	Adipose	69	2332	0.029588336192109776
529	Adipose	60	2332	0.025728987993138937
530	Adipose	78	2332	0.03344768439108062
531	Adipose	87	2332	0.037307032590051456
532	Adipose	84	2332	0.036020583190394515
533	Adipose	73	2332	0.03130360205831904
534	Adipose	89	2332	0.03816466552315609
535	Adipose	86	2332	0.03687821612349914
536	Adipose	76	2332	0.032590051457975985
537	Adipose	94	2332	0.04030874785591767
538	Adipose	75	2332	0.03216123499142367
539	Adipose	88	2332	0.03773584905660377
540	Adipose	74	2332	0.03173241852487135
541	Adipose	77	2332	0.0330188679245283
542	Adipose	90	2332	0.038593481989708404
543	Adipose	82	2332	0.03516295025728988
544	Adipose	81	2332	0.034734133790737566
545	Adipose	88	2332	0.03773584905660377
546	Adipose	86	2332	0.03687821612349914
547	Adipose	80	2332	0.03430531732418525
548	Adipose	70	2332	0.030017152658662092
549	Adipose	61	2332	0.026157804459691254
550	Adipose	85	2332	0.036449399656946824
551	Adipose	87	2332	0.037307032590051456
552	Adipose	77	2332	0.0330188679245283
553	Adipose	80	2332	0.03430531732418525
554	Adipose	94	2332	0.04030874785591767
555	Adipose	98	2332	0.04202401372212693
556	Adipose	72	2332	0.030874785591766724
557	Adipose	75	2332	0.03216123499142367
558	Adipose	83	2332	0.0355917667238422
559	Adipose	77	2332	0.0330188679245283
560	Adipose	101	2332	0.043310463121783875
561	Adipose	72	2332	0.030874785591766724
562	Adipose	71	2332	0.030445969125214408
563	Adipose	82	2332	0.03516295025728988
564	Adipose	72	2332	0.030874785591766724
565	Adipose	83	2332	0.0355917667238422
566	Adipose	75	2332	0.03216123499142367
567	Adipose	73	2332	0.03130360205831904
568	Adipose	80	2332	0.03430531732418525
569	Adipose	82	2332	0.03516295025728988
570	Adipose	55	2332	0.02358490566037736
571	Adipose	75	2332	0.03216123499142367
572	Adipose	77	2332	0.0330188679245283
573	Adipose	75	2332	0.03216123499142367
574	Adipose	76	2332	0.032590051457975985
575	Adipose	71	2332	0.030445969125214408
576	Adipose	93	2332	0.03987993138936535
577	Adipose	98	2332	0.04202401372212693
578	Adipose	84	2332	0.036020583190394515
579	Adipose	87	2332	0.037307032590051456
580	Adipose	94	2332	0.04030874785591767
581	Adipose	79	2332	0.033876500857632934
582	Adipose	84	2332	0.036020583190394515
583	Adipose	96	2332	0.0411663807890223
584	Adipose	79	2332	0.033876500857632934
585	Adipose	81	2332	0.034734133790737566
586	Adipose	88	2332	0.03773584905660377
587	Adipose	70	2332	0.030017152658662092
588	Adipose	87	2332	0.037307032590051456
589	Adipose	87	2332	0.037307032590051456
590	Adipose	80	2332	0.03430531732418525
591	Adipose	90	2332	0.038593481989708404
592	Adipose	74	2332	0.03173241852487135
593	Adipose	102	2332	0.04373927958833619
594	Adipose	76	2332	0.032590051457975985
595	Adipose	77	2332	0.0330188679245283
596	Adipose	89	2332	0.03816466552315609
597	Adipose	87	2332	0.037307032590051456
598	Adipose	82	2332	0.03516295025728988
599	Adipose	88	2332	0.03773584905660377
600	Adipose	84	2332	0.036020583190394515
601	Adipose	98	2332	0.04202401372212693
602	Adipose	78	2332	0.03344768439108062
603	Adipose	84	2332	0.036020583190394515
604	Adipose	78	2332	0.03344768439108062
605	Adipose	62	2332	0.026586620926243566
606	Adipose	73	2332	0.03130360205831904
607	Adipose	71	2332	0.030445969125214408
608	Adipose	86	2332	0.03687821612349914
609	Adipose	74	2332	0.03173241852487135
610	Adipose	80	2332	0.03430531732418525
611	Adipose	83	2332	0.0355917667238422
612	Adipose	81	2332	0.034734133790737566
613	Adipose	86	2332	0.03687821612349914
614	Adipose	77	2332	0.0330188679245283
615	Adipose	89	2332	0.03816466552315609
616	Adipose	88	2332	0.03773584905660377
617	Adipose	61	2332	0.026157804459691254
618	Adipose	83	2332	0.0355917667238422
619	Adipose	92	2332	0.03945111492281304
620	Adipose	75	2332	0.03216123499142367
621	Adipose	98	2332	0.04202401372212693
622	Adipose	68	2332	0.029159519725557463
623	Adipose	80	2332	0.03430531732418525
624	Adipose	90	2332	0.038593481989708404
625	Adipose	75	2332	0.03216123499142367
626	Adipose	92	2332	0.03945111492281304
627	Adipose	93	2332	0.03987993138936535
628	Adipose	73	2332	0.03130360205831904
629	Adipose	67	2332	0.028730703259005147
630	Adipose	77	2332	0.0330188679245283
631	Adipose	76	2332	0.032590051457975985
632	Adipose	84	2332	0.036020583190394515
633	Adipose	87	2332	0.037307032590051456
634	Adipose	68	2332	0.029159519725557463
635	Adipose	65	2332	0.027873070325900515
636	Adipose	76	2332	0.032590051457975985
637	Adipose	88	2332	0.03773584905660377
638	Adipose	91	2332	0.03902229845626072
639	Adipose	82	2332	0.03516295025728988
640	Adipose	66	2332	0.02830188679245283
641	Adipose	85	2332	0.036449399656946824
642	Adipose	70	2332	0.030017152658662092
643	Adipose	80	2332	0.03430531732418525
644	Adipose	85	2332	0.036449399656946824
645	Adipose	81	2332	0.034734133790737566
646	Adipose	72	2332	0.030874785591766724
647	Adipose	92	2332	0.03945111492281304
648	Adipose	90	2332	0.038593481989708404
649	Adipose	84	2332	0.036020583190394515
650	Adipose	90	2332	0.038593481989708404
651	Adipose	88	2332	0.03773584905660377
652	Adipose	109	2332	0.046740994854202404
653	Adipose	64	2332	0.0274442538593482
654	Adipose	91	2332	0.03902229845626072
655	Adipose	94	2332	0.04030874785591767
656	Adipose	68	2332	0.029159519725557463
657	Adipose	91	2332	0.03902229845626072
658	Adipose	86	2332	0.03687821612349914
659	Adipose	70	2332	0.030017152658662092
660	Adipose	82	2332	0.03516295025728988
661	Adipose	86	2332	0.03687821612349914
662	Adipose	86	2332	0.03687821612349914
663	Adipose	88	2332	0.03773584905660377
664	Adipose	85	2332	0.036449399656946824
665	Adipose	74	2332	0.03173241852487135
666	Adipose	73	2332	0.03130360205831904
667	Adipose	79	2332	0.033876500857632934
668	Adipose	76	2332	0.032590051457975985
669	Adipose	99	2332	0.04245283018867924
670	Adipose	86	2332	0.03687821612349914
671	Adipose	85	2332	0.036449399656946824
672	Adipose	80	2332	0.03430531732418525
673	Adipose	73	2332	0.03130360205831904
674	Adipose	82	2332	0.03516295025728988
675	Adipose	84	2332	0.036020583190394515
676	Adipose	67	2332	0.028730703259005147
677	Adipose	73	2332	0.03130360205831904
678	Adipose	76	2332	0.032590051457975985
679	Adipose	90	2332	0.038593481989708404
680	Adipose	88	2332	0.03773584905660377
681	Adipose	83	2332	0.0355917667238422
682	Adipose	72	2332	0.030874785591766724
683	Adipose	80	2332	0.03430531732418525
684	Adipose	74	2332	0.03173241852487135
685	Adipose	83	2332	0.0355917667238422
686	Adipose	79	2332	0.033876500857632934
687	Adipose	72	2332	0.030874785591766724
688	Adipose	86	2332	0.03687821612349914
689	Adipose	76	2332	0.032590051457975985
690	Adipose	89	2332	0.03816466552315609
691	Adipose	81	2332	0.034734133790737566
692	Adipose	75	2332	0.03216123499142367
693	Adipose	88	2332	0.03773584905660377
694	Adipose	74	2332	0.03173241852487135
695	Adipose	75	2332	0.03216123499142367
696	Adipose	78	2332	0.03344768439108062
697	Adipose	80	2332	0.03430531732418525
698	Adipose	89	2332	0.03816466552315609
699	Adipose	83	2332	0.0355917667238422
700	Adipose	78	2332	0.03344768439108062
701	Adipose	83	2332	0.0355917667238422
702	Adipose	73	2332	0.03130360205831904
703	Adipose	86	2332	0.03687821612349914
704	Adipose	87	2332	0.037307032590051456
705	Adipose	64	2332	0.0274442538593482
706	Adipose	97	2332	0.04159519725557462
707	Adipose	86	2332	0.03687821612349914
708	Adipose	86	2332	0.03687821612349914
709	Adipose	78	2332	0.03344768439108062
710	Adipose	75	2332	0.03216123499142367
711	Adipose	92	2332	0.03945111492281304
712	Adipose	65	2332	0.027873070325900515
713	Adipose	79	2332	0.033876500857632934
714	Adipose	83	2332	0.0355917667238422
715	Adipose	81	2332	0.034734133790737566
716	Adipose	88	2332	0.03773584905660377
717	Adipose	92	2332	0.03945111492281304
718	Adipose	80	2332	0.03430531732418525
719	Adipose	72	2332	0.030874785591766724
720	Adipose	79	2332	0.033876500857632934
721	Adipose	91	2332	0.03902229845626072
722	Adipose	98	2332	0.04202401372212693
723	Adipose	83	2332	0.0355917667238422
724	Adipose	76	2332	0.032590051457975985
725	Adipose	86	2332	0.03687821612349914
726	Adipose	86	2332	0.03687821612349914
727	Adipose	77	2332	0.0330188679245283
728	Adipose	72	2332	0.030874785591766724
729	Adipose	79	2332	0.033876500857632934
730	Adipose	77	2332	0.0330188679245283
731	Adipose	73	2332	0.03130360205831904
732	Adipose	69	2332	0.029588336192109776
733	Adipose	86	2332	0.03687821612349914
734	Adipose	83	2332	0.0355917667238422
735	Adipose	73	2332	0.03130360205831904
736	Adipose	91	2332	0.03902229845626072
737	Adipose	73	2332	0.03130360205831904
738	Adipose	75	2332	0.03216123499142367
739	Adipose	93	2332	0.03987993138936535
740	Adipose	71	2332	0.030445969125214408
741	Adipose	85	2332	0.036449399656946824
742	Adipose	71	2332	0.030445969125214408
743	Adipose	84	2332	0.036020583190394515
744	Adipose	76	2332	0.032590051457975985
745	Adipose	94	2332	0.04030874785591767
746	Adipose	78	2332	0.03344768439108062
747	Adipose	70	2332	0.030017152658662092
748	Adipose	84	2332	0.036020583190394515
749	Adipose	91	2332	0.03902229845626072
750	Adipose	81	2332	0.034734133790737566
751	Adipose	76	2332	0.032590051457975985
752	Adipose	68	2332	0.029159519725557463
753	Adipose	86	2332	0.03687821612349914
754	Adipose	86	2332	0.03687821612349914
755	Adipose	93	2332	0.03987993138936535
756	Adipose	85	2332	0.036449399656946824
757	Adipose	93	2332	0.03987993138936535
758	Adipose	71	2332	0.030445969125214408
759	Adipose	90	2332	0.038593481989708404
760	Adipose	83	2332	0.0355917667238422
761	Adipose	72	2332	0.030874785591766724
762	Adipose	76	2332	0.032590051457975985
763	Adipose	73	2332	0.03130360205831904
764	Adipose	77	2332	0.0330188679245283
765	Adipose	83	2332	0.0355917667238422
766	Adipose	69	2332	0.029588336192109776
767	Adipose	93	2332	0.03987993138936535
768	Adipose	71	2332	0.030445969125214408
769	Adipose	91	2332	0.03902229845626072
770	Adipose	70	2332	0.030017152658662092
771	Adipose	83	2332	0.0355917667238422
772	Adipose	83	2332	0.0355917667238422
773	Adipose	71	2332	0.030445969125214408
774	Adipose	76	2332	0.032590051457975985
775	Adipose	79	2332	0.033876500857632934
776	Adipose	78	2332	0.03344768439108062
777	Adipose	78	2332	0.03344768439108062
778	Adipose	85	2332	0.036449399656946824
779	Adipose	91	2332	0.03902229845626072
780	Adipose	86	2332	0.03687821612349914
781	Adipose	77	2332	0.0330188679245283
782	Adipose	90	2332	0.038593481989708404
783	Adipose	96	2332	0.0411663807890223
784	Adipose	81	2332	0.034734133790737566
785	Adipose	90	2332	0.038593481989708404
786	Adipose	87	2332	0.037307032590051456
787	Adipose	86	2332	0.03687821612349914
788	Adipose	80	2332	0.03430531732418525
789	Adipose	74	2332	0.03173241852487135
790	Adipose	85	2332	0.036449399656946824
791	Adipose	81	2332	0.034734133790737566
792	Adipose	87	2332	0.037307032590051456
793	Adipose	77	2332	0.0330188679245283
794	Adipose	74	2332	0.03173241852487135
795	Adipose	88	2332	0.03773584905660377
796	Adipose	76	2332	0.032590051457975985
797	Adipose	86	2332	0.03687821612349914
798	Adipose	84	2332	0.036020583190394515
799	Adipose	67	2332	0.028730703259005147
800	Adipose	65	2332	0.027873070325900515
801	Adipose	76	2332	0.032590051457975985
802	Adipose	85	2332	0.036449399656946824
803	Adipose	75	2332	0.03216123499142367
804	Adipose	70	2332	0.030017152658662092
805	Adipose	77	2332	0.0330188679245283
806	Adipose	84	2332	0.036020583190394515
807	Adipose	91	2332	0.03902229845626072
808	Adipose	80	2332	0.03430531732418525
809	Adipose	81	2332	0.034734133790737566
810	Adipose	85	2332	0.036449399656946824
811	Adipose	91	2332	0.03902229845626072
812	Adipose	79	2332	0.033876500857632934
813	Adipose	99	2332	0.04245283018867924
814	Adipose	89	2332	0.03816466552315609
815	Adipose	94	2332	0.04030874785591767
816	Adipose	77	2332	0.0330188679245283
817	Adipose	85	2332	0.036449399656946824
818	Adipose	81	2332	0.034734133790737566
819	Adipose	71	2332	0.030445969125214408
820	Adipose	78	2332	0.03344768439108062
821	Adipose	72	2332	0.030874785591766724
822	Adipose	94	2332	0.04030874785591767
823	Adipose	81	2332	0.034734133790737566
824	Adipose	72	2332	0.030874785591766724
825	Adipose	97	2332	0.04159519725557462
826	Adipose	91	2332	0.03902229845626072
827	Adipose	69	2332	0.029588336192109776
828	Adipose	76	2332	0.032590051457975985
829	Adipose	96	2332	0.0411663807890223
830	Adipose	68	2332	0.029159519725557463
831	Adipose	83	2332	0.0355917667238422
832	Adipose	83	2332	0.0355917667238422
833	Adipose	72	2332	0.030874785591766724
834	Adipose	62	2332	0.026586620926243566
835	Adipose	64	2332	0.0274442538593482
836	Adipose	92	2332	0.03945111492281304
837	Adipose	86	2332	0.03687821612349914
838	Adipose	73	2332	0.03130360205831904
839	Adipose	76	2332	0.032590051457975985
840	Adipose	64	2332	0.0274442538593482
841	Adipose	81	2332	0.034734133790737566
842	Adipose	73	2332	0.03130360205831904
843	Adipose	84	2332	0.036020583190394515
844	Adipose	78	2332	0.03344768439108062
845	Adipose	88	2332	0.03773584905660377
846	Adipose	92	2332	0.03945111492281304
847	Adipose	76	2332	0.032590051457975985
848	Adipose	89	2332	0.03816466552315609
849	Adipose	97	2332	0.04159519725557462
850	Adipose	77	2332	0.0330188679245283
851	Adipose	95	2332	0.040737564322469985
852	Adipose	78	2332	0.03344768439108062
853	Adipose	88	2332	0.03773584905660377
854	Adipose	82	2332	0.03516295025728988
855	Adipose	85	2332	0.036449399656946824
856	Adipose	79	2332	0.033876500857632934
857	Adipose	78	2332	0.03344768439108062
858	Adipose	73	2332	0.03130360205831904
859	Adipose	83	2332	0.0355917667238422
860	Adipose	91	2332	0.03902229845626072
861	Adipose	87	2332	0.037307032590051456
862	Adipose	84	2332	0.036020583190394515
863	Adipose	111	2332	0.04759862778730703
864	Adipose	75	2332	0.03216123499142367
865	Adipose	85	2332	0.036449399656946824
866	Adipose	74	2332	0.03173241852487135
867	Adipose	86	2332	0.03687821612349914
868	Adipose	72	2332	0.030874785591766724
869	Adipose	83	2332	0.0355917667238422
870	Adipose	86	2332	0.03687821612349914
871	Adipose	80	2332	0.03430531732418525
872	Adipose	91	2332	0.03902229845626072
873	Adipose	83	2332	0.0355917667238422
874	Adipose	75	2332	0.03216123499142367
875	Adipose	85	2332	0.036449399656946824
876	Adipose	86	2332	0.03687821612349914
877	Adipose	75	2332	0.03216123499142367
878	Adipose	76	2332	0.032590051457975985
879	Adipose	77	2332	0.0330188679245283
880	Adipose	78	2332	0.03344768439108062
881	Adipose	74	2332	0.03173241852487135
882	Adipose	82	2332	0.03516295025728988
883	Adipose	89	2332	0.03816466552315609
884	Adipose	89	2332	0.03816466552315609
885	Adipose	88	2332	0.03773584905660377
886	Adipose	96	2332	0.0411663807890223
887	Adipose	78	2332	0.03344768439108062
888	Adipose	88	2332	0.03773584905660377
889	Adipose	81	2332	0.034734133790737566
890	Adipose	88	2332	0.03773584905660377
891	Adipose	70	2332	0.030017152658662092
892	Adipose	73	2332	0.03130360205831904
893	Adipose	88	2332	0.03773584905660377
894	Adipose	68	2332	0.029159519725557463
895	Adipose	95	2332	0.040737564322469985
896	Adipose	73	2332	0.03130360205831904
897	Adipose	74	2332	0.03173241852487135
898	Adipose	82	2332	0.03516295025728988
899	Adipose	79	2332	0.033876500857632934
900	Adipose	92	2332	0.03945111492281304
901	Adipose	71	2332	0.030445969125214408
902	Adipose	90	2332	0.038593481989708404
903	Adipose	76	2332	0.032590051457975985
904	Adipose	80	2332	0.03430531732418525
905	Adipose	80	2332	0.03430531732418525
906	Adipose	72	2332	0.030874785591766724
907	Adipose	80	2332	0.03430531732418525
908	Adipose	76	2332	0.032590051457975985
909	Adipose	87	2332	0.037307032590051456
910	Adipose	90	2332	0.038593481989708404
911	Adipose	80	2332	0.03430531732418525
912	Adipose	91	2332	0.03902229845626072
913	Adipose	83	2332	0.0355917667238422
914	Adipose	71	2332	0.030445969125214408
915	Adipose	78	2332	0.03344768439108062
916	Adipose	82	2332	0.03516295025728988
917	Adipose	76	2332	0.032590051457975985
918	Adipose	91	2332	0.03902229845626072
919	Adipose	77	2332	0.0330188679245283
920	Adipose	72	2332	0.030874785591766724
921	Adipose	76	2332	0.032590051457975985
922	Adipose	85	2332	0.036449399656946824
923	Adipose	73	2332	0.03130360205831904
924	Adipose	83	2332	0.0355917667238422
925	Adipose	91	2332	0.03902229845626072
926	Adipose	92	2332	0.03945111492281304
927	Adipose	98	2332	0.04202401372212693
928	Adipose	79	2332	0.033876500857632934
929	Adipose	89	2332	0.03816466552315609
930	Adipose	91	2332	0.03902229845626072
931	Adipose	86	2332	0.03687821612349914
932	Adipose	74	2332	0.03173241852487135
933	Adipose	75	2332	0.03216123499142367
934	Adipose	95	2332	0.040737564322469985
935	Adipose	85	2332	0.036449399656946824
936	Adipose	86	2332	0.03687821612349914
937	Adipose	96	2332	0.0411663807890223
938	Adipose	85	2332	0.036449399656946824
939	Adipose	93	2332	0.03987993138936535
940	Adipose	94	2332	0.04030874785591767
941	Adipose	81	2332	0.034734133790737566
942	Adipose	94	2332	0.04030874785591767
943	Adipose	77	2332	0.0330188679245283
944	Adipose	92	2332	0.03945111492281304
945	Adipose	92	2332	0.03945111492281304
946	Adipose	78	2332	0.03344768439108062
947	Adipose	77	2332	0.0330188679245283
948	Adipose	76	2332	0.032590051457975985
949	Adipose	81	2332	0.034734133790737566
950	Adipose	89	2332	0.03816466552315609
951	Adipose	90	2332	0.038593481989708404
952	Adipose	87	2332	0.037307032590051456
953	Adipose	85	2332	0.036449399656946824
954	Adipose	72	2332	0.030874785591766724
955	Adipose	74	2332	0.03173241852487135
956	Adipose	87	2332	0.037307032590051456
957	Adipose	85	2332	0.036449399656946824
958	Adipose	71	2332	0.030445969125214408
959	Adipose	74	2332	0.03173241852487135
960	Adipose	89	2332	0.03816466552315609
961	Adipose	76	2332	0.032590051457975985
962	Adipose	82	2332	0.03516295025728988
963	Adipose	74	2332	0.03173241852487135
964	Adipose	73	2332	0.03130360205831904
965	Adipose	83	2332	0.0355917667238422
966	Adipose	92	2332	0.03945111492281304
967	Adipose	91	2332	0.03902229845626072
968	Adipose	83	2332	0.0355917667238422
969	Adipose	91	2332	0.03902229845626072
970	Adipose	79	2332	0.033876500857632934
971	Adipose	77	2332	0.0330188679245283
972	Adipose	83	2332	0.0355917667238422
973	Adipose	88	2332	0.03773584905660377
974	Adipose	81	2332	0.034734133790737566
975	Adipose	85	2332	0.036449399656946824
976	Adipose	82	2332	0.03516295025728988
977	Adipose	90	2332	0.038593481989708404
978	Adipose	69	2332	0.029588336192109776
979	Adipose	83	2332	0.0355917667238422
980	Adipose	79	2332	0.033876500857632934
981	Adipose	63	2332	0.027015437392795882
982	Adipose	88	2332	0.03773584905660377
983	Adipose	82	2332	0.03516295025728988
984	Adipose	88	2332	0.03773584905660377
985	Adipose	81	2332	0.034734133790737566
986	Adipose	73	2332	0.03130360205831904
987	Adipose	77	2332	0.0330188679245283
988	Adipose	88	2332	0.03773584905660377
989	Adipose	78	2332	0.03344768439108062
990	Adipose	92	2332	0.03945111492281304
991	Adipose	83	2332	0.0355917667238422
992	Adipose	88	2332	0.03773584905660377
993	Adipose	95	2332	0.040737564322469985
994	Adipose	80	2332	0.03430531732418525
995	Adipose	78	2332	0.03344768439108062
996	Adipose	79	2332	0.033876500857632934
997	Adipose	79	2332	0.033876500857632934
998	Adipose	83	2332	0.0355917667238422
999	Adipose	71	2332	0.030445969125214408
1000	Adipose	100	2332	0.04288164665523156
1	Adrenal_Gland	74	2128	0.03477443609022556
2	Adrenal_Gland	80	2128	0.03759398496240601
3	Adrenal_Gland	81	2128	0.03806390977443609
4	Adrenal_Gland	77	2128	0.03618421052631579
5	Adrenal_Gland	80	2128	0.03759398496240601
6	Adrenal_Gland	85	2128	0.03994360902255639
7	Adrenal_Gland	86	2128	0.040413533834586464
8	Adrenal_Gland	78	2128	0.03665413533834586
9	Adrenal_Gland	90	2128	0.042293233082706765
10	Adrenal_Gland	79	2128	0.03712406015037594
11	Adrenal_Gland	77	2128	0.03618421052631579
12	Adrenal_Gland	65	2128	0.030545112781954886
13	Adrenal_Gland	62	2128	0.02913533834586466
14	Adrenal_Gland	83	2128	0.03900375939849624
15	Adrenal_Gland	87	2128	0.04088345864661654
16	Adrenal_Gland	76	2128	0.03571428571428571
17	Adrenal_Gland	85	2128	0.03994360902255639
18	Adrenal_Gland	69	2128	0.03242481203007519
19	Adrenal_Gland	72	2128	0.03383458646616541
20	Adrenal_Gland	76	2128	0.03571428571428571
21	Adrenal_Gland	82	2128	0.03853383458646616
22	Adrenal_Gland	76	2128	0.03571428571428571
23	Adrenal_Gland	84	2128	0.039473684210526314
24	Adrenal_Gland	64	2128	0.03007518796992481
25	Adrenal_Gland	79	2128	0.03712406015037594
26	Adrenal_Gland	70	2128	0.03289473684210526
27	Adrenal_Gland	90	2128	0.042293233082706765
28	Adrenal_Gland	69	2128	0.03242481203007519
29	Adrenal_Gland	74	2128	0.03477443609022556
30	Adrenal_Gland	73	2128	0.03430451127819549
31	Adrenal_Gland	61	2128	0.028665413533834585
32	Adrenal_Gland	71	2128	0.03336466165413534
33	Adrenal_Gland	75	2128	0.03524436090225564
34	Adrenal_Gland	87	2128	0.04088345864661654
35	Adrenal_Gland	76	2128	0.03571428571428571
36	Adrenal_Gland	84	2128	0.039473684210526314
37	Adrenal_Gland	76	2128	0.03571428571428571
38	Adrenal_Gland	86	2128	0.040413533834586464
39	Adrenal_Gland	71	2128	0.03336466165413534
40	Adrenal_Gland	84	2128	0.039473684210526314
41	Adrenal_Gland	66	2128	0.03101503759398496
42	Adrenal_Gland	65	2128	0.030545112781954886
43	Adrenal_Gland	71	2128	0.03336466165413534
44	Adrenal_Gland	73	2128	0.03430451127819549
45	Adrenal_Gland	81	2128	0.03806390977443609
46	Adrenal_Gland	74	2128	0.03477443609022556
47	Adrenal_Gland	84	2128	0.039473684210526314
48	Adrenal_Gland	80	2128	0.03759398496240601
49	Adrenal_Gland	69	2128	0.03242481203007519
50	Adrenal_Gland	70	2128	0.03289473684210526
51	Adrenal_Gland	74	2128	0.03477443609022556
52	Adrenal_Gland	76	2128	0.03571428571428571
53	Adrenal_Gland	93	2128	0.043703007518796994
54	Adrenal_Gland	82	2128	0.03853383458646616
55	Adrenal_Gland	81	2128	0.03806390977443609
56	Adrenal_Gland	70	2128	0.03289473684210526
57	Adrenal_Gland	69	2128	0.03242481203007519
58	Adrenal_Gland	67	2128	0.03148496240601504
59	Adrenal_Gland	77	2128	0.03618421052631579
60	Adrenal_Gland	70	2128	0.03289473684210526
61	Adrenal_Gland	82	2128	0.03853383458646616
62	Adrenal_Gland	77	2128	0.03618421052631579
63	Adrenal_Gland	68	2128	0.03195488721804511
64	Adrenal_Gland	75	2128	0.03524436090225564
65	Adrenal_Gland	83	2128	0.03900375939849624
66	Adrenal_Gland	78	2128	0.03665413533834586
67	Adrenal_Gland	82	2128	0.03853383458646616
68	Adrenal_Gland	82	2128	0.03853383458646616
69	Adrenal_Gland	74	2128	0.03477443609022556
70	Adrenal_Gland	65	2128	0.030545112781954886
71	Adrenal_Gland	71	2128	0.03336466165413534
72	Adrenal_Gland	76	2128	0.03571428571428571
73	Adrenal_Gland	63	2128	0.029605263157894735
74	Adrenal_Gland	68	2128	0.03195488721804511
75	Adrenal_Gland	76	2128	0.03571428571428571
76	Adrenal_Gland	65	2128	0.030545112781954886
77	Adrenal_Gland	89	2128	0.04182330827067669
78	Adrenal_Gland	87	2128	0.04088345864661654
79	Adrenal_Gland	71	2128	0.03336466165413534
80	Adrenal_Gland	72	2128	0.03383458646616541
81	Adrenal_Gland	77	2128	0.03618421052631579
82	Adrenal_Gland	71	2128	0.03336466165413534
83	Adrenal_Gland	81	2128	0.03806390977443609
84	Adrenal_Gland	86	2128	0.040413533834586464
85	Adrenal_Gland	67	2128	0.03148496240601504
86	Adrenal_Gland	79	2128	0.03712406015037594
87	Adrenal_Gland	70	2128	0.03289473684210526
88	Adrenal_Gland	64	2128	0.03007518796992481
89	Adrenal_Gland	84	2128	0.039473684210526314
90	Adrenal_Gland	78	2128	0.03665413533834586
91	Adrenal_Gland	71	2128	0.03336466165413534
92	Adrenal_Gland	73	2128	0.03430451127819549
93	Adrenal_Gland	69	2128	0.03242481203007519
94	Adrenal_Gland	64	2128	0.03007518796992481
95	Adrenal_Gland	81	2128	0.03806390977443609
96	Adrenal_Gland	88	2128	0.041353383458646614
97	Adrenal_Gland	85	2128	0.03994360902255639
98	Adrenal_Gland	63	2128	0.029605263157894735
99	Adrenal_Gland	72	2128	0.03383458646616541
100	Adrenal_Gland	87	2128	0.04088345864661654
101	Adrenal_Gland	74	2128	0.03477443609022556
102	Adrenal_Gland	76	2128	0.03571428571428571
103	Adrenal_Gland	77	2128	0.03618421052631579
104	Adrenal_Gland	61	2128	0.028665413533834585
105	Adrenal_Gland	78	2128	0.03665413533834586
106	Adrenal_Gland	91	2128	0.04276315789473684
107	Adrenal_Gland	82	2128	0.03853383458646616
108	Adrenal_Gland	61	2128	0.028665413533834585
109	Adrenal_Gland	71	2128	0.03336466165413534
110	Adrenal_Gland	78	2128	0.03665413533834586
111	Adrenal_Gland	79	2128	0.03712406015037594
112	Adrenal_Gland	81	2128	0.03806390977443609
113	Adrenal_Gland	87	2128	0.04088345864661654
114	Adrenal_Gland	67	2128	0.03148496240601504
115	Adrenal_Gland	86	2128	0.040413533834586464
116	Adrenal_Gland	84	2128	0.039473684210526314
117	Adrenal_Gland	74	2128	0.03477443609022556
118	Adrenal_Gland	89	2128	0.04182330827067669
119	Adrenal_Gland	73	2128	0.03430451127819549
120	Adrenal_Gland	79	2128	0.03712406015037594
121	Adrenal_Gland	75	2128	0.03524436090225564
122	Adrenal_Gland	70	2128	0.03289473684210526
123	Adrenal_Gland	74	2128	0.03477443609022556
124	Adrenal_Gland	69	2128	0.03242481203007519
125	Adrenal_Gland	75	2128	0.03524436090225564
126	Adrenal_Gland	91	2128	0.04276315789473684
127	Adrenal_Gland	80	2128	0.03759398496240601
128	Adrenal_Gland	71	2128	0.03336466165413534
129	Adrenal_Gland	73	2128	0.03430451127819549
130	Adrenal_Gland	80	2128	0.03759398496240601
131	Adrenal_Gland	90	2128	0.042293233082706765
132	Adrenal_Gland	85	2128	0.03994360902255639
133	Adrenal_Gland	79	2128	0.03712406015037594
134	Adrenal_Gland	75	2128	0.03524436090225564
135	Adrenal_Gland	72	2128	0.03383458646616541
136	Adrenal_Gland	83	2128	0.03900375939849624
137	Adrenal_Gland	74	2128	0.03477443609022556
138	Adrenal_Gland	62	2128	0.02913533834586466
139	Adrenal_Gland	85	2128	0.03994360902255639
140	Adrenal_Gland	78	2128	0.03665413533834586
141	Adrenal_Gland	89	2128	0.04182330827067669
142	Adrenal_Gland	75	2128	0.03524436090225564
143	Adrenal_Gland	91	2128	0.04276315789473684
144	Adrenal_Gland	68	2128	0.03195488721804511
145	Adrenal_Gland	77	2128	0.03618421052631579
146	Adrenal_Gland	84	2128	0.039473684210526314
147	Adrenal_Gland	64	2128	0.03007518796992481
148	Adrenal_Gland	65	2128	0.030545112781954886
149	Adrenal_Gland	75	2128	0.03524436090225564
150	Adrenal_Gland	72	2128	0.03383458646616541
151	Adrenal_Gland	82	2128	0.03853383458646616
152	Adrenal_Gland	94	2128	0.044172932330827065
153	Adrenal_Gland	74	2128	0.03477443609022556
154	Adrenal_Gland	94	2128	0.044172932330827065
155	Adrenal_Gland	70	2128	0.03289473684210526
156	Adrenal_Gland	71	2128	0.03336466165413534
157	Adrenal_Gland	71	2128	0.03336466165413534
158	Adrenal_Gland	73	2128	0.03430451127819549
159	Adrenal_Gland	76	2128	0.03571428571428571
160	Adrenal_Gland	79	2128	0.03712406015037594
161	Adrenal_Gland	71	2128	0.03336466165413534
162	Adrenal_Gland	84	2128	0.039473684210526314
163	Adrenal_Gland	78	2128	0.03665413533834586
164	Adrenal_Gland	69	2128	0.03242481203007519
165	Adrenal_Gland	81	2128	0.03806390977443609
166	Adrenal_Gland	74	2128	0.03477443609022556
167	Adrenal_Gland	74	2128	0.03477443609022556
168	Adrenal_Gland	84	2128	0.039473684210526314
169	Adrenal_Gland	80	2128	0.03759398496240601
170	Adrenal_Gland	90	2128	0.042293233082706765
171	Adrenal_Gland	75	2128	0.03524436090225564
172	Adrenal_Gland	73	2128	0.03430451127819549
173	Adrenal_Gland	77	2128	0.03618421052631579
174	Adrenal_Gland	75	2128	0.03524436090225564
175	Adrenal_Gland	82	2128	0.03853383458646616
176	Adrenal_Gland	71	2128	0.03336466165413534
177	Adrenal_Gland	77	2128	0.03618421052631579
178	Adrenal_Gland	69	2128	0.03242481203007519
179	Adrenal_Gland	86	2128	0.040413533834586464
180	Adrenal_Gland	79	2128	0.03712406015037594
181	Adrenal_Gland	85	2128	0.03994360902255639
182	Adrenal_Gland	67	2128	0.03148496240601504
183	Adrenal_Gland	87	2128	0.04088345864661654
184	Adrenal_Gland	77	2128	0.03618421052631579
185	Adrenal_Gland	81	2128	0.03806390977443609
186	Adrenal_Gland	58	2128	0.02725563909774436
187	Adrenal_Gland	65	2128	0.030545112781954886
188	Adrenal_Gland	82	2128	0.03853383458646616
189	Adrenal_Gland	71	2128	0.03336466165413534
190	Adrenal_Gland	75	2128	0.03524436090225564
191	Adrenal_Gland	70	2128	0.03289473684210526
192	Adrenal_Gland	81	2128	0.03806390977443609
193	Adrenal_Gland	66	2128	0.03101503759398496
194	Adrenal_Gland	77	2128	0.03618421052631579
195	Adrenal_Gland	64	2128	0.03007518796992481
196	Adrenal_Gland	70	2128	0.03289473684210526
197	Adrenal_Gland	80	2128	0.03759398496240601
198	Adrenal_Gland	63	2128	0.029605263157894735
199	Adrenal_Gland	77	2128	0.03618421052631579
200	Adrenal_Gland	87	2128	0.04088345864661654
201	Adrenal_Gland	75	2128	0.03524436090225564
202	Adrenal_Gland	69	2128	0.03242481203007519
203	Adrenal_Gland	86	2128	0.040413533834586464
204	Adrenal_Gland	88	2128	0.041353383458646614
205	Adrenal_Gland	87	2128	0.04088345864661654
206	Adrenal_Gland	63	2128	0.029605263157894735
207	Adrenal_Gland	77	2128	0.03618421052631579
208	Adrenal_Gland	77	2128	0.03618421052631579
209	Adrenal_Gland	79	2128	0.03712406015037594
210	Adrenal_Gland	77	2128	0.03618421052631579
211	Adrenal_Gland	75	2128	0.03524436090225564
212	Adrenal_Gland	64	2128	0.03007518796992481
213	Adrenal_Gland	85	2128	0.03994360902255639
214	Adrenal_Gland	71	2128	0.03336466165413534
215	Adrenal_Gland	84	2128	0.039473684210526314
216	Adrenal_Gland	88	2128	0.041353383458646614
217	Adrenal_Gland	85	2128	0.03994360902255639
218	Adrenal_Gland	83	2128	0.03900375939849624
219	Adrenal_Gland	81	2128	0.03806390977443609
220	Adrenal_Gland	74	2128	0.03477443609022556
221	Adrenal_Gland	80	2128	0.03759398496240601
222	Adrenal_Gland	75	2128	0.03524436090225564
223	Adrenal_Gland	70	2128	0.03289473684210526
224	Adrenal_Gland	80	2128	0.03759398496240601
225	Adrenal_Gland	74	2128	0.03477443609022556
226	Adrenal_Gland	69	2128	0.03242481203007519
227	Adrenal_Gland	72	2128	0.03383458646616541
228	Adrenal_Gland	67	2128	0.03148496240601504
229	Adrenal_Gland	83	2128	0.03900375939849624
230	Adrenal_Gland	74	2128	0.03477443609022556
231	Adrenal_Gland	84	2128	0.039473684210526314
232	Adrenal_Gland	86	2128	0.040413533834586464
233	Adrenal_Gland	79	2128	0.03712406015037594
234	Adrenal_Gland	84	2128	0.039473684210526314
235	Adrenal_Gland	69	2128	0.03242481203007519
236	Adrenal_Gland	78	2128	0.03665413533834586
237	Adrenal_Gland	63	2128	0.029605263157894735
238	Adrenal_Gland	71	2128	0.03336466165413534
239	Adrenal_Gland	79	2128	0.03712406015037594
240	Adrenal_Gland	82	2128	0.03853383458646616
241	Adrenal_Gland	77	2128	0.03618421052631579
242	Adrenal_Gland	83	2128	0.03900375939849624
243	Adrenal_Gland	70	2128	0.03289473684210526
244	Adrenal_Gland	83	2128	0.03900375939849624
245	Adrenal_Gland	81	2128	0.03806390977443609
246	Adrenal_Gland	83	2128	0.03900375939849624
247	Adrenal_Gland	67	2128	0.03148496240601504
248	Adrenal_Gland	75	2128	0.03524436090225564
249	Adrenal_Gland	83	2128	0.03900375939849624
250	Adrenal_Gland	85	2128	0.03994360902255639
251	Adrenal_Gland	72	2128	0.03383458646616541
252	Adrenal_Gland	64	2128	0.03007518796992481
253	Adrenal_Gland	79	2128	0.03712406015037594
254	Adrenal_Gland	89	2128	0.04182330827067669
255	Adrenal_Gland	89	2128	0.04182330827067669
256	Adrenal_Gland	65	2128	0.030545112781954886
257	Adrenal_Gland	93	2128	0.043703007518796994
258	Adrenal_Gland	75	2128	0.03524436090225564
259	Adrenal_Gland	85	2128	0.03994360902255639
260	Adrenal_Gland	69	2128	0.03242481203007519
261	Adrenal_Gland	68	2128	0.03195488721804511
262	Adrenal_Gland	71	2128	0.03336466165413534
263	Adrenal_Gland	61	2128	0.028665413533834585
264	Adrenal_Gland	60	2128	0.02819548872180451
265	Adrenal_Gland	68	2128	0.03195488721804511
266	Adrenal_Gland	74	2128	0.03477443609022556
267	Adrenal_Gland	93	2128	0.043703007518796994
268	Adrenal_Gland	93	2128	0.043703007518796994
269	Adrenal_Gland	89	2128	0.04182330827067669
270	Adrenal_Gland	80	2128	0.03759398496240601
271	Adrenal_Gland	76	2128	0.03571428571428571
272	Adrenal_Gland	73	2128	0.03430451127819549
273	Adrenal_Gland	67	2128	0.03148496240601504
274	Adrenal_Gland	81	2128	0.03806390977443609
275	Adrenal_Gland	84	2128	0.039473684210526314
276	Adrenal_Gland	79	2128	0.03712406015037594
277	Adrenal_Gland	59	2128	0.027725563909774435
278	Adrenal_Gland	72	2128	0.03383458646616541
279	Adrenal_Gland	79	2128	0.03712406015037594
280	Adrenal_Gland	82	2128	0.03853383458646616
281	Adrenal_Gland	66	2128	0.03101503759398496
282	Adrenal_Gland	92	2128	0.043233082706766915
283	Adrenal_Gland	89	2128	0.04182330827067669
284	Adrenal_Gland	60	2128	0.02819548872180451
285	Adrenal_Gland	73	2128	0.03430451127819549
286	Adrenal_Gland	69	2128	0.03242481203007519
287	Adrenal_Gland	80	2128	0.03759398496240601
288	Adrenal_Gland	70	2128	0.03289473684210526
289	Adrenal_Gland	79	2128	0.03712406015037594
290	Adrenal_Gland	78	2128	0.03665413533834586
291	Adrenal_Gland	72	2128	0.03383458646616541
292	Adrenal_Gland	84	2128	0.039473684210526314
293	Adrenal_Gland	68	2128	0.03195488721804511
294	Adrenal_Gland	79	2128	0.03712406015037594
295	Adrenal_Gland	88	2128	0.041353383458646614
296	Adrenal_Gland	75	2128	0.03524436090225564
297	Adrenal_Gland	67	2128	0.03148496240601504
298	Adrenal_Gland	77	2128	0.03618421052631579
299	Adrenal_Gland	79	2128	0.03712406015037594
300	Adrenal_Gland	60	2128	0.02819548872180451
301	Adrenal_Gland	75	2128	0.03524436090225564
302	Adrenal_Gland	83	2128	0.03900375939849624
303	Adrenal_Gland	62	2128	0.02913533834586466
304	Adrenal_Gland	66	2128	0.03101503759398496
305	Adrenal_Gland	65	2128	0.030545112781954886
306	Adrenal_Gland	67	2128	0.03148496240601504
307	Adrenal_Gland	86	2128	0.040413533834586464
308	Adrenal_Gland	79	2128	0.03712406015037594
309	Adrenal_Gland	80	2128	0.03759398496240601
310	Adrenal_Gland	66	2128	0.03101503759398496
311	Adrenal_Gland	66	2128	0.03101503759398496
312	Adrenal_Gland	70	2128	0.03289473684210526
313	Adrenal_Gland	85	2128	0.03994360902255639
314	Adrenal_Gland	83	2128	0.03900375939849624
315	Adrenal_Gland	90	2128	0.042293233082706765
316	Adrenal_Gland	77	2128	0.03618421052631579
317	Adrenal_Gland	86	2128	0.040413533834586464
318	Adrenal_Gland	86	2128	0.040413533834586464
319	Adrenal_Gland	80	2128	0.03759398496240601
320	Adrenal_Gland	76	2128	0.03571428571428571
321	Adrenal_Gland	78	2128	0.03665413533834586
322	Adrenal_Gland	68	2128	0.03195488721804511
323	Adrenal_Gland	83	2128	0.03900375939849624
324	Adrenal_Gland	64	2128	0.03007518796992481
325	Adrenal_Gland	72	2128	0.03383458646616541
326	Adrenal_Gland	81	2128	0.03806390977443609
327	Adrenal_Gland	79	2128	0.03712406015037594
328	Adrenal_Gland	96	2128	0.045112781954887216
329	Adrenal_Gland	74	2128	0.03477443609022556
330	Adrenal_Gland	74	2128	0.03477443609022556
331	Adrenal_Gland	70	2128	0.03289473684210526
332	Adrenal_Gland	76	2128	0.03571428571428571
333	Adrenal_Gland	81	2128	0.03806390977443609
334	Adrenal_Gland	69	2128	0.03242481203007519
335	Adrenal_Gland	64	2128	0.03007518796992481
336	Adrenal_Gland	80	2128	0.03759398496240601
337	Adrenal_Gland	77	2128	0.03618421052631579
338	Adrenal_Gland	74	2128	0.03477443609022556
339	Adrenal_Gland	74	2128	0.03477443609022556
340	Adrenal_Gland	75	2128	0.03524436090225564
341	Adrenal_Gland	79	2128	0.03712406015037594
342	Adrenal_Gland	76	2128	0.03571428571428571
343	Adrenal_Gland	60	2128	0.02819548872180451
344	Adrenal_Gland	85	2128	0.03994360902255639
345	Adrenal_Gland	71	2128	0.03336466165413534
346	Adrenal_Gland	77	2128	0.03618421052631579
347	Adrenal_Gland	78	2128	0.03665413533834586
348	Adrenal_Gland	79	2128	0.03712406015037594
349	Adrenal_Gland	73	2128	0.03430451127819549
350	Adrenal_Gland	73	2128	0.03430451127819549
351	Adrenal_Gland	66	2128	0.03101503759398496
352	Adrenal_Gland	75	2128	0.03524436090225564
353	Adrenal_Gland	72	2128	0.03383458646616541
354	Adrenal_Gland	62	2128	0.02913533834586466
355	Adrenal_Gland	74	2128	0.03477443609022556
356	Adrenal_Gland	78	2128	0.03665413533834586
357	Adrenal_Gland	72	2128	0.03383458646616541
358	Adrenal_Gland	66	2128	0.03101503759398496
359	Adrenal_Gland	77	2128	0.03618421052631579
360	Adrenal_Gland	87	2128	0.04088345864661654
361	Adrenal_Gland	74	2128	0.03477443609022556
362	Adrenal_Gland	78	2128	0.03665413533834586
363	Adrenal_Gland	79	2128	0.03712406015037594
364	Adrenal_Gland	71	2128	0.03336466165413534
365	Adrenal_Gland	79	2128	0.03712406015037594
366	Adrenal_Gland	81	2128	0.03806390977443609
367	Adrenal_Gland	84	2128	0.039473684210526314
368	Adrenal_Gland	87	2128	0.04088345864661654
369	Adrenal_Gland	80	2128	0.03759398496240601
370	Adrenal_Gland	68	2128	0.03195488721804511
371	Adrenal_Gland	79	2128	0.03712406015037594
372	Adrenal_Gland	78	2128	0.03665413533834586
373	Adrenal_Gland	84	2128	0.039473684210526314
374	Adrenal_Gland	79	2128	0.03712406015037594
375	Adrenal_Gland	72	2128	0.03383458646616541
376	Adrenal_Gland	82	2128	0.03853383458646616
377	Adrenal_Gland	69	2128	0.03242481203007519
378	Adrenal_Gland	60	2128	0.02819548872180451
379	Adrenal_Gland	86	2128	0.040413533834586464
380	Adrenal_Gland	72	2128	0.03383458646616541
381	Adrenal_Gland	82	2128	0.03853383458646616
382	Adrenal_Gland	82	2128	0.03853383458646616
383	Adrenal_Gland	75	2128	0.03524436090225564
384	Adrenal_Gland	88	2128	0.041353383458646614
385	Adrenal_Gland	87	2128	0.04088345864661654
386	Adrenal_Gland	65	2128	0.030545112781954886
387	Adrenal_Gland	86	2128	0.040413533834586464
388	Adrenal_Gland	85	2128	0.03994360902255639
389	Adrenal_Gland	80	2128	0.03759398496240601
390	Adrenal_Gland	92	2128	0.043233082706766915
391	Adrenal_Gland	72	2128	0.03383458646616541
392	Adrenal_Gland	90	2128	0.042293233082706765
393	Adrenal_Gland	86	2128	0.040413533834586464
394	Adrenal_Gland	79	2128	0.03712406015037594
395	Adrenal_Gland	90	2128	0.042293233082706765
396	Adrenal_Gland	81	2128	0.03806390977443609
397	Adrenal_Gland	87	2128	0.04088345864661654
398	Adrenal_Gland	68	2128	0.03195488721804511
399	Adrenal_Gland	76	2128	0.03571428571428571
400	Adrenal_Gland	73	2128	0.03430451127819549
401	Adrenal_Gland	85	2128	0.03994360902255639
402	Adrenal_Gland	78	2128	0.03665413533834586
403	Adrenal_Gland	73	2128	0.03430451127819549
404	Adrenal_Gland	64	2128	0.03007518796992481
405	Adrenal_Gland	65	2128	0.030545112781954886
406	Adrenal_Gland	83	2128	0.03900375939849624
407	Adrenal_Gland	75	2128	0.03524436090225564
408	Adrenal_Gland	70	2128	0.03289473684210526
409	Adrenal_Gland	72	2128	0.03383458646616541
410	Adrenal_Gland	78	2128	0.03665413533834586
411	Adrenal_Gland	90	2128	0.042293233082706765
412	Adrenal_Gland	84	2128	0.039473684210526314
413	Adrenal_Gland	77	2128	0.03618421052631579
414	Adrenal_Gland	80	2128	0.03759398496240601
415	Adrenal_Gland	75	2128	0.03524436090225564
416	Adrenal_Gland	77	2128	0.03618421052631579
417	Adrenal_Gland	77	2128	0.03618421052631579
418	Adrenal_Gland	89	2128	0.04182330827067669
419	Adrenal_Gland	78	2128	0.03665413533834586
420	Adrenal_Gland	68	2128	0.03195488721804511
421	Adrenal_Gland	88	2128	0.041353383458646614
422	Adrenal_Gland	75	2128	0.03524436090225564
423	Adrenal_Gland	81	2128	0.03806390977443609
424	Adrenal_Gland	67	2128	0.03148496240601504
425	Adrenal_Gland	70	2128	0.03289473684210526
426	Adrenal_Gland	72	2128	0.03383458646616541
427	Adrenal_Gland	70	2128	0.03289473684210526
428	Adrenal_Gland	66	2128	0.03101503759398496
429	Adrenal_Gland	71	2128	0.03336466165413534
430	Adrenal_Gland	77	2128	0.03618421052631579
431	Adrenal_Gland	62	2128	0.02913533834586466
432	Adrenal_Gland	85	2128	0.03994360902255639
433	Adrenal_Gland	73	2128	0.03430451127819549
434	Adrenal_Gland	70	2128	0.03289473684210526
435	Adrenal_Gland	71	2128	0.03336466165413534
436	Adrenal_Gland	71	2128	0.03336466165413534
437	Adrenal_Gland	72	2128	0.03383458646616541
438	Adrenal_Gland	83	2128	0.03900375939849624
439	Adrenal_Gland	75	2128	0.03524436090225564
440	Adrenal_Gland	93	2128	0.043703007518796994
441	Adrenal_Gland	79	2128	0.03712406015037594
442	Adrenal_Gland	94	2128	0.044172932330827065
443	Adrenal_Gland	73	2128	0.03430451127819549
444	Adrenal_Gland	69	2128	0.03242481203007519
445	Adrenal_Gland	89	2128	0.04182330827067669
446	Adrenal_Gland	88	2128	0.041353383458646614
447	Adrenal_Gland	75	2128	0.03524436090225564
448	Adrenal_Gland	77	2128	0.03618421052631579
449	Adrenal_Gland	71	2128	0.03336466165413534
450	Adrenal_Gland	79	2128	0.03712406015037594
451	Adrenal_Gland	74	2128	0.03477443609022556
452	Adrenal_Gland	70	2128	0.03289473684210526
453	Adrenal_Gland	82	2128	0.03853383458646616
454	Adrenal_Gland	78	2128	0.03665413533834586
455	Adrenal_Gland	76	2128	0.03571428571428571
456	Adrenal_Gland	64	2128	0.03007518796992481
457	Adrenal_Gland	66	2128	0.03101503759398496
458	Adrenal_Gland	74	2128	0.03477443609022556
459	Adrenal_Gland	81	2128	0.03806390977443609
460	Adrenal_Gland	72	2128	0.03383458646616541
461	Adrenal_Gland	68	2128	0.03195488721804511
462	Adrenal_Gland	66	2128	0.03101503759398496
463	Adrenal_Gland	82	2128	0.03853383458646616
464	Adrenal_Gland	77	2128	0.03618421052631579
465	Adrenal_Gland	81	2128	0.03806390977443609
466	Adrenal_Gland	76	2128	0.03571428571428571
467	Adrenal_Gland	81	2128	0.03806390977443609
468	Adrenal_Gland	76	2128	0.03571428571428571
469	Adrenal_Gland	73	2128	0.03430451127819549
470	Adrenal_Gland	74	2128	0.03477443609022556
471	Adrenal_Gland	63	2128	0.029605263157894735
472	Adrenal_Gland	73	2128	0.03430451127819549
473	Adrenal_Gland	83	2128	0.03900375939849624
474	Adrenal_Gland	76	2128	0.03571428571428571
475	Adrenal_Gland	85	2128	0.03994360902255639
476	Adrenal_Gland	80	2128	0.03759398496240601
477	Adrenal_Gland	80	2128	0.03759398496240601
478	Adrenal_Gland	85	2128	0.03994360902255639
479	Adrenal_Gland	80	2128	0.03759398496240601
480	Adrenal_Gland	74	2128	0.03477443609022556
481	Adrenal_Gland	76	2128	0.03571428571428571
482	Adrenal_Gland	83	2128	0.03900375939849624
483	Adrenal_Gland	81	2128	0.03806390977443609
484	Adrenal_Gland	76	2128	0.03571428571428571
485	Adrenal_Gland	87	2128	0.04088345864661654
486	Adrenal_Gland	79	2128	0.03712406015037594
487	Adrenal_Gland	78	2128	0.03665413533834586
488	Adrenal_Gland	79	2128	0.03712406015037594
489	Adrenal_Gland	91	2128	0.04276315789473684
490	Adrenal_Gland	86	2128	0.040413533834586464
491	Adrenal_Gland	76	2128	0.03571428571428571
492	Adrenal_Gland	73	2128	0.03430451127819549
493	Adrenal_Gland	79	2128	0.03712406015037594
494	Adrenal_Gland	88	2128	0.041353383458646614
495	Adrenal_Gland	76	2128	0.03571428571428571
496	Adrenal_Gland	66	2128	0.03101503759398496
497	Adrenal_Gland	84	2128	0.039473684210526314
498	Adrenal_Gland	85	2128	0.03994360902255639
499	Adrenal_Gland	78	2128	0.03665413533834586
500	Adrenal_Gland	82	2128	0.03853383458646616
501	Adrenal_Gland	82	2128	0.03853383458646616
502	Adrenal_Gland	77	2128	0.03618421052631579
503	Adrenal_Gland	71	2128	0.03336466165413534
504	Adrenal_Gland	80	2128	0.03759398496240601
505	Adrenal_Gland	86	2128	0.040413533834586464
506	Adrenal_Gland	76	2128	0.03571428571428571
507	Adrenal_Gland	76	2128	0.03571428571428571
508	Adrenal_Gland	56	2128	0.02631578947368421
509	Adrenal_Gland	83	2128	0.03900375939849624
510	Adrenal_Gland	77	2128	0.03618421052631579
511	Adrenal_Gland	87	2128	0.04088345864661654
512	Adrenal_Gland	83	2128	0.03900375939849624
513	Adrenal_Gland	83	2128	0.03900375939849624
514	Adrenal_Gland	73	2128	0.03430451127819549
515	Adrenal_Gland	78	2128	0.03665413533834586
516	Adrenal_Gland	67	2128	0.03148496240601504
517	Adrenal_Gland	84	2128	0.039473684210526314
518	Adrenal_Gland	74	2128	0.03477443609022556
519	Adrenal_Gland	73	2128	0.03430451127819549
520	Adrenal_Gland	73	2128	0.03430451127819549
521	Adrenal_Gland	75	2128	0.03524436090225564
522	Adrenal_Gland	77	2128	0.03618421052631579
523	Adrenal_Gland	71	2128	0.03336466165413534
524	Adrenal_Gland	71	2128	0.03336466165413534
525	Adrenal_Gland	83	2128	0.03900375939849624
526	Adrenal_Gland	70	2128	0.03289473684210526
527	Adrenal_Gland	64	2128	0.03007518796992481
528	Adrenal_Gland	79	2128	0.03712406015037594
529	Adrenal_Gland	76	2128	0.03571428571428571
530	Adrenal_Gland	71	2128	0.03336466165413534
531	Adrenal_Gland	76	2128	0.03571428571428571
532	Adrenal_Gland	80	2128	0.03759398496240601
533	Adrenal_Gland	74	2128	0.03477443609022556
534	Adrenal_Gland	85	2128	0.03994360902255639
535	Adrenal_Gland	74	2128	0.03477443609022556
536	Adrenal_Gland	78	2128	0.03665413533834586
537	Adrenal_Gland	76	2128	0.03571428571428571
538	Adrenal_Gland	72	2128	0.03383458646616541
539	Adrenal_Gland	74	2128	0.03477443609022556
540	Adrenal_Gland	65	2128	0.030545112781954886
541	Adrenal_Gland	67	2128	0.03148496240601504
542	Adrenal_Gland	74	2128	0.03477443609022556
543	Adrenal_Gland	70	2128	0.03289473684210526
544	Adrenal_Gland	90	2128	0.042293233082706765
545	Adrenal_Gland	85	2128	0.03994360902255639
546	Adrenal_Gland	86	2128	0.040413533834586464
547	Adrenal_Gland	101	2128	0.047462406015037595
548	Adrenal_Gland	90	2128	0.042293233082706765
549	Adrenal_Gland	92	2128	0.043233082706766915
550	Adrenal_Gland	75	2128	0.03524436090225564
551	Adrenal_Gland	84	2128	0.039473684210526314
552	Adrenal_Gland	75	2128	0.03524436090225564
553	Adrenal_Gland	92	2128	0.043233082706766915
554	Adrenal_Gland	75	2128	0.03524436090225564
555	Adrenal_Gland	68	2128	0.03195488721804511
556	Adrenal_Gland	73	2128	0.03430451127819549
557	Adrenal_Gland	94	2128	0.044172932330827065
558	Adrenal_Gland	63	2128	0.029605263157894735
559	Adrenal_Gland	78	2128	0.03665413533834586
560	Adrenal_Gland	90	2128	0.042293233082706765
561	Adrenal_Gland	74	2128	0.03477443609022556
562	Adrenal_Gland	74	2128	0.03477443609022556
563	Adrenal_Gland	79	2128	0.03712406015037594
564	Adrenal_Gland	90	2128	0.042293233082706765
565	Adrenal_Gland	75	2128	0.03524436090225564
566	Adrenal_Gland	78	2128	0.03665413533834586
567	Adrenal_Gland	86	2128	0.040413533834586464
568	Adrenal_Gland	77	2128	0.03618421052631579
569	Adrenal_Gland	82	2128	0.03853383458646616
570	Adrenal_Gland	82	2128	0.03853383458646616
571	Adrenal_Gland	72	2128	0.03383458646616541
572	Adrenal_Gland	78	2128	0.03665413533834586
573	Adrenal_Gland	78	2128	0.03665413533834586
574	Adrenal_Gland	92	2128	0.043233082706766915
575	Adrenal_Gland	80	2128	0.03759398496240601
576	Adrenal_Gland	87	2128	0.04088345864661654
577	Adrenal_Gland	78	2128	0.03665413533834586
578	Adrenal_Gland	69	2128	0.03242481203007519
579	Adrenal_Gland	78	2128	0.03665413533834586
580	Adrenal_Gland	60	2128	0.02819548872180451
581	Adrenal_Gland	67	2128	0.03148496240601504
582	Adrenal_Gland	72	2128	0.03383458646616541
583	Adrenal_Gland	101	2128	0.047462406015037595
584	Adrenal_Gland	83	2128	0.03900375939849624
585	Adrenal_Gland	88	2128	0.041353383458646614
586	Adrenal_Gland	76	2128	0.03571428571428571
587	Adrenal_Gland	80	2128	0.03759398496240601
588	Adrenal_Gland	79	2128	0.03712406015037594
589	Adrenal_Gland	84	2128	0.039473684210526314
590	Adrenal_Gland	84	2128	0.039473684210526314
591	Adrenal_Gland	80	2128	0.03759398496240601
592	Adrenal_Gland	63	2128	0.029605263157894735
593	Adrenal_Gland	66	2128	0.03101503759398496
594	Adrenal_Gland	71	2128	0.03336466165413534
595	Adrenal_Gland	68	2128	0.03195488721804511
596	Adrenal_Gland	75	2128	0.03524436090225564
597	Adrenal_Gland	83	2128	0.03900375939849624
598	Adrenal_Gland	73	2128	0.03430451127819549
599	Adrenal_Gland	69	2128	0.03242481203007519
600	Adrenal_Gland	85	2128	0.03994360902255639
601	Adrenal_Gland	89	2128	0.04182330827067669
602	Adrenal_Gland	80	2128	0.03759398496240601
603	Adrenal_Gland	83	2128	0.03900375939849624
604	Adrenal_Gland	85	2128	0.03994360902255639
605	Adrenal_Gland	84	2128	0.039473684210526314
606	Adrenal_Gland	61	2128	0.028665413533834585
607	Adrenal_Gland	65	2128	0.030545112781954886
608	Adrenal_Gland	75	2128	0.03524436090225564
609	Adrenal_Gland	75	2128	0.03524436090225564
610	Adrenal_Gland	79	2128	0.03712406015037594
611	Adrenal_Gland	83	2128	0.03900375939849624
612	Adrenal_Gland	85	2128	0.03994360902255639
613	Adrenal_Gland	78	2128	0.03665413533834586
614	Adrenal_Gland	93	2128	0.043703007518796994
615	Adrenal_Gland	76	2128	0.03571428571428571
616	Adrenal_Gland	83	2128	0.03900375939849624
617	Adrenal_Gland	72	2128	0.03383458646616541
618	Adrenal_Gland	69	2128	0.03242481203007519
619	Adrenal_Gland	81	2128	0.03806390977443609
620	Adrenal_Gland	72	2128	0.03383458646616541
621	Adrenal_Gland	70	2128	0.03289473684210526
622	Adrenal_Gland	78	2128	0.03665413533834586
623	Adrenal_Gland	59	2128	0.027725563909774435
624	Adrenal_Gland	65	2128	0.030545112781954886
625	Adrenal_Gland	73	2128	0.03430451127819549
626	Adrenal_Gland	73	2128	0.03430451127819549
627	Adrenal_Gland	77	2128	0.03618421052631579
628	Adrenal_Gland	74	2128	0.03477443609022556
629	Adrenal_Gland	79	2128	0.03712406015037594
630	Adrenal_Gland	88	2128	0.041353383458646614
631	Adrenal_Gland	75	2128	0.03524436090225564
632	Adrenal_Gland	80	2128	0.03759398496240601
633	Adrenal_Gland	84	2128	0.039473684210526314
634	Adrenal_Gland	74	2128	0.03477443609022556
635	Adrenal_Gland	66	2128	0.03101503759398496
636	Adrenal_Gland	72	2128	0.03383458646616541
637	Adrenal_Gland	77	2128	0.03618421052631579
638	Adrenal_Gland	64	2128	0.03007518796992481
639	Adrenal_Gland	76	2128	0.03571428571428571
640	Adrenal_Gland	73	2128	0.03430451127819549
641	Adrenal_Gland	77	2128	0.03618421052631579
642	Adrenal_Gland	96	2128	0.045112781954887216
643	Adrenal_Gland	86	2128	0.040413533834586464
644	Adrenal_Gland	71	2128	0.03336466165413534
645	Adrenal_Gland	72	2128	0.03383458646616541
646	Adrenal_Gland	89	2128	0.04182330827067669
647	Adrenal_Gland	80	2128	0.03759398496240601
648	Adrenal_Gland	69	2128	0.03242481203007519
649	Adrenal_Gland	71	2128	0.03336466165413534
650	Adrenal_Gland	78	2128	0.03665413533834586
651	Adrenal_Gland	85	2128	0.03994360902255639
652	Adrenal_Gland	74	2128	0.03477443609022556
653	Adrenal_Gland	83	2128	0.03900375939849624
654	Adrenal_Gland	83	2128	0.03900375939849624
655	Adrenal_Gland	78	2128	0.03665413533834586
656	Adrenal_Gland	72	2128	0.03383458646616541
657	Adrenal_Gland	83	2128	0.03900375939849624
658	Adrenal_Gland	91	2128	0.04276315789473684
659	Adrenal_Gland	79	2128	0.03712406015037594
660	Adrenal_Gland	80	2128	0.03759398496240601
661	Adrenal_Gland	80	2128	0.03759398496240601
662	Adrenal_Gland	83	2128	0.03900375939849624
663	Adrenal_Gland	87	2128	0.04088345864661654
664	Adrenal_Gland	84	2128	0.039473684210526314
665	Adrenal_Gland	77	2128	0.03618421052631579
666	Adrenal_Gland	78	2128	0.03665413533834586
667	Adrenal_Gland	79	2128	0.03712406015037594
668	Adrenal_Gland	81	2128	0.03806390977443609
669	Adrenal_Gland	74	2128	0.03477443609022556
670	Adrenal_Gland	75	2128	0.03524436090225564
671	Adrenal_Gland	86	2128	0.040413533834586464
672	Adrenal_Gland	83	2128	0.03900375939849624
673	Adrenal_Gland	85	2128	0.03994360902255639
674	Adrenal_Gland	69	2128	0.03242481203007519
675	Adrenal_Gland	80	2128	0.03759398496240601
676	Adrenal_Gland	86	2128	0.040413533834586464
677	Adrenal_Gland	75	2128	0.03524436090225564
678	Adrenal_Gland	82	2128	0.03853383458646616
679	Adrenal_Gland	82	2128	0.03853383458646616
680	Adrenal_Gland	88	2128	0.041353383458646614
681	Adrenal_Gland	69	2128	0.03242481203007519
682	Adrenal_Gland	69	2128	0.03242481203007519
683	Adrenal_Gland	77	2128	0.03618421052631579
684	Adrenal_Gland	78	2128	0.03665413533834586
685	Adrenal_Gland	78	2128	0.03665413533834586
686	Adrenal_Gland	80	2128	0.03759398496240601
687	Adrenal_Gland	89	2128	0.04182330827067669
688	Adrenal_Gland	71	2128	0.03336466165413534
689	Adrenal_Gland	69	2128	0.03242481203007519
690	Adrenal_Gland	77	2128	0.03618421052631579
691	Adrenal_Gland	67	2128	0.03148496240601504
692	Adrenal_Gland	76	2128	0.03571428571428571
693	Adrenal_Gland	91	2128	0.04276315789473684
694	Adrenal_Gland	62	2128	0.02913533834586466
695	Adrenal_Gland	74	2128	0.03477443609022556
696	Adrenal_Gland	77	2128	0.03618421052631579
697	Adrenal_Gland	76	2128	0.03571428571428571
698	Adrenal_Gland	76	2128	0.03571428571428571
699	Adrenal_Gland	88	2128	0.041353383458646614
700	Adrenal_Gland	74	2128	0.03477443609022556
701	Adrenal_Gland	81	2128	0.03806390977443609
702	Adrenal_Gland	77	2128	0.03618421052631579
703	Adrenal_Gland	76	2128	0.03571428571428571
704	Adrenal_Gland	68	2128	0.03195488721804511
705	Adrenal_Gland	91	2128	0.04276315789473684
706	Adrenal_Gland	66	2128	0.03101503759398496
707	Adrenal_Gland	77	2128	0.03618421052631579
708	Adrenal_Gland	90	2128	0.042293233082706765
709	Adrenal_Gland	64	2128	0.03007518796992481
710	Adrenal_Gland	77	2128	0.03618421052631579
711	Adrenal_Gland	85	2128	0.03994360902255639
712	Adrenal_Gland	83	2128	0.03900375939849624
713	Adrenal_Gland	78	2128	0.03665413533834586
714	Adrenal_Gland	67	2128	0.03148496240601504
715	Adrenal_Gland	81	2128	0.03806390977443609
716	Adrenal_Gland	71	2128	0.03336466165413534
717	Adrenal_Gland	80	2128	0.03759398496240601
718	Adrenal_Gland	83	2128	0.03900375939849624
719	Adrenal_Gland	70	2128	0.03289473684210526
720	Adrenal_Gland	88	2128	0.041353383458646614
721	Adrenal_Gland	84	2128	0.039473684210526314
722	Adrenal_Gland	73	2128	0.03430451127819549
723	Adrenal_Gland	69	2128	0.03242481203007519
724	Adrenal_Gland	80	2128	0.03759398496240601
725	Adrenal_Gland	73	2128	0.03430451127819549
726	Adrenal_Gland	84	2128	0.039473684210526314
727	Adrenal_Gland	77	2128	0.03618421052631579
728	Adrenal_Gland	80	2128	0.03759398496240601
729	Adrenal_Gland	67	2128	0.03148496240601504
730	Adrenal_Gland	83	2128	0.03900375939849624
731	Adrenal_Gland	80	2128	0.03759398496240601
732	Adrenal_Gland	66	2128	0.03101503759398496
733	Adrenal_Gland	90	2128	0.042293233082706765
734	Adrenal_Gland	69	2128	0.03242481203007519
735	Adrenal_Gland	65	2128	0.030545112781954886
736	Adrenal_Gland	94	2128	0.044172932330827065
737	Adrenal_Gland	79	2128	0.03712406015037594
738	Adrenal_Gland	74	2128	0.03477443609022556
739	Adrenal_Gland	77	2128	0.03618421052631579
740	Adrenal_Gland	62	2128	0.02913533834586466
741	Adrenal_Gland	84	2128	0.039473684210526314
742	Adrenal_Gland	68	2128	0.03195488721804511
743	Adrenal_Gland	59	2128	0.027725563909774435
744	Adrenal_Gland	83	2128	0.03900375939849624
745	Adrenal_Gland	92	2128	0.043233082706766915
746	Adrenal_Gland	80	2128	0.03759398496240601
747	Adrenal_Gland	67	2128	0.03148496240601504
748	Adrenal_Gland	74	2128	0.03477443609022556
749	Adrenal_Gland	66	2128	0.03101503759398496
750	Adrenal_Gland	73	2128	0.03430451127819549
751	Adrenal_Gland	72	2128	0.03383458646616541
752	Adrenal_Gland	69	2128	0.03242481203007519
753	Adrenal_Gland	74	2128	0.03477443609022556
754	Adrenal_Gland	73	2128	0.03430451127819549
755	Adrenal_Gland	81	2128	0.03806390977443609
756	Adrenal_Gland	74	2128	0.03477443609022556
757	Adrenal_Gland	69	2128	0.03242481203007519
758	Adrenal_Gland	66	2128	0.03101503759398496
759	Adrenal_Gland	65	2128	0.030545112781954886
760	Adrenal_Gland	74	2128	0.03477443609022556
761	Adrenal_Gland	79	2128	0.03712406015037594
762	Adrenal_Gland	80	2128	0.03759398496240601
763	Adrenal_Gland	77	2128	0.03618421052631579
764	Adrenal_Gland	75	2128	0.03524436090225564
765	Adrenal_Gland	77	2128	0.03618421052631579
766	Adrenal_Gland	80	2128	0.03759398496240601
767	Adrenal_Gland	74	2128	0.03477443609022556
768	Adrenal_Gland	83	2128	0.03900375939849624
769	Adrenal_Gland	81	2128	0.03806390977443609
770	Adrenal_Gland	81	2128	0.03806390977443609
771	Adrenal_Gland	77	2128	0.03618421052631579
772	Adrenal_Gland	84	2128	0.039473684210526314
773	Adrenal_Gland	87	2128	0.04088345864661654
774	Adrenal_Gland	75	2128	0.03524436090225564
775	Adrenal_Gland	77	2128	0.03618421052631579
776	Adrenal_Gland	84	2128	0.039473684210526314
777	Adrenal_Gland	79	2128	0.03712406015037594
778	Adrenal_Gland	74	2128	0.03477443609022556
779	Adrenal_Gland	70	2128	0.03289473684210526
780	Adrenal_Gland	65	2128	0.030545112781954886
781	Adrenal_Gland	72	2128	0.03383458646616541
782	Adrenal_Gland	63	2128	0.029605263157894735
783	Adrenal_Gland	77	2128	0.03618421052631579
784	Adrenal_Gland	85	2128	0.03994360902255639
785	Adrenal_Gland	76	2128	0.03571428571428571
786	Adrenal_Gland	90	2128	0.042293233082706765
787	Adrenal_Gland	73	2128	0.03430451127819549
788	Adrenal_Gland	89	2128	0.04182330827067669
789	Adrenal_Gland	87	2128	0.04088345864661654
790	Adrenal_Gland	75	2128	0.03524436090225564
791	Adrenal_Gland	73	2128	0.03430451127819549
792	Adrenal_Gland	89	2128	0.04182330827067669
793	Adrenal_Gland	77	2128	0.03618421052631579
794	Adrenal_Gland	83	2128	0.03900375939849624
795	Adrenal_Gland	68	2128	0.03195488721804511
796	Adrenal_Gland	68	2128	0.03195488721804511
797	Adrenal_Gland	86	2128	0.040413533834586464
798	Adrenal_Gland	78	2128	0.03665413533834586
799	Adrenal_Gland	78	2128	0.03665413533834586
800	Adrenal_Gland	70	2128	0.03289473684210526
801	Adrenal_Gland	87	2128	0.04088345864661654
802	Adrenal_Gland	86	2128	0.040413533834586464
803	Adrenal_Gland	81	2128	0.03806390977443609
804	Adrenal_Gland	68	2128	0.03195488721804511
805	Adrenal_Gland	60	2128	0.02819548872180451
806	Adrenal_Gland	79	2128	0.03712406015037594
807	Adrenal_Gland	79	2128	0.03712406015037594
808	Adrenal_Gland	75	2128	0.03524436090225564
809	Adrenal_Gland	64	2128	0.03007518796992481
810	Adrenal_Gland	70	2128	0.03289473684210526
811	Adrenal_Gland	78	2128	0.03665413533834586
812	Adrenal_Gland	69	2128	0.03242481203007519
813	Adrenal_Gland	97	2128	0.045582706766917294
814	Adrenal_Gland	68	2128	0.03195488721804511
815	Adrenal_Gland	76	2128	0.03571428571428571
816	Adrenal_Gland	73	2128	0.03430451127819549
817	Adrenal_Gland	64	2128	0.03007518796992481
818	Adrenal_Gland	77	2128	0.03618421052631579
819	Adrenal_Gland	66	2128	0.03101503759398496
820	Adrenal_Gland	89	2128	0.04182330827067669
821	Adrenal_Gland	70	2128	0.03289473684210526
822	Adrenal_Gland	75	2128	0.03524436090225564
823	Adrenal_Gland	75	2128	0.03524436090225564
824	Adrenal_Gland	92	2128	0.043233082706766915
825	Adrenal_Gland	84	2128	0.039473684210526314
826	Adrenal_Gland	72	2128	0.03383458646616541
827	Adrenal_Gland	95	2128	0.044642857142857144
828	Adrenal_Gland	83	2128	0.03900375939849624
829	Adrenal_Gland	71	2128	0.03336466165413534
830	Adrenal_Gland	78	2128	0.03665413533834586
831	Adrenal_Gland	70	2128	0.03289473684210526
832	Adrenal_Gland	68	2128	0.03195488721804511
833	Adrenal_Gland	79	2128	0.03712406015037594
834	Adrenal_Gland	72	2128	0.03383458646616541
835	Adrenal_Gland	86	2128	0.040413533834586464
836	Adrenal_Gland	77	2128	0.03618421052631579
837	Adrenal_Gland	77	2128	0.03618421052631579
838	Adrenal_Gland	78	2128	0.03665413533834586
839	Adrenal_Gland	80	2128	0.03759398496240601
840	Adrenal_Gland	74	2128	0.03477443609022556
841	Adrenal_Gland	78	2128	0.03665413533834586
842	Adrenal_Gland	71	2128	0.03336466165413534
843	Adrenal_Gland	77	2128	0.03618421052631579
844	Adrenal_Gland	84	2128	0.039473684210526314
845	Adrenal_Gland	74	2128	0.03477443609022556
846	Adrenal_Gland	65	2128	0.030545112781954886
847	Adrenal_Gland	79	2128	0.03712406015037594
848	Adrenal_Gland	76	2128	0.03571428571428571
849	Adrenal_Gland	84	2128	0.039473684210526314
850	Adrenal_Gland	76	2128	0.03571428571428571
851	Adrenal_Gland	89	2128	0.04182330827067669
852	Adrenal_Gland	53	2128	0.024906015037593984
853	Adrenal_Gland	77	2128	0.03618421052631579
854	Adrenal_Gland	73	2128	0.03430451127819549
855	Adrenal_Gland	80	2128	0.03759398496240601
856	Adrenal_Gland	69	2128	0.03242481203007519
857	Adrenal_Gland	71	2128	0.03336466165413534
858	Adrenal_Gland	78	2128	0.03665413533834586
859	Adrenal_Gland	88	2128	0.041353383458646614
860	Adrenal_Gland	81	2128	0.03806390977443609
861	Adrenal_Gland	84	2128	0.039473684210526314
862	Adrenal_Gland	92	2128	0.043233082706766915
863	Adrenal_Gland	90	2128	0.042293233082706765
864	Adrenal_Gland	85	2128	0.03994360902255639
865	Adrenal_Gland	68	2128	0.03195488721804511
866	Adrenal_Gland	74	2128	0.03477443609022556
867	Adrenal_Gland	88	2128	0.041353383458646614
868	Adrenal_Gland	72	2128	0.03383458646616541
869	Adrenal_Gland	82	2128	0.03853383458646616
870	Adrenal_Gland	71	2128	0.03336466165413534
871	Adrenal_Gland	68	2128	0.03195488721804511
872	Adrenal_Gland	85	2128	0.03994360902255639
873	Adrenal_Gland	79	2128	0.03712406015037594
874	Adrenal_Gland	74	2128	0.03477443609022556
875	Adrenal_Gland	81	2128	0.03806390977443609
876	Adrenal_Gland	65	2128	0.030545112781954886
877	Adrenal_Gland	68	2128	0.03195488721804511
878	Adrenal_Gland	82	2128	0.03853383458646616
879	Adrenal_Gland	77	2128	0.03618421052631579
880	Adrenal_Gland	77	2128	0.03618421052631579
881	Adrenal_Gland	75	2128	0.03524436090225564
882	Adrenal_Gland	73	2128	0.03430451127819549
883	Adrenal_Gland	78	2128	0.03665413533834586
884	Adrenal_Gland	78	2128	0.03665413533834586
885	Adrenal_Gland	85	2128	0.03994360902255639
886	Adrenal_Gland	74	2128	0.03477443609022556
887	Adrenal_Gland	74	2128	0.03477443609022556
888	Adrenal_Gland	74	2128	0.03477443609022556
889	Adrenal_Gland	73	2128	0.03430451127819549
890	Adrenal_Gland	70	2128	0.03289473684210526
891	Adrenal_Gland	70	2128	0.03289473684210526
892	Adrenal_Gland	81	2128	0.03806390977443609
893	Adrenal_Gland	74	2128	0.03477443609022556
894	Adrenal_Gland	70	2128	0.03289473684210526
895	Adrenal_Gland	74	2128	0.03477443609022556
896	Adrenal_Gland	85	2128	0.03994360902255639
897	Adrenal_Gland	79	2128	0.03712406015037594
898	Adrenal_Gland	74	2128	0.03477443609022556
899	Adrenal_Gland	75	2128	0.03524436090225564
900	Adrenal_Gland	84	2128	0.039473684210526314
901	Adrenal_Gland	85	2128	0.03994360902255639
902	Adrenal_Gland	69	2128	0.03242481203007519
903	Adrenal_Gland	77	2128	0.03618421052631579
904	Adrenal_Gland	79	2128	0.03712406015037594
905	Adrenal_Gland	87	2128	0.04088345864661654
906	Adrenal_Gland	94	2128	0.044172932330827065
907	Adrenal_Gland	77	2128	0.03618421052631579
908	Adrenal_Gland	68	2128	0.03195488721804511
909	Adrenal_Gland	76	2128	0.03571428571428571
910	Adrenal_Gland	84	2128	0.039473684210526314
911	Adrenal_Gland	72	2128	0.03383458646616541
912	Adrenal_Gland	81	2128	0.03806390977443609
913	Adrenal_Gland	97	2128	0.045582706766917294
914	Adrenal_Gland	85	2128	0.03994360902255639
915	Adrenal_Gland	71	2128	0.03336466165413534
916	Adrenal_Gland	81	2128	0.03806390977443609
917	Adrenal_Gland	79	2128	0.03712406015037594
918	Adrenal_Gland	80	2128	0.03759398496240601
919	Adrenal_Gland	64	2128	0.03007518796992481
920	Adrenal_Gland	88	2128	0.041353383458646614
921	Adrenal_Gland	69	2128	0.03242481203007519
922	Adrenal_Gland	79	2128	0.03712406015037594
923	Adrenal_Gland	83	2128	0.03900375939849624
924	Adrenal_Gland	67	2128	0.03148496240601504
925	Adrenal_Gland	82	2128	0.03853383458646616
926	Adrenal_Gland	75	2128	0.03524436090225564
927	Adrenal_Gland	70	2128	0.03289473684210526
928	Adrenal_Gland	76	2128	0.03571428571428571
929	Adrenal_Gland	83	2128	0.03900375939849624
930	Adrenal_Gland	79	2128	0.03712406015037594
931	Adrenal_Gland	75	2128	0.03524436090225564
932	Adrenal_Gland	76	2128	0.03571428571428571
933	Adrenal_Gland	67	2128	0.03148496240601504
934	Adrenal_Gland	91	2128	0.04276315789473684
935	Adrenal_Gland	64	2128	0.03007518796992481
936	Adrenal_Gland	81	2128	0.03806390977443609
937	Adrenal_Gland	75	2128	0.03524436090225564
938	Adrenal_Gland	70	2128	0.03289473684210526
939	Adrenal_Gland	74	2128	0.03477443609022556
940	Adrenal_Gland	78	2128	0.03665413533834586
941	Adrenal_Gland	68	2128	0.03195488721804511
942	Adrenal_Gland	70	2128	0.03289473684210526
943	Adrenal_Gland	84	2128	0.039473684210526314
944	Adrenal_Gland	73	2128	0.03430451127819549
945	Adrenal_Gland	74	2128	0.03477443609022556
946	Adrenal_Gland	101	2128	0.047462406015037595
947	Adrenal_Gland	72	2128	0.03383458646616541
948	Adrenal_Gland	78	2128	0.03665413533834586
949	Adrenal_Gland	78	2128	0.03665413533834586
950	Adrenal_Gland	70	2128	0.03289473684210526
951	Adrenal_Gland	80	2128	0.03759398496240601
952	Adrenal_Gland	96	2128	0.045112781954887216
953	Adrenal_Gland	79	2128	0.03712406015037594
954	Adrenal_Gland	81	2128	0.03806390977443609
955	Adrenal_Gland	77	2128	0.03618421052631579
956	Adrenal_Gland	78	2128	0.03665413533834586
957	Adrenal_Gland	70	2128	0.03289473684210526
958	Adrenal_Gland	65	2128	0.030545112781954886
959	Adrenal_Gland	79	2128	0.03712406015037594
960	Adrenal_Gland	84	2128	0.039473684210526314
961	Adrenal_Gland	74	2128	0.03477443609022556
962	Adrenal_Gland	76	2128	0.03571428571428571
963	Adrenal_Gland	76	2128	0.03571428571428571
964	Adrenal_Gland	88	2128	0.041353383458646614
965	Adrenal_Gland	86	2128	0.040413533834586464
966	Adrenal_Gland	89	2128	0.04182330827067669
967	Adrenal_Gland	80	2128	0.03759398496240601
968	Adrenal_Gland	70	2128	0.03289473684210526
969	Adrenal_Gland	83	2128	0.03900375939849624
970	Adrenal_Gland	82	2128	0.03853383458646616
971	Adrenal_Gland	76	2128	0.03571428571428571
972	Adrenal_Gland	79	2128	0.03712406015037594
973	Adrenal_Gland	69	2128	0.03242481203007519
974	Adrenal_Gland	70	2128	0.03289473684210526
975	Adrenal_Gland	65	2128	0.030545112781954886
976	Adrenal_Gland	64	2128	0.03007518796992481
977	Adrenal_Gland	82	2128	0.03853383458646616
978	Adrenal_Gland	79	2128	0.03712406015037594
979	Adrenal_Gland	74	2128	0.03477443609022556
980	Adrenal_Gland	83	2128	0.03900375939849624
981	Adrenal_Gland	83	2128	0.03900375939849624
982	Adrenal_Gland	93	2128	0.043703007518796994
983	Adrenal_Gland	76	2128	0.03571428571428571
984	Adrenal_Gland	88	2128	0.041353383458646614
985	Adrenal_Gland	85	2128	0.03994360902255639
986	Adrenal_Gland	82	2128	0.03853383458646616
987	Adrenal_Gland	72	2128	0.03383458646616541
988	Adrenal_Gland	70	2128	0.03289473684210526
989	Adrenal_Gland	84	2128	0.039473684210526314
990	Adrenal_Gland	74	2128	0.03477443609022556
991	Adrenal_Gland	82	2128	0.03853383458646616
992	Adrenal_Gland	81	2128	0.03806390977443609
993	Adrenal_Gland	81	2128	0.03806390977443609
994	Adrenal_Gland	61	2128	0.028665413533834585
995	Adrenal_Gland	82	2128	0.03853383458646616
996	Adrenal_Gland	88	2128	0.041353383458646614
997	Adrenal_Gland	88	2128	0.041353383458646614
998	Adrenal_Gland	78	2128	0.03665413533834586
999	Adrenal_Gland	88	2128	0.041353383458646614
1000	Adrenal_Gland	91	2128	0.04276315789473684
1	Liver	69	1830	0.03770491803278689
2	Liver	62	1830	0.033879781420765025
3	Liver	66	1830	0.036065573770491806
4	Liver	67	1830	0.0366120218579235
5	Liver	69	1830	0.03770491803278689
6	Liver	78	1830	0.04262295081967213
7	Liver	73	1830	0.03989071038251366
8	Liver	69	1830	0.03770491803278689
9	Liver	74	1830	0.040437158469945354
10	Liver	74	1830	0.040437158469945354
11	Liver	72	1830	0.03934426229508197
12	Liver	63	1830	0.03442622950819672
13	Liver	86	1830	0.046994535519125684
14	Liver	66	1830	0.036065573770491806
15	Liver	65	1830	0.03551912568306011
16	Liver	63	1830	0.03442622950819672
17	Liver	59	1830	0.03224043715846994
18	Liver	50	1830	0.0273224043715847
19	Liver	78	1830	0.04262295081967213
20	Liver	70	1830	0.03825136612021858
21	Liver	72	1830	0.03934426229508197
22	Liver	70	1830	0.03825136612021858
23	Liver	56	1830	0.030601092896174863
24	Liver	63	1830	0.03442622950819672
25	Liver	72	1830	0.03934426229508197
26	Liver	63	1830	0.03442622950819672
27	Liver	59	1830	0.03224043715846994
28	Liver	64	1830	0.034972677595628415
29	Liver	70	1830	0.03825136612021858
30	Liver	68	1830	0.03715846994535519
31	Liver	63	1830	0.03442622950819672
32	Liver	72	1830	0.03934426229508197
33	Liver	70	1830	0.03825136612021858
34	Liver	69	1830	0.03770491803278689
35	Liver	61	1830	0.03333333333333333
36	Liver	74	1830	0.040437158469945354
37	Liver	74	1830	0.040437158469945354
38	Liver	67	1830	0.0366120218579235
39	Liver	77	1830	0.04207650273224044
40	Liver	76	1830	0.041530054644808745
41	Liver	66	1830	0.036065573770491806
42	Liver	75	1830	0.040983606557377046
43	Liver	67	1830	0.0366120218579235
44	Liver	55	1830	0.030054644808743168
45	Liver	70	1830	0.03825136612021858
46	Liver	67	1830	0.0366120218579235
47	Liver	69	1830	0.03770491803278689
48	Liver	64	1830	0.034972677595628415
49	Liver	70	1830	0.03825136612021858
50	Liver	74	1830	0.040437158469945354
51	Liver	62	1830	0.033879781420765025
52	Liver	71	1830	0.03879781420765027
53	Liver	58	1830	0.03169398907103825
54	Liver	56	1830	0.030601092896174863
55	Liver	73	1830	0.03989071038251366
56	Liver	71	1830	0.03879781420765027
57	Liver	63	1830	0.03442622950819672
58	Liver	68	1830	0.03715846994535519
59	Liver	52	1830	0.02841530054644809
60	Liver	73	1830	0.03989071038251366
61	Liver	64	1830	0.034972677595628415
62	Liver	79	1830	0.04316939890710383
63	Liver	67	1830	0.0366120218579235
64	Liver	79	1830	0.04316939890710383
65	Liver	66	1830	0.036065573770491806
66	Liver	72	1830	0.03934426229508197
67	Liver	67	1830	0.0366120218579235
68	Liver	62	1830	0.033879781420765025
69	Liver	91	1830	0.04972677595628415
70	Liver	68	1830	0.03715846994535519
71	Liver	65	1830	0.03551912568306011
72	Liver	70	1830	0.03825136612021858
73	Liver	90	1830	0.04918032786885246
74	Liver	71	1830	0.03879781420765027
75	Liver	56	1830	0.030601092896174863
76	Liver	69	1830	0.03770491803278689
77	Liver	66	1830	0.036065573770491806
78	Liver	72	1830	0.03934426229508197
79	Liver	55	1830	0.030054644808743168
80	Liver	69	1830	0.03770491803278689
81	Liver	76	1830	0.041530054644808745
82	Liver	68	1830	0.03715846994535519
83	Liver	71	1830	0.03879781420765027
84	Liver	72	1830	0.03934426229508197
85	Liver	56	1830	0.030601092896174863
86	Liver	61	1830	0.03333333333333333
87	Liver	70	1830	0.03825136612021858
88	Liver	77	1830	0.04207650273224044
89	Liver	53	1830	0.02896174863387978
90	Liver	70	1830	0.03825136612021858
91	Liver	81	1830	0.04426229508196721
92	Liver	68	1830	0.03715846994535519
93	Liver	62	1830	0.033879781420765025
94	Liver	66	1830	0.036065573770491806
95	Liver	63	1830	0.03442622950819672
96	Liver	68	1830	0.03715846994535519
97	Liver	66	1830	0.036065573770491806
98	Liver	73	1830	0.03989071038251366
99	Liver	69	1830	0.03770491803278689
100	Liver	69	1830	0.03770491803278689
101	Liver	73	1830	0.03989071038251366
102	Liver	71	1830	0.03879781420765027
103	Liver	65	1830	0.03551912568306011
104	Liver	76	1830	0.041530054644808745
105	Liver	62	1830	0.033879781420765025
106	Liver	73	1830	0.03989071038251366
107	Liver	60	1830	0.03278688524590164
108	Liver	70	1830	0.03825136612021858
109	Liver	65	1830	0.03551912568306011
110	Liver	57	1830	0.03114754098360656
111	Liver	64	1830	0.034972677595628415
112	Liver	83	1830	0.0453551912568306
113	Liver	75	1830	0.040983606557377046
114	Liver	69	1830	0.03770491803278689
115	Liver	67	1830	0.0366120218579235
116	Liver	58	1830	0.03169398907103825
117	Liver	61	1830	0.03333333333333333
118	Liver	66	1830	0.036065573770491806
119	Liver	71	1830	0.03879781420765027
120	Liver	70	1830	0.03825136612021858
121	Liver	59	1830	0.03224043715846994
122	Liver	56	1830	0.030601092896174863
123	Liver	61	1830	0.03333333333333333
124	Liver	68	1830	0.03715846994535519
125	Liver	57	1830	0.03114754098360656
126	Liver	46	1830	0.025136612021857924
127	Liver	84	1830	0.04590163934426229
128	Liver	71	1830	0.03879781420765027
129	Liver	72	1830	0.03934426229508197
130	Liver	52	1830	0.02841530054644809
131	Liver	58	1830	0.03169398907103825
132	Liver	71	1830	0.03879781420765027
133	Liver	60	1830	0.03278688524590164
134	Liver	67	1830	0.0366120218579235
135	Liver	72	1830	0.03934426229508197
136	Liver	57	1830	0.03114754098360656
137	Liver	68	1830	0.03715846994535519
138	Liver	62	1830	0.033879781420765025
139	Liver	60	1830	0.03278688524590164
140	Liver	66	1830	0.036065573770491806
141	Liver	72	1830	0.03934426229508197
142	Liver	54	1830	0.029508196721311476
143	Liver	56	1830	0.030601092896174863
144	Liver	70	1830	0.03825136612021858
145	Liver	63	1830	0.03442622950819672
146	Liver	59	1830	0.03224043715846994
147	Liver	83	1830	0.0453551912568306
148	Liver	71	1830	0.03879781420765027
149	Liver	59	1830	0.03224043715846994
150	Liver	59	1830	0.03224043715846994
151	Liver	64	1830	0.034972677595628415
152	Liver	72	1830	0.03934426229508197
153	Liver	67	1830	0.0366120218579235
154	Liver	70	1830	0.03825136612021858
155	Liver	66	1830	0.036065573770491806
156	Liver	63	1830	0.03442622950819672
157	Liver	61	1830	0.03333333333333333
158	Liver	60	1830	0.03278688524590164
159	Liver	60	1830	0.03278688524590164
160	Liver	59	1830	0.03224043715846994
161	Liver	64	1830	0.034972677595628415
162	Liver	69	1830	0.03770491803278689
163	Liver	74	1830	0.040437158469945354
164	Liver	66	1830	0.036065573770491806
165	Liver	67	1830	0.0366120218579235
166	Liver	64	1830	0.034972677595628415
167	Liver	63	1830	0.03442622950819672
168	Liver	67	1830	0.0366120218579235
169	Liver	67	1830	0.0366120218579235
170	Liver	72	1830	0.03934426229508197
171	Liver	66	1830	0.036065573770491806
172	Liver	68	1830	0.03715846994535519
173	Liver	71	1830	0.03879781420765027
174	Liver	70	1830	0.03825136612021858
175	Liver	66	1830	0.036065573770491806
176	Liver	65	1830	0.03551912568306011
177	Liver	68	1830	0.03715846994535519
178	Liver	71	1830	0.03879781420765027
179	Liver	65	1830	0.03551912568306011
180	Liver	62	1830	0.033879781420765025
181	Liver	75	1830	0.040983606557377046
182	Liver	78	1830	0.04262295081967213
183	Liver	62	1830	0.033879781420765025
184	Liver	56	1830	0.030601092896174863
185	Liver	67	1830	0.0366120218579235
186	Liver	60	1830	0.03278688524590164
187	Liver	67	1830	0.0366120218579235
188	Liver	62	1830	0.033879781420765025
189	Liver	47	1830	0.025683060109289616
190	Liver	74	1830	0.040437158469945354
191	Liver	69	1830	0.03770491803278689
192	Liver	57	1830	0.03114754098360656
193	Liver	68	1830	0.03715846994535519
194	Liver	57	1830	0.03114754098360656
195	Liver	79	1830	0.04316939890710383
196	Liver	68	1830	0.03715846994535519
197	Liver	60	1830	0.03278688524590164
198	Liver	69	1830	0.03770491803278689
199	Liver	64	1830	0.034972677595628415
200	Liver	83	1830	0.0453551912568306
201	Liver	76	1830	0.041530054644808745
202	Liver	61	1830	0.03333333333333333
203	Liver	66	1830	0.036065573770491806
204	Liver	70	1830	0.03825136612021858
205	Liver	68	1830	0.03715846994535519
206	Liver	59	1830	0.03224043715846994
207	Liver	59	1830	0.03224043715846994
208	Liver	65	1830	0.03551912568306011
209	Liver	77	1830	0.04207650273224044
210	Liver	69	1830	0.03770491803278689
211	Liver	88	1830	0.048087431693989074
212	Liver	64	1830	0.034972677595628415
213	Liver	70	1830	0.03825136612021858
214	Liver	71	1830	0.03879781420765027
215	Liver	68	1830	0.03715846994535519
216	Liver	75	1830	0.040983606557377046
217	Liver	74	1830	0.040437158469945354
218	Liver	62	1830	0.033879781420765025
219	Liver	76	1830	0.041530054644808745
220	Liver	69	1830	0.03770491803278689
221	Liver	63	1830	0.03442622950819672
222	Liver	60	1830	0.03278688524590164
223	Liver	61	1830	0.03333333333333333
224	Liver	83	1830	0.0453551912568306
225	Liver	90	1830	0.04918032786885246
226	Liver	76	1830	0.041530054644808745
227	Liver	63	1830	0.03442622950819672
228	Liver	81	1830	0.04426229508196721
229	Liver	67	1830	0.0366120218579235
230	Liver	71	1830	0.03879781420765027
231	Liver	83	1830	0.0453551912568306
232	Liver	75	1830	0.040983606557377046
233	Liver	62	1830	0.033879781420765025
234	Liver	57	1830	0.03114754098360656
235	Liver	72	1830	0.03934426229508197
236	Liver	63	1830	0.03442622950819672
237	Liver	75	1830	0.040983606557377046
238	Liver	64	1830	0.034972677595628415
239	Liver	73	1830	0.03989071038251366
240	Liver	79	1830	0.04316939890710383
241	Liver	69	1830	0.03770491803278689
242	Liver	64	1830	0.034972677595628415
243	Liver	93	1830	0.05081967213114754
244	Liver	60	1830	0.03278688524590164
245	Liver	61	1830	0.03333333333333333
246	Liver	68	1830	0.03715846994535519
247	Liver	73	1830	0.03989071038251366
248	Liver	68	1830	0.03715846994535519
249	Liver	61	1830	0.03333333333333333
250	Liver	69	1830	0.03770491803278689
251	Liver	68	1830	0.03715846994535519
252	Liver	68	1830	0.03715846994535519
253	Liver	84	1830	0.04590163934426229
254	Liver	70	1830	0.03825136612021858
255	Liver	66	1830	0.036065573770491806
256	Liver	65	1830	0.03551912568306011
257	Liver	68	1830	0.03715846994535519
258	Liver	70	1830	0.03825136612021858
259	Liver	61	1830	0.03333333333333333
260	Liver	66	1830	0.036065573770491806
261	Liver	73	1830	0.03989071038251366
262	Liver	62	1830	0.033879781420765025
263	Liver	69	1830	0.03770491803278689
264	Liver	61	1830	0.03333333333333333
265	Liver	53	1830	0.02896174863387978
266	Liver	63	1830	0.03442622950819672
267	Liver	58	1830	0.03169398907103825
268	Liver	60	1830	0.03278688524590164
269	Liver	69	1830	0.03770491803278689
270	Liver	71	1830	0.03879781420765027
271	Liver	62	1830	0.033879781420765025
272	Liver	61	1830	0.03333333333333333
273	Liver	61	1830	0.03333333333333333
274	Liver	62	1830	0.033879781420765025
275	Liver	63	1830	0.03442622950819672
276	Liver	64	1830	0.034972677595628415
277	Liver	39	1830	0.021311475409836064
278	Liver	79	1830	0.04316939890710383
279	Liver	71	1830	0.03879781420765027
280	Liver	69	1830	0.03770491803278689
281	Liver	68	1830	0.03715846994535519
282	Liver	49	1830	0.026775956284153007
283	Liver	77	1830	0.04207650273224044
284	Liver	67	1830	0.0366120218579235
285	Liver	64	1830	0.034972677595628415
286	Liver	80	1830	0.04371584699453552
287	Liver	82	1830	0.04480874316939891
288	Liver	83	1830	0.0453551912568306
289	Liver	76	1830	0.041530054644808745
290	Liver	81	1830	0.04426229508196721
291	Liver	71	1830	0.03879781420765027
292	Liver	75	1830	0.040983606557377046
293	Liver	74	1830	0.040437158469945354
294	Liver	73	1830	0.03989071038251366
295	Liver	66	1830	0.036065573770491806
296	Liver	61	1830	0.03333333333333333
297	Liver	61	1830	0.03333333333333333
298	Liver	72	1830	0.03934426229508197
299	Liver	60	1830	0.03278688524590164
300	Liver	55	1830	0.030054644808743168
301	Liver	74	1830	0.040437158469945354
302	Liver	64	1830	0.034972677595628415
303	Liver	84	1830	0.04590163934426229
304	Liver	62	1830	0.033879781420765025
305	Liver	68	1830	0.03715846994535519
306	Liver	63	1830	0.03442622950819672
307	Liver	69	1830	0.03770491803278689
308	Liver	69	1830	0.03770491803278689
309	Liver	72	1830	0.03934426229508197
310	Liver	60	1830	0.03278688524590164
311	Liver	68	1830	0.03715846994535519
312	Liver	76	1830	0.041530054644808745
313	Liver	72	1830	0.03934426229508197
314	Liver	67	1830	0.0366120218579235
315	Liver	71	1830	0.03879781420765027
316	Liver	78	1830	0.04262295081967213
317	Liver	80	1830	0.04371584699453552
318	Liver	75	1830	0.040983606557377046
319	Liver	73	1830	0.03989071038251366
320	Liver	59	1830	0.03224043715846994
321	Liver	48	1830	0.02622950819672131
322	Liver	71	1830	0.03879781420765027
323	Liver	62	1830	0.033879781420765025
324	Liver	81	1830	0.04426229508196721
325	Liver	48	1830	0.02622950819672131
326	Liver	64	1830	0.034972677595628415
327	Liver	62	1830	0.033879781420765025
328	Liver	60	1830	0.03278688524590164
329	Liver	73	1830	0.03989071038251366
330	Liver	66	1830	0.036065573770491806
331	Liver	66	1830	0.036065573770491806
332	Liver	82	1830	0.04480874316939891
333	Liver	64	1830	0.034972677595628415
334	Liver	68	1830	0.03715846994535519
335	Liver	80	1830	0.04371584699453552
336	Liver	63	1830	0.03442622950819672
337	Liver	61	1830	0.03333333333333333
338	Liver	84	1830	0.04590163934426229
339	Liver	68	1830	0.03715846994535519
340	Liver	78	1830	0.04262295081967213
341	Liver	69	1830	0.03770491803278689
342	Liver	67	1830	0.0366120218579235
343	Liver	73	1830	0.03989071038251366
344	Liver	69	1830	0.03770491803278689
345	Liver	70	1830	0.03825136612021858
346	Liver	60	1830	0.03278688524590164
347	Liver	72	1830	0.03934426229508197
348	Liver	67	1830	0.0366120218579235
349	Liver	74	1830	0.040437158469945354
350	Liver	70	1830	0.03825136612021858
351	Liver	81	1830	0.04426229508196721
352	Liver	68	1830	0.03715846994535519
353	Liver	72	1830	0.03934426229508197
354	Liver	73	1830	0.03989071038251366
355	Liver	72	1830	0.03934426229508197
356	Liver	77	1830	0.04207650273224044
357	Liver	62	1830	0.033879781420765025
358	Liver	71	1830	0.03879781420765027
359	Liver	62	1830	0.033879781420765025
360	Liver	74	1830	0.040437158469945354
361	Liver	63	1830	0.03442622950819672
362	Liver	49	1830	0.026775956284153007
363	Liver	70	1830	0.03825136612021858
364	Liver	70	1830	0.03825136612021858
365	Liver	68	1830	0.03715846994535519
366	Liver	70	1830	0.03825136612021858
367	Liver	65	1830	0.03551912568306011
368	Liver	64	1830	0.034972677595628415
369	Liver	81	1830	0.04426229508196721
370	Liver	75	1830	0.040983606557377046
371	Liver	72	1830	0.03934426229508197
372	Liver	66	1830	0.036065573770491806
373	Liver	64	1830	0.034972677595628415
374	Liver	69	1830	0.03770491803278689
375	Liver	74	1830	0.040437158469945354
376	Liver	64	1830	0.034972677595628415
377	Liver	64	1830	0.034972677595628415
378	Liver	57	1830	0.03114754098360656
379	Liver	60	1830	0.03278688524590164
380	Liver	68	1830	0.03715846994535519
381	Liver	63	1830	0.03442622950819672
382	Liver	61	1830	0.03333333333333333
383	Liver	78	1830	0.04262295081967213
384	Liver	57	1830	0.03114754098360656
385	Liver	65	1830	0.03551912568306011
386	Liver	60	1830	0.03278688524590164
387	Liver	71	1830	0.03879781420765027
388	Liver	83	1830	0.0453551912568306
389	Liver	56	1830	0.030601092896174863
390	Liver	65	1830	0.03551912568306011
391	Liver	66	1830	0.036065573770491806
392	Liver	70	1830	0.03825136612021858
393	Liver	68	1830	0.03715846994535519
394	Liver	57	1830	0.03114754098360656
395	Liver	65	1830	0.03551912568306011
396	Liver	51	1830	0.027868852459016394
397	Liver	59	1830	0.03224043715846994
398	Liver	72	1830	0.03934426229508197
399	Liver	62	1830	0.033879781420765025
400	Liver	57	1830	0.03114754098360656
401	Liver	79	1830	0.04316939890710383
402	Liver	62	1830	0.033879781420765025
403	Liver	78	1830	0.04262295081967213
404	Liver	67	1830	0.0366120218579235
405	Liver	74	1830	0.040437158469945354
406	Liver	67	1830	0.0366120218579235
407	Liver	70	1830	0.03825136612021858
408	Liver	69	1830	0.03770491803278689
409	Liver	65	1830	0.03551912568306011
410	Liver	74	1830	0.040437158469945354
411	Liver	67	1830	0.0366120218579235
412	Liver	61	1830	0.03333333333333333
413	Liver	75	1830	0.040983606557377046
414	Liver	70	1830	0.03825136612021858
415	Liver	54	1830	0.029508196721311476
416	Liver	70	1830	0.03825136612021858
417	Liver	63	1830	0.03442622950819672
418	Liver	77	1830	0.04207650273224044
419	Liver	72	1830	0.03934426229508197
420	Liver	73	1830	0.03989071038251366
421	Liver	72	1830	0.03934426229508197
422	Liver	72	1830	0.03934426229508197
423	Liver	73	1830	0.03989071038251366
424	Liver	66	1830	0.036065573770491806
425	Liver	73	1830	0.03989071038251366
426	Liver	68	1830	0.03715846994535519
427	Liver	64	1830	0.034972677595628415
428	Liver	63	1830	0.03442622950819672
429	Liver	57	1830	0.03114754098360656
430	Liver	57	1830	0.03114754098360656
431	Liver	72	1830	0.03934426229508197
432	Liver	68	1830	0.03715846994535519
433	Liver	72	1830	0.03934426229508197
434	Liver	53	1830	0.02896174863387978
435	Liver	63	1830	0.03442622950819672
436	Liver	76	1830	0.041530054644808745
437	Liver	63	1830	0.03442622950819672
438	Liver	71	1830	0.03879781420765027
439	Liver	63	1830	0.03442622950819672
440	Liver	73	1830	0.03989071038251366
441	Liver	71	1830	0.03879781420765027
442	Liver	63	1830	0.03442622950819672
443	Liver	70	1830	0.03825136612021858
444	Liver	64	1830	0.034972677595628415
445	Liver	63	1830	0.03442622950819672
446	Liver	63	1830	0.03442622950819672
447	Liver	51	1830	0.027868852459016394
448	Liver	74	1830	0.040437158469945354
449	Liver	65	1830	0.03551912568306011
450	Liver	74	1830	0.040437158469945354
451	Liver	68	1830	0.03715846994535519
452	Liver	69	1830	0.03770491803278689
453	Liver	78	1830	0.04262295081967213
454	Liver	55	1830	0.030054644808743168
455	Liver	66	1830	0.036065573770491806
456	Liver	76	1830	0.041530054644808745
457	Liver	73	1830	0.03989071038251366
458	Liver	62	1830	0.033879781420765025
459	Liver	59	1830	0.03224043715846994
460	Liver	79	1830	0.04316939890710383
461	Liver	71	1830	0.03879781420765027
462	Liver	58	1830	0.03169398907103825
463	Liver	59	1830	0.03224043715846994
464	Liver	70	1830	0.03825136612021858
465	Liver	74	1830	0.040437158469945354
466	Liver	64	1830	0.034972677595628415
467	Liver	71	1830	0.03879781420765027
468	Liver	61	1830	0.03333333333333333
469	Liver	66	1830	0.036065573770491806
470	Liver	65	1830	0.03551912568306011
471	Liver	72	1830	0.03934426229508197
472	Liver	73	1830	0.03989071038251366
473	Liver	63	1830	0.03442622950819672
474	Liver	77	1830	0.04207650273224044
475	Liver	74	1830	0.040437158469945354
476	Liver	60	1830	0.03278688524590164
477	Liver	57	1830	0.03114754098360656
478	Liver	68	1830	0.03715846994535519
479	Liver	58	1830	0.03169398907103825
480	Liver	65	1830	0.03551912568306011
481	Liver	70	1830	0.03825136612021858
482	Liver	48	1830	0.02622950819672131
483	Liver	54	1830	0.029508196721311476
484	Liver	82	1830	0.04480874316939891
485	Liver	60	1830	0.03278688524590164
486	Liver	72	1830	0.03934426229508197
487	Liver	65	1830	0.03551912568306011
488	Liver	70	1830	0.03825136612021858
489	Liver	75	1830	0.040983606557377046
490	Liver	61	1830	0.03333333333333333
491	Liver	66	1830	0.036065573770491806
492	Liver	64	1830	0.034972677595628415
493	Liver	62	1830	0.033879781420765025
494	Liver	68	1830	0.03715846994535519
495	Liver	61	1830	0.03333333333333333
496	Liver	70	1830	0.03825136612021858
497	Liver	70	1830	0.03825136612021858
498	Liver	72	1830	0.03934426229508197
499	Liver	75	1830	0.040983606557377046
500	Liver	70	1830	0.03825136612021858
501	Liver	71	1830	0.03879781420765027
502	Liver	69	1830	0.03770491803278689
503	Liver	71	1830	0.03879781420765027
504	Liver	73	1830	0.03989071038251366
505	Liver	64	1830	0.034972677595628415
506	Liver	70	1830	0.03825136612021858
507	Liver	80	1830	0.04371584699453552
508	Liver	64	1830	0.034972677595628415
509	Liver	68	1830	0.03715846994535519
510	Liver	85	1830	0.04644808743169399
511	Liver	64	1830	0.034972677595628415
512	Liver	68	1830	0.03715846994535519
513	Liver	65	1830	0.03551912568306011
514	Liver	66	1830	0.036065573770491806
515	Liver	62	1830	0.033879781420765025
516	Liver	57	1830	0.03114754098360656
517	Liver	64	1830	0.034972677595628415
518	Liver	63	1830	0.03442622950819672
519	Liver	68	1830	0.03715846994535519
520	Liver	61	1830	0.03333333333333333
521	Liver	72	1830	0.03934426229508197
522	Liver	69	1830	0.03770491803278689
523	Liver	69	1830	0.03770491803278689
524	Liver	69	1830	0.03770491803278689
525	Liver	63	1830	0.03442622950819672
526	Liver	67	1830	0.0366120218579235
527	Liver	75	1830	0.040983606557377046
528	Liver	57	1830	0.03114754098360656
529	Liver	72	1830	0.03934426229508197
530	Liver	81	1830	0.04426229508196721
531	Liver	77	1830	0.04207650273224044
532	Liver	76	1830	0.041530054644808745
533	Liver	60	1830	0.03278688524590164
534	Liver	69	1830	0.03770491803278689
535	Liver	75	1830	0.040983606557377046
536	Liver	63	1830	0.03442622950819672
537	Liver	65	1830	0.03551912568306011
538	Liver	65	1830	0.03551912568306011
539	Liver	69	1830	0.03770491803278689
540	Liver	76	1830	0.041530054644808745
541	Liver	69	1830	0.03770491803278689
542	Liver	56	1830	0.030601092896174863
543	Liver	75	1830	0.040983606557377046
544	Liver	63	1830	0.03442622950819672
545	Liver	67	1830	0.0366120218579235
546	Liver	75	1830	0.040983606557377046
547	Liver	73	1830	0.03989071038251366
548	Liver	70	1830	0.03825136612021858
549	Liver	64	1830	0.034972677595628415
550	Liver	74	1830	0.040437158469945354
551	Liver	77	1830	0.04207650273224044
552	Liver	73	1830	0.03989071038251366
553	Liver	68	1830	0.03715846994535519
554	Liver	58	1830	0.03169398907103825
555	Liver	73	1830	0.03989071038251366
556	Liver	67	1830	0.0366120218579235
557	Liver	76	1830	0.041530054644808745
558	Liver	70	1830	0.03825136612021858
559	Liver	74	1830	0.040437158469945354
560	Liver	60	1830	0.03278688524590164
561	Liver	60	1830	0.03278688524590164
562	Liver	65	1830	0.03551912568306011
563	Liver	66	1830	0.036065573770491806
564	Liver	76	1830	0.041530054644808745
565	Liver	59	1830	0.03224043715846994
566	Liver	68	1830	0.03715846994535519
567	Liver	80	1830	0.04371584699453552
568	Liver	68	1830	0.03715846994535519
569	Liver	65	1830	0.03551912568306011
570	Liver	65	1830	0.03551912568306011
571	Liver	62	1830	0.033879781420765025
572	Liver	66	1830	0.036065573770491806
573	Liver	67	1830	0.0366120218579235
574	Liver	67	1830	0.0366120218579235
575	Liver	68	1830	0.03715846994535519
576	Liver	75	1830	0.040983606557377046
577	Liver	64	1830	0.034972677595628415
578	Liver	76	1830	0.041530054644808745
579	Liver	61	1830	0.03333333333333333
580	Liver	59	1830	0.03224043715846994
581	Liver	78	1830	0.04262295081967213
582	Liver	63	1830	0.03442622950819672
583	Liver	70	1830	0.03825136612021858
584	Liver	80	1830	0.04371584699453552
585	Liver	55	1830	0.030054644808743168
586	Liver	65	1830	0.03551912568306011
587	Liver	70	1830	0.03825136612021858
588	Liver	70	1830	0.03825136612021858
589	Liver	66	1830	0.036065573770491806
590	Liver	63	1830	0.03442622950819672
591	Liver	59	1830	0.03224043715846994
592	Liver	54	1830	0.029508196721311476
593	Liver	69	1830	0.03770491803278689
594	Liver	79	1830	0.04316939890710383
595	Liver	57	1830	0.03114754098360656
596	Liver	57	1830	0.03114754098360656
597	Liver	67	1830	0.0366120218579235
598	Liver	65	1830	0.03551912568306011
599	Liver	66	1830	0.036065573770491806
600	Liver	66	1830	0.036065573770491806
601	Liver	69	1830	0.03770491803278689
602	Liver	61	1830	0.03333333333333333
603	Liver	57	1830	0.03114754098360656
604	Liver	71	1830	0.03879781420765027
605	Liver	75	1830	0.040983606557377046
606	Liver	72	1830	0.03934426229508197
607	Liver	75	1830	0.040983606557377046
608	Liver	82	1830	0.04480874316939891
609	Liver	67	1830	0.0366120218579235
610	Liver	59	1830	0.03224043715846994
611	Liver	66	1830	0.036065573770491806
612	Liver	70	1830	0.03825136612021858
613	Liver	71	1830	0.03879781420765027
614	Liver	72	1830	0.03934426229508197
615	Liver	73	1830	0.03989071038251366
616	Liver	85	1830	0.04644808743169399
617	Liver	66	1830	0.036065573770491806
618	Liver	54	1830	0.029508196721311476
619	Liver	65	1830	0.03551912568306011
620	Liver	71	1830	0.03879781420765027
621	Liver	65	1830	0.03551912568306011
622	Liver	83	1830	0.0453551912568306
623	Liver	73	1830	0.03989071038251366
624	Liver	67	1830	0.0366120218579235
625	Liver	68	1830	0.03715846994535519
626	Liver	76	1830	0.041530054644808745
627	Liver	66	1830	0.036065573770491806
628	Liver	72	1830	0.03934426229508197
629	Liver	71	1830	0.03879781420765027
630	Liver	60	1830	0.03278688524590164
631	Liver	71	1830	0.03879781420765027
632	Liver	68	1830	0.03715846994535519
633	Liver	65	1830	0.03551912568306011
634	Liver	61	1830	0.03333333333333333
635	Liver	82	1830	0.04480874316939891
636	Liver	64	1830	0.034972677595628415
637	Liver	61	1830	0.03333333333333333
638	Liver	64	1830	0.034972677595628415
639	Liver	67	1830	0.0366120218579235
640	Liver	76	1830	0.041530054644808745
641	Liver	66	1830	0.036065573770491806
642	Liver	71	1830	0.03879781420765027
643	Liver	62	1830	0.033879781420765025
644	Liver	70	1830	0.03825136612021858
645	Liver	70	1830	0.03825136612021858
646	Liver	64	1830	0.034972677595628415
647	Liver	76	1830	0.041530054644808745
648	Liver	73	1830	0.03989071038251366
649	Liver	62	1830	0.033879781420765025
650	Liver	56	1830	0.030601092896174863
651	Liver	68	1830	0.03715846994535519
652	Liver	74	1830	0.040437158469945354
653	Liver	64	1830	0.034972677595628415
654	Liver	59	1830	0.03224043715846994
655	Liver	65	1830	0.03551912568306011
656	Liver	65	1830	0.03551912568306011
657	Liver	81	1830	0.04426229508196721
658	Liver	70	1830	0.03825136612021858
659	Liver	60	1830	0.03278688524590164
660	Liver	61	1830	0.03333333333333333
661	Liver	57	1830	0.03114754098360656
662	Liver	58	1830	0.03169398907103825
663	Liver	66	1830	0.036065573770491806
664	Liver	70	1830	0.03825136612021858
665	Liver	64	1830	0.034972677595628415
666	Liver	75	1830	0.040983606557377046
667	Liver	60	1830	0.03278688524590164
668	Liver	61	1830	0.03333333333333333
669	Liver	59	1830	0.03224043715846994
670	Liver	76	1830	0.041530054644808745
671	Liver	63	1830	0.03442622950819672
672	Liver	64	1830	0.034972677595628415
673	Liver	66	1830	0.036065573770491806
674	Liver	75	1830	0.040983606557377046
675	Liver	67	1830	0.0366120218579235
676	Liver	72	1830	0.03934426229508197
677	Liver	61	1830	0.03333333333333333
678	Liver	72	1830	0.03934426229508197
679	Liver	70	1830	0.03825136612021858
680	Liver	67	1830	0.0366120218579235
681	Liver	68	1830	0.03715846994535519
682	Liver	66	1830	0.036065573770491806
683	Liver	68	1830	0.03715846994535519
684	Liver	78	1830	0.04262295081967213
685	Liver	73	1830	0.03989071038251366
686	Liver	77	1830	0.04207650273224044
687	Liver	63	1830	0.03442622950819672
688	Liver	79	1830	0.04316939890710383
689	Liver	62	1830	0.033879781420765025
690	Liver	58	1830	0.03169398907103825
691	Liver	65	1830	0.03551912568306011
692	Liver	66	1830	0.036065573770491806
693	Liver	59	1830	0.03224043715846994
694	Liver	70	1830	0.03825136612021858
695	Liver	60	1830	0.03278688524590164
696	Liver	63	1830	0.03442622950819672
697	Liver	52	1830	0.02841530054644809
698	Liver	58	1830	0.03169398907103825
699	Liver	70	1830	0.03825136612021858
700	Liver	62	1830	0.033879781420765025
701	Liver	80	1830	0.04371584699453552
702	Liver	65	1830	0.03551912568306011
703	Liver	72	1830	0.03934426229508197
704	Liver	65	1830	0.03551912568306011
705	Liver	69	1830	0.03770491803278689
706	Liver	68	1830	0.03715846994535519
707	Liver	59	1830	0.03224043715846994
708	Liver	61	1830	0.03333333333333333
709	Liver	62	1830	0.033879781420765025
710	Liver	63	1830	0.03442622950819672
711	Liver	69	1830	0.03770491803278689
712	Liver	58	1830	0.03169398907103825
713	Liver	48	1830	0.02622950819672131
714	Liver	74	1830	0.040437158469945354
715	Liver	76	1830	0.041530054644808745
716	Liver	78	1830	0.04262295081967213
717	Liver	68	1830	0.03715846994535519
718	Liver	72	1830	0.03934426229508197
719	Liver	71	1830	0.03879781420765027
720	Liver	67	1830	0.0366120218579235
721	Liver	78	1830	0.04262295081967213
722	Liver	71	1830	0.03879781420765027
723	Liver	67	1830	0.0366120218579235
724	Liver	73	1830	0.03989071038251366
725	Liver	61	1830	0.03333333333333333
726	Liver	68	1830	0.03715846994535519
727	Liver	52	1830	0.02841530054644809
728	Liver	62	1830	0.033879781420765025
729	Liver	60	1830	0.03278688524590164
730	Liver	54	1830	0.029508196721311476
731	Liver	72	1830	0.03934426229508197
732	Liver	58	1830	0.03169398907103825
733	Liver	61	1830	0.03333333333333333
734	Liver	72	1830	0.03934426229508197
735	Liver	64	1830	0.034972677595628415
736	Liver	77	1830	0.04207650273224044
737	Liver	60	1830	0.03278688524590164
738	Liver	79	1830	0.04316939890710383
739	Liver	71	1830	0.03879781420765027
740	Liver	70	1830	0.03825136612021858
741	Liver	70	1830	0.03825136612021858
742	Liver	54	1830	0.029508196721311476
743	Liver	69	1830	0.03770491803278689
744	Liver	65	1830	0.03551912568306011
745	Liver	65	1830	0.03551912568306011
746	Liver	64	1830	0.034972677595628415
747	Liver	62	1830	0.033879781420765025
748	Liver	64	1830	0.034972677595628415
749	Liver	71	1830	0.03879781420765027
750	Liver	69	1830	0.03770491803278689
751	Liver	72	1830	0.03934426229508197
752	Liver	61	1830	0.03333333333333333
753	Liver	69	1830	0.03770491803278689
754	Liver	59	1830	0.03224043715846994
755	Liver	70	1830	0.03825136612021858
756	Liver	79	1830	0.04316939890710383
757	Liver	63	1830	0.03442622950819672
758	Liver	61	1830	0.03333333333333333
759	Liver	69	1830	0.03770491803278689
760	Liver	76	1830	0.041530054644808745
761	Liver	74	1830	0.040437158469945354
762	Liver	56	1830	0.030601092896174863
763	Liver	65	1830	0.03551912568306011
764	Liver	70	1830	0.03825136612021858
765	Liver	70	1830	0.03825136612021858
766	Liver	65	1830	0.03551912568306011
767	Liver	71	1830	0.03879781420765027
768	Liver	82	1830	0.04480874316939891
769	Liver	71	1830	0.03879781420765027
770	Liver	71	1830	0.03879781420765027
771	Liver	65	1830	0.03551912568306011
772	Liver	65	1830	0.03551912568306011
773	Liver	65	1830	0.03551912568306011
774	Liver	58	1830	0.03169398907103825
775	Liver	70	1830	0.03825136612021858
776	Liver	80	1830	0.04371584699453552
777	Liver	57	1830	0.03114754098360656
778	Liver	61	1830	0.03333333333333333
779	Liver	65	1830	0.03551912568306011
780	Liver	70	1830	0.03825136612021858
781	Liver	61	1830	0.03333333333333333
782	Liver	60	1830	0.03278688524590164
783	Liver	64	1830	0.034972677595628415
784	Liver	68	1830	0.03715846994535519
785	Liver	74	1830	0.040437158469945354
786	Liver	61	1830	0.03333333333333333
787	Liver	71	1830	0.03879781420765027
788	Liver	71	1830	0.03879781420765027
789	Liver	66	1830	0.036065573770491806
790	Liver	64	1830	0.034972677595628415
791	Liver	66	1830	0.036065573770491806
792	Liver	69	1830	0.03770491803278689
793	Liver	65	1830	0.03551912568306011
794	Liver	68	1830	0.03715846994535519
795	Liver	70	1830	0.03825136612021858
796	Liver	71	1830	0.03879781420765027
797	Liver	77	1830	0.04207650273224044
798	Liver	68	1830	0.03715846994535519
799	Liver	71	1830	0.03879781420765027
800	Liver	73	1830	0.03989071038251366
801	Liver	52	1830	0.02841530054644809
802	Liver	67	1830	0.0366120218579235
803	Liver	62	1830	0.033879781420765025
804	Liver	61	1830	0.03333333333333333
805	Liver	63	1830	0.03442622950819672
806	Liver	62	1830	0.033879781420765025
807	Liver	60	1830	0.03278688524590164
808	Liver	67	1830	0.0366120218579235
809	Liver	62	1830	0.033879781420765025
810	Liver	66	1830	0.036065573770491806
811	Liver	66	1830	0.036065573770491806
812	Liver	59	1830	0.03224043715846994
813	Liver	85	1830	0.04644808743169399
814	Liver	80	1830	0.04371584699453552
815	Liver	69	1830	0.03770491803278689
816	Liver	65	1830	0.03551912568306011
817	Liver	79	1830	0.04316939890710383
818	Liver	59	1830	0.03224043715846994
819	Liver	59	1830	0.03224043715846994
820	Liver	65	1830	0.03551912568306011
821	Liver	56	1830	0.030601092896174863
822	Liver	61	1830	0.03333333333333333
823	Liver	62	1830	0.033879781420765025
824	Liver	71	1830	0.03879781420765027
825	Liver	64	1830	0.034972677595628415
826	Liver	70	1830	0.03825136612021858
827	Liver	81	1830	0.04426229508196721
828	Liver	61	1830	0.03333333333333333
829	Liver	77	1830	0.04207650273224044
830	Liver	65	1830	0.03551912568306011
831	Liver	69	1830	0.03770491803278689
832	Liver	46	1830	0.025136612021857924
833	Liver	51	1830	0.027868852459016394
834	Liver	65	1830	0.03551912568306011
835	Liver	68	1830	0.03715846994535519
836	Liver	75	1830	0.040983606557377046
837	Liver	69	1830	0.03770491803278689
838	Liver	70	1830	0.03825136612021858
839	Liver	76	1830	0.041530054644808745
840	Liver	60	1830	0.03278688524590164
841	Liver	71	1830	0.03879781420765027
842	Liver	72	1830	0.03934426229508197
843	Liver	52	1830	0.02841530054644809
844	Liver	67	1830	0.0366120218579235
845	Liver	67	1830	0.0366120218579235
846	Liver	67	1830	0.0366120218579235
847	Liver	60	1830	0.03278688524590164
848	Liver	56	1830	0.030601092896174863
849	Liver	49	1830	0.026775956284153007
850	Liver	65	1830	0.03551912568306011
851	Liver	81	1830	0.04426229508196721
852	Liver	70	1830	0.03825136612021858
853	Liver	70	1830	0.03825136612021858
854	Liver	62	1830	0.033879781420765025
855	Liver	80	1830	0.04371584699453552
856	Liver	65	1830	0.03551912568306011
857	Liver	79	1830	0.04316939890710383
858	Liver	79	1830	0.04316939890710383
859	Liver	80	1830	0.04371584699453552
860	Liver	60	1830	0.03278688524590164
861	Liver	61	1830	0.03333333333333333
862	Liver	78	1830	0.04262295081967213
863	Liver	77	1830	0.04207650273224044
864	Liver	67	1830	0.0366120218579235
865	Liver	81	1830	0.04426229508196721
866	Liver	58	1830	0.03169398907103825
867	Liver	67	1830	0.0366120218579235
868	Liver	58	1830	0.03169398907103825
869	Liver	71	1830	0.03879781420765027
870	Liver	60	1830	0.03278688524590164
871	Liver	62	1830	0.033879781420765025
872	Liver	71	1830	0.03879781420765027
873	Liver	69	1830	0.03770491803278689
874	Liver	64	1830	0.034972677595628415
875	Liver	80	1830	0.04371584699453552
876	Liver	75	1830	0.040983606557377046
877	Liver	62	1830	0.033879781420765025
878	Liver	60	1830	0.03278688524590164
879	Liver	70	1830	0.03825136612021858
880	Liver	59	1830	0.03224043715846994
881	Liver	68	1830	0.03715846994535519
882	Liver	70	1830	0.03825136612021858
883	Liver	68	1830	0.03715846994535519
884	Liver	65	1830	0.03551912568306011
885	Liver	66	1830	0.036065573770491806
886	Liver	51	1830	0.027868852459016394
887	Liver	60	1830	0.03278688524590164
888	Liver	63	1830	0.03442622950819672
889	Liver	64	1830	0.034972677595628415
890	Liver	64	1830	0.034972677595628415
891	Liver	67	1830	0.0366120218579235
892	Liver	72	1830	0.03934426229508197
893	Liver	62	1830	0.033879781420765025
894	Liver	63	1830	0.03442622950819672
895	Liver	85	1830	0.04644808743169399
896	Liver	62	1830	0.033879781420765025
897	Liver	69	1830	0.03770491803278689
898	Liver	69	1830	0.03770491803278689
899	Liver	65	1830	0.03551912568306011
900	Liver	56	1830	0.030601092896174863
901	Liver	78	1830	0.04262295081967213
902	Liver	74	1830	0.040437158469945354
903	Liver	63	1830	0.03442622950819672
904	Liver	80	1830	0.04371584699453552
905	Liver	66	1830	0.036065573770491806
906	Liver	70	1830	0.03825136612021858
907	Liver	68	1830	0.03715846994535519
908	Liver	66	1830	0.036065573770491806
909	Liver	75	1830	0.040983606557377046
910	Liver	68	1830	0.03715846994535519
911	Liver	72	1830	0.03934426229508197
912	Liver	77	1830	0.04207650273224044
913	Liver	67	1830	0.0366120218579235
914	Liver	64	1830	0.034972677595628415
915	Liver	62	1830	0.033879781420765025
916	Liver	78	1830	0.04262295081967213
917	Liver	64	1830	0.034972677595628415
918	Liver	65	1830	0.03551912568306011
919	Liver	63	1830	0.03442622950819672
920	Liver	73	1830	0.03989071038251366
921	Liver	64	1830	0.034972677595628415
922	Liver	54	1830	0.029508196721311476
923	Liver	64	1830	0.034972677595628415
924	Liver	69	1830	0.03770491803278689
925	Liver	62	1830	0.033879781420765025
926	Liver	62	1830	0.033879781420765025
927	Liver	67	1830	0.0366120218579235
928	Liver	64	1830	0.034972677595628415
929	Liver	65	1830	0.03551912568306011
930	Liver	61	1830	0.03333333333333333
931	Liver	60	1830	0.03278688524590164
932	Liver	61	1830	0.03333333333333333
933	Liver	60	1830	0.03278688524590164
934	Liver	68	1830	0.03715846994535519
935	Liver	55	1830	0.030054644808743168
936	Liver	61	1830	0.03333333333333333
937	Liver	82	1830	0.04480874316939891
938	Liver	66	1830	0.036065573770491806
939	Liver	60	1830	0.03278688524590164
940	Liver	60	1830	0.03278688524590164
941	Liver	64	1830	0.034972677595628415
942	Liver	78	1830	0.04262295081967213
943	Liver	67	1830	0.0366120218579235
944	Liver	62	1830	0.033879781420765025
945	Liver	59	1830	0.03224043715846994
946	Liver	65	1830	0.03551912568306011
947	Liver	67	1830	0.0366120218579235
948	Liver	71	1830	0.03879781420765027
949	Liver	61	1830	0.03333333333333333
950	Liver	74	1830	0.040437158469945354
951	Liver	69	1830	0.03770491803278689
952	Liver	61	1830	0.03333333333333333
953	Liver	65	1830	0.03551912568306011
954	Liver	74	1830	0.040437158469945354
955	Liver	52	1830	0.02841530054644809
956	Liver	62	1830	0.033879781420765025
957	Liver	65	1830	0.03551912568306011
958	Liver	67	1830	0.0366120218579235
959	Liver	75	1830	0.040983606557377046
960	Liver	59	1830	0.03224043715846994
961	Liver	75	1830	0.040983606557377046
962	Liver	52	1830	0.02841530054644809
963	Liver	69	1830	0.03770491803278689
964	Liver	86	1830	0.046994535519125684
965	Liver	70	1830	0.03825136612021858
966	Liver	65	1830	0.03551912568306011
967	Liver	75	1830	0.040983606557377046
968	Liver	67	1830	0.0366120218579235
969	Liver	68	1830	0.03715846994535519
970	Liver	72	1830	0.03934426229508197
971	Liver	73	1830	0.03989071038251366
972	Liver	65	1830	0.03551912568306011
973	Liver	75	1830	0.040983606557377046
974	Liver	68	1830	0.03715846994535519
975	Liver	66	1830	0.036065573770491806
976	Liver	59	1830	0.03224043715846994
977	Liver	55	1830	0.030054644808743168
978	Liver	60	1830	0.03278688524590164
979	Liver	67	1830	0.0366120218579235
980	Liver	71	1830	0.03879781420765027
981	Liver	70	1830	0.03825136612021858
982	Liver	62	1830	0.033879781420765025
983	Liver	77	1830	0.04207650273224044
984	Liver	65	1830	0.03551912568306011
985	Liver	69	1830	0.03770491803278689
986	Liver	73	1830	0.03989071038251366
987	Liver	82	1830	0.04480874316939891
988	Liver	66	1830	0.036065573770491806
989	Liver	58	1830	0.03169398907103825
990	Liver	62	1830	0.033879781420765025
991	Liver	68	1830	0.03715846994535519
992	Liver	53	1830	0.02896174863387978
993	Liver	63	1830	0.03442622950819672
994	Liver	68	1830	0.03715846994535519
995	Liver	69	1830	0.03770491803278689
996	Liver	65	1830	0.03551912568306011
997	Liver	62	1830	0.033879781420765025
998	Liver	52	1830	0.02841530054644809
999	Liver	66	1830	0.036065573770491806
1000	Liver	63	1830	0.03442622950819672
1	Muscle	10	568	0.017605633802816902
2	Muscle	12	568	0.02112676056338028
3	Muscle	16	568	0.028169014084507043
4	Muscle	13	568	0.022887323943661973
5	Muscle	12	568	0.02112676056338028
6	Muscle	16	568	0.028169014084507043
7	Muscle	6	568	0.01056338028169014
8	Muscle	17	568	0.02992957746478873
9	Muscle	7	568	0.01232394366197183
10	Muscle	16	568	0.028169014084507043
11	Muscle	14	568	0.02464788732394366
12	Muscle	11	568	0.01936619718309859
13	Muscle	15	568	0.02640845070422535
14	Muscle	13	568	0.022887323943661973
15	Muscle	14	568	0.02464788732394366
16	Muscle	18	568	0.03169014084507042
17	Muscle	11	568	0.01936619718309859
18	Muscle	8	568	0.014084507042253521
19	Muscle	9	568	0.01584507042253521
20	Muscle	12	568	0.02112676056338028
21	Muscle	8	568	0.014084507042253521
22	Muscle	13	568	0.022887323943661973
23	Muscle	16	568	0.028169014084507043
24	Muscle	13	568	0.022887323943661973
25	Muscle	17	568	0.02992957746478873
26	Muscle	21	568	0.03697183098591549
27	Muscle	15	568	0.02640845070422535
28	Muscle	14	568	0.02464788732394366
29	Muscle	13	568	0.022887323943661973
30	Muscle	12	568	0.02112676056338028
31	Muscle	11	568	0.01936619718309859
32	Muscle	16	568	0.028169014084507043
33	Muscle	13	568	0.022887323943661973
34	Muscle	11	568	0.01936619718309859
35	Muscle	12	568	0.02112676056338028
36	Muscle	9	568	0.01584507042253521
37	Muscle	13	568	0.022887323943661973
38	Muscle	17	568	0.02992957746478873
39	Muscle	11	568	0.01936619718309859
40	Muscle	16	568	0.028169014084507043
41	Muscle	15	568	0.02640845070422535
42	Muscle	15	568	0.02640845070422535
43	Muscle	12	568	0.02112676056338028
44	Muscle	15	568	0.02640845070422535
45	Muscle	11	568	0.01936619718309859
46	Muscle	21	568	0.03697183098591549
47	Muscle	17	568	0.02992957746478873
48	Muscle	10	568	0.017605633802816902
49	Muscle	9	568	0.01584507042253521
50	Muscle	11	568	0.01936619718309859
51	Muscle	11	568	0.01936619718309859
52	Muscle	12	568	0.02112676056338028
53	Muscle	13	568	0.022887323943661973
54	Muscle	14	568	0.02464788732394366
55	Muscle	14	568	0.02464788732394366
56	Muscle	13	568	0.022887323943661973
57	Muscle	12	568	0.02112676056338028
58	Muscle	14	568	0.02464788732394366
59	Muscle	15	568	0.02640845070422535
60	Muscle	11	568	0.01936619718309859
61	Muscle	12	568	0.02112676056338028
62	Muscle	14	568	0.02464788732394366
63	Muscle	17	568	0.02992957746478873
64	Muscle	14	568	0.02464788732394366
65	Muscle	13	568	0.022887323943661973
66	Muscle	16	568	0.028169014084507043
67	Muscle	18	568	0.03169014084507042
68	Muscle	9	568	0.01584507042253521
69	Muscle	17	568	0.02992957746478873
70	Muscle	16	568	0.028169014084507043
71	Muscle	15	568	0.02640845070422535
72	Muscle	12	568	0.02112676056338028
73	Muscle	14	568	0.02464788732394366
74	Muscle	15	568	0.02640845070422535
75	Muscle	10	568	0.017605633802816902
76	Muscle	17	568	0.02992957746478873
77	Muscle	15	568	0.02640845070422535
78	Muscle	12	568	0.02112676056338028
79	Muscle	17	568	0.02992957746478873
80	Muscle	17	568	0.02992957746478873
81	Muscle	18	568	0.03169014084507042
82	Muscle	14	568	0.02464788732394366
83	Muscle	11	568	0.01936619718309859
84	Muscle	13	568	0.022887323943661973
85	Muscle	15	568	0.02640845070422535
86	Muscle	14	568	0.02464788732394366
87	Muscle	11	568	0.01936619718309859
88	Muscle	19	568	0.03345070422535211
89	Muscle	15	568	0.02640845070422535
90	Muscle	19	568	0.03345070422535211
91	Muscle	8	568	0.014084507042253521
92	Muscle	16	568	0.028169014084507043
93	Muscle	16	568	0.028169014084507043
94	Muscle	12	568	0.02112676056338028
95	Muscle	6	568	0.01056338028169014
96	Muscle	10	568	0.017605633802816902
97	Muscle	22	568	0.03873239436619718
98	Muscle	8	568	0.014084507042253521
99	Muscle	14	568	0.02464788732394366
100	Muscle	21	568	0.03697183098591549
101	Muscle	14	568	0.02464788732394366
102	Muscle	3	568	0.00528169014084507
103	Muscle	10	568	0.017605633802816902
104	Muscle	12	568	0.02112676056338028
105	Muscle	16	568	0.028169014084507043
106	Muscle	14	568	0.02464788732394366
107	Muscle	10	568	0.017605633802816902
108	Muscle	11	568	0.01936619718309859
109	Muscle	11	568	0.01936619718309859
110	Muscle	12	568	0.02112676056338028
111	Muscle	14	568	0.02464788732394366
112	Muscle	16	568	0.028169014084507043
113	Muscle	10	568	0.017605633802816902
114	Muscle	15	568	0.02640845070422535
115	Muscle	14	568	0.02464788732394366
116	Muscle	17	568	0.02992957746478873
117	Muscle	21	568	0.03697183098591549
118	Muscle	14	568	0.02464788732394366
119	Muscle	12	568	0.02112676056338028
120	Muscle	14	568	0.02464788732394366
121	Muscle	13	568	0.022887323943661973
122	Muscle	11	568	0.01936619718309859
123	Muscle	11	568	0.01936619718309859
124	Muscle	14	568	0.02464788732394366
125	Muscle	12	568	0.02112676056338028
126	Muscle	20	568	0.035211267605633804
127	Muscle	12	568	0.02112676056338028
128	Muscle	15	568	0.02640845070422535
129	Muscle	20	568	0.035211267605633804
130	Muscle	9	568	0.01584507042253521
131	Muscle	17	568	0.02992957746478873
132	Muscle	6	568	0.01056338028169014
133	Muscle	14	568	0.02464788732394366
134	Muscle	17	568	0.02992957746478873
135	Muscle	11	568	0.01936619718309859
136	Muscle	10	568	0.017605633802816902
137	Muscle	13	568	0.022887323943661973
138	Muscle	11	568	0.01936619718309859
139	Muscle	11	568	0.01936619718309859
140	Muscle	17	568	0.02992957746478873
141	Muscle	18	568	0.03169014084507042
142	Muscle	23	568	0.040492957746478875
143	Muscle	18	568	0.03169014084507042
144	Muscle	13	568	0.022887323943661973
145	Muscle	14	568	0.02464788732394366
146	Muscle	15	568	0.02640845070422535
147	Muscle	18	568	0.03169014084507042
148	Muscle	6	568	0.01056338028169014
149	Muscle	16	568	0.028169014084507043
150	Muscle	14	568	0.02464788732394366
151	Muscle	12	568	0.02112676056338028
152	Muscle	14	568	0.02464788732394366
153	Muscle	16	568	0.028169014084507043
154	Muscle	12	568	0.02112676056338028
155	Muscle	19	568	0.03345070422535211
156	Muscle	14	568	0.02464788732394366
157	Muscle	8	568	0.014084507042253521
158	Muscle	11	568	0.01936619718309859
159	Muscle	11	568	0.01936619718309859
160	Muscle	10	568	0.017605633802816902
161	Muscle	15	568	0.02640845070422535
162	Muscle	12	568	0.02112676056338028
163	Muscle	9	568	0.01584507042253521
164	Muscle	20	568	0.035211267605633804
165	Muscle	18	568	0.03169014084507042
166	Muscle	13	568	0.022887323943661973
167	Muscle	17	568	0.02992957746478873
168	Muscle	11	568	0.01936619718309859
169	Muscle	9	568	0.01584507042253521
170	Muscle	8	568	0.014084507042253521
171	Muscle	13	568	0.022887323943661973
172	Muscle	7	568	0.01232394366197183
173	Muscle	15	568	0.02640845070422535
174	Muscle	11	568	0.01936619718309859
175	Muscle	11	568	0.01936619718309859
176	Muscle	14	568	0.02464788732394366
177	Muscle	10	568	0.017605633802816902
178	Muscle	13	568	0.022887323943661973
179	Muscle	17	568	0.02992957746478873
180	Muscle	12	568	0.02112676056338028
181	Muscle	12	568	0.02112676056338028
182	Muscle	12	568	0.02112676056338028
183	Muscle	17	568	0.02992957746478873
184	Muscle	14	568	0.02464788732394366
185	Muscle	13	568	0.022887323943661973
186	Muscle	17	568	0.02992957746478873
187	Muscle	12	568	0.02112676056338028
188	Muscle	13	568	0.022887323943661973
189	Muscle	13	568	0.022887323943661973
190	Muscle	17	568	0.02992957746478873
191	Muscle	14	568	0.02464788732394366
192	Muscle	16	568	0.028169014084507043
193	Muscle	14	568	0.02464788732394366
194	Muscle	9	568	0.01584507042253521
195	Muscle	17	568	0.02992957746478873
196	Muscle	25	568	0.04401408450704225
197	Muscle	9	568	0.01584507042253521
198	Muscle	20	568	0.035211267605633804
199	Muscle	8	568	0.014084507042253521
200	Muscle	12	568	0.02112676056338028
201	Muscle	13	568	0.022887323943661973
202	Muscle	16	568	0.028169014084507043
203	Muscle	13	568	0.022887323943661973
204	Muscle	17	568	0.02992957746478873
205	Muscle	11	568	0.01936619718309859
206	Muscle	15	568	0.02640845070422535
207	Muscle	12	568	0.02112676056338028
208	Muscle	13	568	0.022887323943661973
209	Muscle	15	568	0.02640845070422535
210	Muscle	10	568	0.017605633802816902
211	Muscle	24	568	0.04225352112676056
212	Muscle	15	568	0.02640845070422535
213	Muscle	14	568	0.02464788732394366
214	Muscle	10	568	0.017605633802816902
215	Muscle	13	568	0.022887323943661973
216	Muscle	16	568	0.028169014084507043
217	Muscle	16	568	0.028169014084507043
218	Muscle	13	568	0.022887323943661973
219	Muscle	13	568	0.022887323943661973
220	Muscle	11	568	0.01936619718309859
221	Muscle	12	568	0.02112676056338028
222	Muscle	18	568	0.03169014084507042
223	Muscle	16	568	0.028169014084507043
224	Muscle	14	568	0.02464788732394366
225	Muscle	17	568	0.02992957746478873
226	Muscle	15	568	0.02640845070422535
227	Muscle	14	568	0.02464788732394366
228	Muscle	11	568	0.01936619718309859
229	Muscle	8	568	0.014084507042253521
230	Muscle	16	568	0.028169014084507043
231	Muscle	11	568	0.01936619718309859
232	Muscle	11	568	0.01936619718309859
233	Muscle	17	568	0.02992957746478873
234	Muscle	20	568	0.035211267605633804
235	Muscle	11	568	0.01936619718309859
236	Muscle	16	568	0.028169014084507043
237	Muscle	14	568	0.02464788732394366
238	Muscle	11	568	0.01936619718309859
239	Muscle	20	568	0.035211267605633804
240	Muscle	9	568	0.01584507042253521
241	Muscle	9	568	0.01584507042253521
242	Muscle	13	568	0.022887323943661973
243	Muscle	12	568	0.02112676056338028
244	Muscle	17	568	0.02992957746478873
245	Muscle	10	568	0.017605633802816902
246	Muscle	13	568	0.022887323943661973
247	Muscle	8	568	0.014084507042253521
248	Muscle	11	568	0.01936619718309859
249	Muscle	13	568	0.022887323943661973
250	Muscle	14	568	0.02464788732394366
251	Muscle	14	568	0.02464788732394366
252	Muscle	18	568	0.03169014084507042
253	Muscle	15	568	0.02640845070422535
254	Muscle	10	568	0.017605633802816902
255	Muscle	16	568	0.028169014084507043
256	Muscle	8	568	0.014084507042253521
257	Muscle	10	568	0.017605633802816902
258	Muscle	15	568	0.02640845070422535
259	Muscle	17	568	0.02992957746478873
260	Muscle	12	568	0.02112676056338028
261	Muscle	20	568	0.035211267605633804
262	Muscle	12	568	0.02112676056338028
263	Muscle	21	568	0.03697183098591549
264	Muscle	15	568	0.02640845070422535
265	Muscle	16	568	0.028169014084507043
266	Muscle	18	568	0.03169014084507042
267	Muscle	17	568	0.02992957746478873
268	Muscle	13	568	0.022887323943661973
269	Muscle	12	568	0.02112676056338028
270	Muscle	15	568	0.02640845070422535
271	Muscle	16	568	0.028169014084507043
272	Muscle	11	568	0.01936619718309859
273	Muscle	9	568	0.01584507042253521
274	Muscle	14	568	0.02464788732394366
275	Muscle	20	568	0.035211267605633804
276	Muscle	17	568	0.02992957746478873
277	Muscle	15	568	0.02640845070422535
278	Muscle	12	568	0.02112676056338028
279	Muscle	19	568	0.03345070422535211
280	Muscle	13	568	0.022887323943661973
281	Muscle	15	568	0.02640845070422535
282	Muscle	16	568	0.028169014084507043
283	Muscle	13	568	0.022887323943661973
284	Muscle	13	568	0.022887323943661973
285	Muscle	14	568	0.02464788732394366
286	Muscle	13	568	0.022887323943661973
287	Muscle	20	568	0.035211267605633804
288	Muscle	9	568	0.01584507042253521
289	Muscle	18	568	0.03169014084507042
290	Muscle	18	568	0.03169014084507042
291	Muscle	12	568	0.02112676056338028
292	Muscle	10	568	0.017605633802816902
293	Muscle	12	568	0.02112676056338028
294	Muscle	10	568	0.017605633802816902
295	Muscle	10	568	0.017605633802816902
296	Muscle	15	568	0.02640845070422535
297	Muscle	16	568	0.028169014084507043
298	Muscle	19	568	0.03345070422535211
299	Muscle	16	568	0.028169014084507043
300	Muscle	14	568	0.02464788732394366
301	Muscle	7	568	0.01232394366197183
302	Muscle	11	568	0.01936619718309859
303	Muscle	6	568	0.01056338028169014
304	Muscle	14	568	0.02464788732394366
305	Muscle	12	568	0.02112676056338028
306	Muscle	16	568	0.028169014084507043
307	Muscle	15	568	0.02640845070422535
308	Muscle	10	568	0.017605633802816902
309	Muscle	16	568	0.028169014084507043
310	Muscle	17	568	0.02992957746478873
311	Muscle	11	568	0.01936619718309859
312	Muscle	14	568	0.02464788732394366
313	Muscle	13	568	0.022887323943661973
314	Muscle	11	568	0.01936619718309859
315	Muscle	6	568	0.01056338028169014
316	Muscle	11	568	0.01936619718309859
317	Muscle	16	568	0.028169014084507043
318	Muscle	9	568	0.01584507042253521
319	Muscle	9	568	0.01584507042253521
320	Muscle	15	568	0.02640845070422535
321	Muscle	11	568	0.01936619718309859
322	Muscle	14	568	0.02464788732394366
323	Muscle	12	568	0.02112676056338028
324	Muscle	13	568	0.022887323943661973
325	Muscle	11	568	0.01936619718309859
326	Muscle	15	568	0.02640845070422535
327	Muscle	12	568	0.02112676056338028
328	Muscle	10	568	0.017605633802816902
329	Muscle	18	568	0.03169014084507042
330	Muscle	14	568	0.02464788732394366
331	Muscle	11	568	0.01936619718309859
332	Muscle	12	568	0.02112676056338028
333	Muscle	18	568	0.03169014084507042
334	Muscle	15	568	0.02640845070422535
335	Muscle	14	568	0.02464788732394366
336	Muscle	11	568	0.01936619718309859
337	Muscle	10	568	0.017605633802816902
338	Muscle	7	568	0.01232394366197183
339	Muscle	18	568	0.03169014084507042
340	Muscle	14	568	0.02464788732394366
341	Muscle	17	568	0.02992957746478873
342	Muscle	13	568	0.022887323943661973
343	Muscle	16	568	0.028169014084507043
344	Muscle	13	568	0.022887323943661973
345	Muscle	17	568	0.02992957746478873
346	Muscle	10	568	0.017605633802816902
347	Muscle	13	568	0.022887323943661973
348	Muscle	16	568	0.028169014084507043
349	Muscle	12	568	0.02112676056338028
350	Muscle	17	568	0.02992957746478873
351	Muscle	15	568	0.02640845070422535
352	Muscle	19	568	0.03345070422535211
353	Muscle	10	568	0.017605633802816902
354	Muscle	11	568	0.01936619718309859
355	Muscle	19	568	0.03345070422535211
356	Muscle	8	568	0.014084507042253521
357	Muscle	14	568	0.02464788732394366
358	Muscle	12	568	0.02112676056338028
359	Muscle	12	568	0.02112676056338028
360	Muscle	15	568	0.02640845070422535
361	Muscle	14	568	0.02464788732394366
362	Muscle	14	568	0.02464788732394366
363	Muscle	14	568	0.02464788732394366
364	Muscle	15	568	0.02640845070422535
365	Muscle	12	568	0.02112676056338028
366	Muscle	13	568	0.022887323943661973
367	Muscle	13	568	0.022887323943661973
368	Muscle	9	568	0.01584507042253521
369	Muscle	15	568	0.02640845070422535
370	Muscle	19	568	0.03345070422535211
371	Muscle	9	568	0.01584507042253521
372	Muscle	11	568	0.01936619718309859
373	Muscle	13	568	0.022887323943661973
374	Muscle	15	568	0.02640845070422535
375	Muscle	18	568	0.03169014084507042
376	Muscle	14	568	0.02464788732394366
377	Muscle	17	568	0.02992957746478873
378	Muscle	15	568	0.02640845070422535
379	Muscle	12	568	0.02112676056338028
380	Muscle	15	568	0.02640845070422535
381	Muscle	10	568	0.017605633802816902
382	Muscle	13	568	0.022887323943661973
383	Muscle	15	568	0.02640845070422535
384	Muscle	15	568	0.02640845070422535
385	Muscle	7	568	0.01232394366197183
386	Muscle	14	568	0.02464788732394366
387	Muscle	14	568	0.02464788732394366
388	Muscle	24	568	0.04225352112676056
389	Muscle	8	568	0.014084507042253521
390	Muscle	14	568	0.02464788732394366
391	Muscle	15	568	0.02640845070422535
392	Muscle	23	568	0.040492957746478875
393	Muscle	15	568	0.02640845070422535
394	Muscle	17	568	0.02992957746478873
395	Muscle	15	568	0.02640845070422535
396	Muscle	13	568	0.022887323943661973
397	Muscle	16	568	0.028169014084507043
398	Muscle	16	568	0.028169014084507043
399	Muscle	9	568	0.01584507042253521
400	Muscle	14	568	0.02464788732394366
401	Muscle	12	568	0.02112676056338028
402	Muscle	18	568	0.03169014084507042
403	Muscle	18	568	0.03169014084507042
404	Muscle	12	568	0.02112676056338028
405	Muscle	10	568	0.017605633802816902
406	Muscle	16	568	0.028169014084507043
407	Muscle	17	568	0.02992957746478873
408	Muscle	7	568	0.01232394366197183
409	Muscle	12	568	0.02112676056338028
410	Muscle	16	568	0.028169014084507043
411	Muscle	17	568	0.02992957746478873
412	Muscle	15	568	0.02640845070422535
413	Muscle	15	568	0.02640845070422535
414	Muscle	12	568	0.02112676056338028
415	Muscle	20	568	0.035211267605633804
416	Muscle	10	568	0.017605633802816902
417	Muscle	11	568	0.01936619718309859
418	Muscle	13	568	0.022887323943661973
419	Muscle	13	568	0.022887323943661973
420	Muscle	11	568	0.01936619718309859
421	Muscle	12	568	0.02112676056338028
422	Muscle	10	568	0.017605633802816902
423	Muscle	11	568	0.01936619718309859
424	Muscle	19	568	0.03345070422535211
425	Muscle	8	568	0.014084507042253521
426	Muscle	20	568	0.035211267605633804
427	Muscle	15	568	0.02640845070422535
428	Muscle	12	568	0.02112676056338028
429	Muscle	13	568	0.022887323943661973
430	Muscle	19	568	0.03345070422535211
431	Muscle	14	568	0.02464788732394366
432	Muscle	13	568	0.022887323943661973
433	Muscle	18	568	0.03169014084507042
434	Muscle	7	568	0.01232394366197183
435	Muscle	13	568	0.022887323943661973
436	Muscle	13	568	0.022887323943661973
437	Muscle	12	568	0.02112676056338028
438	Muscle	12	568	0.02112676056338028
439	Muscle	18	568	0.03169014084507042
440	Muscle	13	568	0.022887323943661973
441	Muscle	14	568	0.02464788732394366
442	Muscle	7	568	0.01232394366197183
443	Muscle	11	568	0.01936619718309859
444	Muscle	9	568	0.01584507042253521
445	Muscle	11	568	0.01936619718309859
446	Muscle	10	568	0.017605633802816902
447	Muscle	17	568	0.02992957746478873
448	Muscle	13	568	0.022887323943661973
449	Muscle	18	568	0.03169014084507042
450	Muscle	13	568	0.022887323943661973
451	Muscle	11	568	0.01936619718309859
452	Muscle	11	568	0.01936619718309859
453	Muscle	14	568	0.02464788732394366
454	Muscle	10	568	0.017605633802816902
455	Muscle	12	568	0.02112676056338028
456	Muscle	17	568	0.02992957746478873
457	Muscle	14	568	0.02464788732394366
458	Muscle	11	568	0.01936619718309859
459	Muscle	12	568	0.02112676056338028
460	Muscle	14	568	0.02464788732394366
461	Muscle	22	568	0.03873239436619718
462	Muscle	12	568	0.02112676056338028
463	Muscle	17	568	0.02992957746478873
464	Muscle	11	568	0.01936619718309859
465	Muscle	13	568	0.022887323943661973
466	Muscle	14	568	0.02464788732394366
467	Muscle	18	568	0.03169014084507042
468	Muscle	17	568	0.02992957746478873
469	Muscle	14	568	0.02464788732394366
470	Muscle	11	568	0.01936619718309859
471	Muscle	14	568	0.02464788732394366
472	Muscle	10	568	0.017605633802816902
473	Muscle	8	568	0.014084507042253521
474	Muscle	15	568	0.02640845070422535
475	Muscle	15	568	0.02640845070422535
476	Muscle	10	568	0.017605633802816902
477	Muscle	17	568	0.02992957746478873
478	Muscle	18	568	0.03169014084507042
479	Muscle	20	568	0.035211267605633804
480	Muscle	13	568	0.022887323943661973
481	Muscle	25	568	0.04401408450704225
482	Muscle	17	568	0.02992957746478873
483	Muscle	8	568	0.014084507042253521
484	Muscle	12	568	0.02112676056338028
485	Muscle	12	568	0.02112676056338028
486	Muscle	15	568	0.02640845070422535
487	Muscle	12	568	0.02112676056338028
488	Muscle	16	568	0.028169014084507043
489	Muscle	14	568	0.02464788732394366
490	Muscle	13	568	0.022887323943661973
491	Muscle	14	568	0.02464788732394366
492	Muscle	12	568	0.02112676056338028
493	Muscle	14	568	0.02464788732394366
494	Muscle	15	568	0.02640845070422535
495	Muscle	10	568	0.017605633802816902
496	Muscle	11	568	0.01936619718309859
497	Muscle	10	568	0.017605633802816902
498	Muscle	14	568	0.02464788732394366
499	Muscle	21	568	0.03697183098591549
500	Muscle	14	568	0.02464788732394366
501	Muscle	21	568	0.03697183098591549
502	Muscle	15	568	0.02640845070422535
503	Muscle	10	568	0.017605633802816902
504	Muscle	22	568	0.03873239436619718
505	Muscle	9	568	0.01584507042253521
506	Muscle	18	568	0.03169014084507042
507	Muscle	12	568	0.02112676056338028
508	Muscle	16	568	0.028169014084507043
509	Muscle	17	568	0.02992957746478873
510	Muscle	10	568	0.017605633802816902
511	Muscle	17	568	0.02992957746478873
512	Muscle	12	568	0.02112676056338028
513	Muscle	9	568	0.01584507042253521
514	Muscle	16	568	0.028169014084507043
515	Muscle	18	568	0.03169014084507042
516	Muscle	15	568	0.02640845070422535
517	Muscle	15	568	0.02640845070422535
518	Muscle	12	568	0.02112676056338028
519	Muscle	10	568	0.017605633802816902
520	Muscle	15	568	0.02640845070422535
521	Muscle	15	568	0.02640845070422535
522	Muscle	18	568	0.03169014084507042
523	Muscle	15	568	0.02640845070422535
524	Muscle	18	568	0.03169014084507042
525	Muscle	11	568	0.01936619718309859
526	Muscle	13	568	0.022887323943661973
527	Muscle	15	568	0.02640845070422535
528	Muscle	12	568	0.02112676056338028
529	Muscle	14	568	0.02464788732394366
530	Muscle	11	568	0.01936619718309859
531	Muscle	12	568	0.02112676056338028
532	Muscle	12	568	0.02112676056338028
533	Muscle	12	568	0.02112676056338028
534	Muscle	16	568	0.028169014084507043
535	Muscle	9	568	0.01584507042253521
536	Muscle	14	568	0.02464788732394366
537	Muscle	13	568	0.022887323943661973
538	Muscle	12	568	0.02112676056338028
539	Muscle	14	568	0.02464788732394366
540	Muscle	16	568	0.028169014084507043
541	Muscle	14	568	0.02464788732394366
542	Muscle	17	568	0.02992957746478873
543	Muscle	16	568	0.028169014084507043
544	Muscle	13	568	0.022887323943661973
545	Muscle	14	568	0.02464788732394366
546	Muscle	18	568	0.03169014084507042
547	Muscle	14	568	0.02464788732394366
548	Muscle	13	568	0.022887323943661973
549	Muscle	13	568	0.022887323943661973
550	Muscle	16	568	0.028169014084507043
551	Muscle	15	568	0.02640845070422535
552	Muscle	7	568	0.01232394366197183
553	Muscle	18	568	0.03169014084507042
554	Muscle	12	568	0.02112676056338028
555	Muscle	12	568	0.02112676056338028
556	Muscle	10	568	0.017605633802816902
557	Muscle	14	568	0.02464788732394366
558	Muscle	11	568	0.01936619718309859
559	Muscle	9	568	0.01584507042253521
560	Muscle	20	568	0.035211267605633804
561	Muscle	13	568	0.022887323943661973
562	Muscle	11	568	0.01936619718309859
563	Muscle	17	568	0.02992957746478873
564	Muscle	12	568	0.02112676056338028
565	Muscle	20	568	0.035211267605633804
566	Muscle	9	568	0.01584507042253521
567	Muscle	19	568	0.03345070422535211
568	Muscle	9	568	0.01584507042253521
569	Muscle	10	568	0.017605633802816902
570	Muscle	13	568	0.022887323943661973
571	Muscle	15	568	0.02640845070422535
572	Muscle	5	568	0.008802816901408451
573	Muscle	13	568	0.022887323943661973
574	Muscle	14	568	0.02464788732394366
575	Muscle	16	568	0.028169014084507043
576	Muscle	16	568	0.028169014084507043
577	Muscle	11	568	0.01936619718309859
578	Muscle	12	568	0.02112676056338028
579	Muscle	14	568	0.02464788732394366
580	Muscle	24	568	0.04225352112676056
581	Muscle	15	568	0.02640845070422535
582	Muscle	16	568	0.028169014084507043
583	Muscle	15	568	0.02640845070422535
584	Muscle	16	568	0.028169014084507043
585	Muscle	8	568	0.014084507042253521
586	Muscle	13	568	0.022887323943661973
587	Muscle	18	568	0.03169014084507042
588	Muscle	9	568	0.01584507042253521
589	Muscle	12	568	0.02112676056338028
590	Muscle	18	568	0.03169014084507042
591	Muscle	15	568	0.02640845070422535
592	Muscle	13	568	0.022887323943661973
593	Muscle	15	568	0.02640845070422535
594	Muscle	13	568	0.022887323943661973
595	Muscle	12	568	0.02112676056338028
596	Muscle	11	568	0.01936619718309859
597	Muscle	16	568	0.028169014084507043
598	Muscle	14	568	0.02464788732394366
599	Muscle	11	568	0.01936619718309859
600	Muscle	24	568	0.04225352112676056
601	Muscle	4	568	0.007042253521126761
602	Muscle	11	568	0.01936619718309859
603	Muscle	12	568	0.02112676056338028
604	Muscle	8	568	0.014084507042253521
605	Muscle	12	568	0.02112676056338028
606	Muscle	16	568	0.028169014084507043
607	Muscle	11	568	0.01936619718309859
608	Muscle	13	568	0.022887323943661973
609	Muscle	6	568	0.01056338028169014
610	Muscle	14	568	0.02464788732394366
611	Muscle	10	568	0.017605633802816902
612	Muscle	11	568	0.01936619718309859
613	Muscle	11	568	0.01936619718309859
614	Muscle	8	568	0.014084507042253521
615	Muscle	18	568	0.03169014084507042
616	Muscle	12	568	0.02112676056338028
617	Muscle	16	568	0.028169014084507043
618	Muscle	14	568	0.02464788732394366
619	Muscle	12	568	0.02112676056338028
620	Muscle	16	568	0.028169014084507043
621	Muscle	10	568	0.017605633802816902
622	Muscle	15	568	0.02640845070422535
623	Muscle	16	568	0.028169014084507043
624	Muscle	18	568	0.03169014084507042
625	Muscle	12	568	0.02112676056338028
626	Muscle	5	568	0.008802816901408451
627	Muscle	12	568	0.02112676056338028
628	Muscle	22	568	0.03873239436619718
629	Muscle	25	568	0.04401408450704225
630	Muscle	14	568	0.02464788732394366
631	Muscle	9	568	0.01584507042253521
632	Muscle	15	568	0.02640845070422535
633	Muscle	18	568	0.03169014084507042
634	Muscle	15	568	0.02640845070422535
635	Muscle	17	568	0.02992957746478873
636	Muscle	16	568	0.028169014084507043
637	Muscle	13	568	0.022887323943661973
638	Muscle	15	568	0.02640845070422535
639	Muscle	12	568	0.02112676056338028
640	Muscle	10	568	0.017605633802816902
641	Muscle	12	568	0.02112676056338028
642	Muscle	18	568	0.03169014084507042
643	Muscle	17	568	0.02992957746478873
644	Muscle	14	568	0.02464788732394366
645	Muscle	9	568	0.01584507042253521
646	Muscle	15	568	0.02640845070422535
647	Muscle	16	568	0.028169014084507043
648	Muscle	14	568	0.02464788732394366
649	Muscle	10	568	0.017605633802816902
650	Muscle	9	568	0.01584507042253521
651	Muscle	15	568	0.02640845070422535
652	Muscle	13	568	0.022887323943661973
653	Muscle	8	568	0.014084507042253521
654	Muscle	13	568	0.022887323943661973
655	Muscle	14	568	0.02464788732394366
656	Muscle	15	568	0.02640845070422535
657	Muscle	15	568	0.02640845070422535
658	Muscle	13	568	0.022887323943661973
659	Muscle	11	568	0.01936619718309859
660	Muscle	13	568	0.022887323943661973
661	Muscle	9	568	0.01584507042253521
662	Muscle	15	568	0.02640845070422535
663	Muscle	6	568	0.01056338028169014
664	Muscle	14	568	0.02464788732394366
665	Muscle	13	568	0.022887323943661973
666	Muscle	18	568	0.03169014084507042
667	Muscle	11	568	0.01936619718309859
668	Muscle	14	568	0.02464788732394366
669	Muscle	11	568	0.01936619718309859
670	Muscle	13	568	0.022887323943661973
671	Muscle	11	568	0.01936619718309859
672	Muscle	18	568	0.03169014084507042
673	Muscle	16	568	0.028169014084507043
674	Muscle	14	568	0.02464788732394366
675	Muscle	10	568	0.017605633802816902
676	Muscle	13	568	0.022887323943661973
677	Muscle	10	568	0.017605633802816902
678	Muscle	13	568	0.022887323943661973
679	Muscle	12	568	0.02112676056338028
680	Muscle	18	568	0.03169014084507042
681	Muscle	16	568	0.028169014084507043
682	Muscle	10	568	0.017605633802816902
683	Muscle	12	568	0.02112676056338028
684	Muscle	16	568	0.028169014084507043
685	Muscle	11	568	0.01936619718309859
686	Muscle	15	568	0.02640845070422535
687	Muscle	11	568	0.01936619718309859
688	Muscle	12	568	0.02112676056338028
689	Muscle	19	568	0.03345070422535211
690	Muscle	22	568	0.03873239436619718
691	Muscle	14	568	0.02464788732394366
692	Muscle	16	568	0.028169014084507043
693	Muscle	19	568	0.03345070422535211
694	Muscle	16	568	0.028169014084507043
695	Muscle	16	568	0.028169014084507043
696	Muscle	17	568	0.02992957746478873
697	Muscle	13	568	0.022887323943661973
698	Muscle	17	568	0.02992957746478873
699	Muscle	14	568	0.02464788732394366
700	Muscle	12	568	0.02112676056338028
701	Muscle	10	568	0.017605633802816902
702	Muscle	17	568	0.02992957746478873
703	Muscle	15	568	0.02640845070422535
704	Muscle	13	568	0.022887323943661973
705	Muscle	10	568	0.017605633802816902
706	Muscle	8	568	0.014084507042253521
707	Muscle	13	568	0.022887323943661973
708	Muscle	11	568	0.01936619718309859
709	Muscle	14	568	0.02464788732394366
710	Muscle	15	568	0.02640845070422535
711	Muscle	13	568	0.022887323943661973
712	Muscle	11	568	0.01936619718309859
713	Muscle	12	568	0.02112676056338028
714	Muscle	14	568	0.02464788732394366
715	Muscle	7	568	0.01232394366197183
716	Muscle	18	568	0.03169014084507042
717	Muscle	16	568	0.028169014084507043
718	Muscle	12	568	0.02112676056338028
719	Muscle	13	568	0.022887323943661973
720	Muscle	8	568	0.014084507042253521
721	Muscle	15	568	0.02640845070422535
722	Muscle	10	568	0.017605633802816902
723	Muscle	13	568	0.022887323943661973
724	Muscle	19	568	0.03345070422535211
725	Muscle	10	568	0.017605633802816902
726	Muscle	15	568	0.02640845070422535
727	Muscle	13	568	0.022887323943661973
728	Muscle	11	568	0.01936619718309859
729	Muscle	12	568	0.02112676056338028
730	Muscle	13	568	0.022887323943661973
731	Muscle	12	568	0.02112676056338028
732	Muscle	14	568	0.02464788732394366
733	Muscle	19	568	0.03345070422535211
734	Muscle	9	568	0.01584507042253521
735	Muscle	15	568	0.02640845070422535
736	Muscle	14	568	0.02464788732394366
737	Muscle	10	568	0.017605633802816902
738	Muscle	9	568	0.01584507042253521
739	Muscle	12	568	0.02112676056338028
740	Muscle	13	568	0.022887323943661973
741	Muscle	11	568	0.01936619718309859
742	Muscle	14	568	0.02464788732394366
743	Muscle	21	568	0.03697183098591549
744	Muscle	22	568	0.03873239436619718
745	Muscle	14	568	0.02464788732394366
746	Muscle	11	568	0.01936619718309859
747	Muscle	15	568	0.02640845070422535
748	Muscle	10	568	0.017605633802816902
749	Muscle	9	568	0.01584507042253521
750	Muscle	17	568	0.02992957746478873
751	Muscle	12	568	0.02112676056338028
752	Muscle	10	568	0.017605633802816902
753	Muscle	10	568	0.017605633802816902
754	Muscle	17	568	0.02992957746478873
755	Muscle	14	568	0.02464788732394366
756	Muscle	15	568	0.02640845070422535
757	Muscle	11	568	0.01936619718309859
758	Muscle	11	568	0.01936619718309859
759	Muscle	19	568	0.03345070422535211
760	Muscle	7	568	0.01232394366197183
761	Muscle	13	568	0.022887323943661973
762	Muscle	10	568	0.017605633802816902
763	Muscle	12	568	0.02112676056338028
764	Muscle	10	568	0.017605633802816902
765	Muscle	24	568	0.04225352112676056
766	Muscle	12	568	0.02112676056338028
767	Muscle	16	568	0.028169014084507043
768	Muscle	15	568	0.02640845070422535
769	Muscle	15	568	0.02640845070422535
770	Muscle	14	568	0.02464788732394366
771	Muscle	15	568	0.02640845070422535
772	Muscle	8	568	0.014084507042253521
773	Muscle	14	568	0.02464788732394366
774	Muscle	19	568	0.03345070422535211
775	Muscle	10	568	0.017605633802816902
776	Muscle	16	568	0.028169014084507043
777	Muscle	15	568	0.02640845070422535
778	Muscle	16	568	0.028169014084507043
779	Muscle	8	568	0.014084507042253521
780	Muscle	14	568	0.02464788732394366
781	Muscle	15	568	0.02640845070422535
782	Muscle	8	568	0.014084507042253521
783	Muscle	15	568	0.02640845070422535
784	Muscle	18	568	0.03169014084507042
785	Muscle	16	568	0.028169014084507043
786	Muscle	17	568	0.02992957746478873
787	Muscle	11	568	0.01936619718309859
788	Muscle	15	568	0.02640845070422535
789	Muscle	18	568	0.03169014084507042
790	Muscle	14	568	0.02464788732394366
791	Muscle	8	568	0.014084507042253521
792	Muscle	13	568	0.022887323943661973
793	Muscle	12	568	0.02112676056338028
794	Muscle	14	568	0.02464788732394366
795	Muscle	8	568	0.014084507042253521
796	Muscle	14	568	0.02464788732394366
797	Muscle	14	568	0.02464788732394366
798	Muscle	15	568	0.02640845070422535
799	Muscle	10	568	0.017605633802816902
800	Muscle	13	568	0.022887323943661973
801	Muscle	11	568	0.01936619718309859
802	Muscle	9	568	0.01584507042253521
803	Muscle	14	568	0.02464788732394366
804	Muscle	19	568	0.03345070422535211
805	Muscle	12	568	0.02112676056338028
806	Muscle	13	568	0.022887323943661973
807	Muscle	12	568	0.02112676056338028
808	Muscle	13	568	0.022887323943661973
809	Muscle	10	568	0.017605633802816902
810	Muscle	10	568	0.017605633802816902
811	Muscle	13	568	0.022887323943661973
812	Muscle	15	568	0.02640845070422535
813	Muscle	10	568	0.017605633802816902
814	Muscle	16	568	0.028169014084507043
815	Muscle	8	568	0.014084507042253521
816	Muscle	12	568	0.02112676056338028
817	Muscle	11	568	0.01936619718309859
818	Muscle	15	568	0.02640845070422535
819	Muscle	19	568	0.03345070422535211
820	Muscle	10	568	0.017605633802816902
821	Muscle	16	568	0.028169014084507043
822	Muscle	10	568	0.017605633802816902
823	Muscle	17	568	0.02992957746478873
824	Muscle	9	568	0.01584507042253521
825	Muscle	13	568	0.022887323943661973
826	Muscle	13	568	0.022887323943661973
827	Muscle	17	568	0.02992957746478873
828	Muscle	13	568	0.022887323943661973
829	Muscle	13	568	0.022887323943661973
830	Muscle	14	568	0.02464788732394366
831	Muscle	10	568	0.017605633802816902
832	Muscle	14	568	0.02464788732394366
833	Muscle	16	568	0.028169014084507043
834	Muscle	13	568	0.022887323943661973
835	Muscle	16	568	0.028169014084507043
836	Muscle	13	568	0.022887323943661973
837	Muscle	12	568	0.02112676056338028
838	Muscle	15	568	0.02640845070422535
839	Muscle	12	568	0.02112676056338028
840	Muscle	7	568	0.01232394366197183
841	Muscle	14	568	0.02464788732394366
842	Muscle	8	568	0.014084507042253521
843	Muscle	15	568	0.02640845070422535
844	Muscle	8	568	0.014084507042253521
845	Muscle	12	568	0.02112676056338028
846	Muscle	14	568	0.02464788732394366
847	Muscle	17	568	0.02992957746478873
848	Muscle	16	568	0.028169014084507043
849	Muscle	16	568	0.028169014084507043
850	Muscle	18	568	0.03169014084507042
851	Muscle	11	568	0.01936619718309859
852	Muscle	13	568	0.022887323943661973
853	Muscle	9	568	0.01584507042253521
854	Muscle	13	568	0.022887323943661973
855	Muscle	11	568	0.01936619718309859
856	Muscle	15	568	0.02640845070422535
857	Muscle	16	568	0.028169014084507043
858	Muscle	10	568	0.017605633802816902
859	Muscle	9	568	0.01584507042253521
860	Muscle	14	568	0.02464788732394366
861	Muscle	8	568	0.014084507042253521
862	Muscle	13	568	0.022887323943661973
863	Muscle	19	568	0.03345070422535211
864	Muscle	13	568	0.022887323943661973
865	Muscle	9	568	0.01584507042253521
866	Muscle	12	568	0.02112676056338028
867	Muscle	13	568	0.022887323943661973
868	Muscle	16	568	0.028169014084507043
869	Muscle	11	568	0.01936619718309859
870	Muscle	17	568	0.02992957746478873
871	Muscle	16	568	0.028169014084507043
872	Muscle	15	568	0.02640845070422535
873	Muscle	10	568	0.017605633802816902
874	Muscle	17	568	0.02992957746478873
875	Muscle	17	568	0.02992957746478873
876	Muscle	15	568	0.02640845070422535
877	Muscle	17	568	0.02992957746478873
878	Muscle	12	568	0.02112676056338028
879	Muscle	14	568	0.02464788732394366
880	Muscle	16	568	0.028169014084507043
881	Muscle	13	568	0.022887323943661973
882	Muscle	16	568	0.028169014084507043
883	Muscle	17	568	0.02992957746478873
884	Muscle	9	568	0.01584507042253521
885	Muscle	12	568	0.02112676056338028
886	Muscle	15	568	0.02640845070422535
887	Muscle	18	568	0.03169014084507042
888	Muscle	19	568	0.03345070422535211
889	Muscle	12	568	0.02112676056338028
890	Muscle	15	568	0.02640845070422535
891	Muscle	13	568	0.022887323943661973
892	Muscle	12	568	0.02112676056338028
893	Muscle	15	568	0.02640845070422535
894	Muscle	13	568	0.022887323943661973
895	Muscle	18	568	0.03169014084507042
896	Muscle	10	568	0.017605633802816902
897	Muscle	18	568	0.03169014084507042
898	Muscle	13	568	0.022887323943661973
899	Muscle	17	568	0.02992957746478873
900	Muscle	11	568	0.01936619718309859
901	Muscle	15	568	0.02640845070422535
902	Muscle	12	568	0.02112676056338028
903	Muscle	15	568	0.02640845070422535
904	Muscle	7	568	0.01232394366197183
905	Muscle	12	568	0.02112676056338028
906	Muscle	8	568	0.014084507042253521
907	Muscle	10	568	0.017605633802816902
908	Muscle	16	568	0.028169014084507043
909	Muscle	12	568	0.02112676056338028
910	Muscle	17	568	0.02992957746478873
911	Muscle	4	568	0.007042253521126761
912	Muscle	18	568	0.03169014084507042
913	Muscle	12	568	0.02112676056338028
914	Muscle	12	568	0.02112676056338028
915	Muscle	15	568	0.02640845070422535
916	Muscle	14	568	0.02464788732394366
917	Muscle	13	568	0.022887323943661973
918	Muscle	17	568	0.02992957746478873
919	Muscle	13	568	0.022887323943661973
920	Muscle	15	568	0.02640845070422535
921	Muscle	12	568	0.02112676056338028
922	Muscle	11	568	0.01936619718309859
923	Muscle	11	568	0.01936619718309859
924	Muscle	11	568	0.01936619718309859
925	Muscle	20	568	0.035211267605633804
926	Muscle	14	568	0.02464788732394366
927	Muscle	12	568	0.02112676056338028
928	Muscle	11	568	0.01936619718309859
929	Muscle	13	568	0.022887323943661973
930	Muscle	16	568	0.028169014084507043
931	Muscle	15	568	0.02640845070422535
932	Muscle	18	568	0.03169014084507042
933	Muscle	18	568	0.03169014084507042
934	Muscle	16	568	0.028169014084507043
935	Muscle	12	568	0.02112676056338028
936	Muscle	15	568	0.02640845070422535
937	Muscle	10	568	0.017605633802816902
938	Muscle	6	568	0.01056338028169014
939	Muscle	17	568	0.02992957746478873
940	Muscle	12	568	0.02112676056338028
941	Muscle	13	568	0.022887323943661973
942	Muscle	20	568	0.035211267605633804
943	Muscle	16	568	0.028169014084507043
944	Muscle	14	568	0.02464788732394366
945	Muscle	13	568	0.022887323943661973
946	Muscle	11	568	0.01936619718309859
947	Muscle	11	568	0.01936619718309859
948	Muscle	10	568	0.017605633802816902
949	Muscle	11	568	0.01936619718309859
950	Muscle	22	568	0.03873239436619718
951	Muscle	18	568	0.03169014084507042
952	Muscle	18	568	0.03169014084507042
953	Muscle	14	568	0.02464788732394366
954	Muscle	12	568	0.02112676056338028
955	Muscle	13	568	0.022887323943661973
956	Muscle	14	568	0.02464788732394366
957	Muscle	15	568	0.02640845070422535
958	Muscle	20	568	0.035211267605633804
959	Muscle	16	568	0.028169014084507043
960	Muscle	13	568	0.022887323943661973
961	Muscle	14	568	0.02464788732394366
962	Muscle	14	568	0.02464788732394366
963	Muscle	13	568	0.022887323943661973
964	Muscle	9	568	0.01584507042253521
965	Muscle	11	568	0.01936619718309859
966	Muscle	14	568	0.02464788732394366
967	Muscle	19	568	0.03345070422535211
968	Muscle	19	568	0.03345070422535211
969	Muscle	12	568	0.02112676056338028
970	Muscle	12	568	0.02112676056338028
971	Muscle	11	568	0.01936619718309859
972	Muscle	16	568	0.028169014084507043
973	Muscle	14	568	0.02464788732394366
974	Muscle	18	568	0.03169014084507042
975	Muscle	12	568	0.02112676056338028
976	Muscle	14	568	0.02464788732394366
977	Muscle	12	568	0.02112676056338028
978	Muscle	19	568	0.03345070422535211
979	Muscle	13	568	0.022887323943661973
980	Muscle	12	568	0.02112676056338028
981	Muscle	12	568	0.02112676056338028
982	Muscle	11	568	0.01936619718309859
983	Muscle	9	568	0.01584507042253521
984	Muscle	14	568	0.02464788732394366
985	Muscle	10	568	0.017605633802816902
986	Muscle	15	568	0.02640845070422535
987	Muscle	10	568	0.017605633802816902
988	Muscle	12	568	0.02112676056338028
989	Muscle	11	568	0.01936619718309859
990	Muscle	12	568	0.02112676056338028
991	Muscle	10	568	0.017605633802816902
992	Muscle	12	568	0.02112676056338028
993	Muscle	9	568	0.01584507042253521
994	Muscle	14	568	0.02464788732394366
995	Muscle	21	568	0.03697183098591549
996	Muscle	12	568	0.02112676056338028
997	Muscle	11	568	0.01936619718309859
998	Muscle	10	568	0.017605633802816902
999	Muscle	13	568	0.022887323943661973
1000	Muscle	14	568	0.02464788732394366
1	Pancreas_Body	76	2455	0.03095723014256619
2	Pancreas_Body	93	2455	0.037881873727087574
3	Pancreas_Body	67	2455	0.027291242362525458
4	Pancreas_Body	89	2455	0.03625254582484725
5	Pancreas_Body	82	2455	0.03340122199592668
6	Pancreas_Body	84	2455	0.034215885947046845
7	Pancreas_Body	74	2455	0.03014256619144603
8	Pancreas_Body	79	2455	0.03217922606924643
9	Pancreas_Body	68	2455	0.02769857433808554
10	Pancreas_Body	87	2455	0.03543788187372709
11	Pancreas_Body	77	2455	0.03136456211812627
12	Pancreas_Body	78	2455	0.03177189409368635
13	Pancreas_Body	77	2455	0.03136456211812627
14	Pancreas_Body	82	2455	0.03340122199592668
15	Pancreas_Body	103	2455	0.04195519348268839
16	Pancreas_Body	69	2455	0.02810590631364562
17	Pancreas_Body	77	2455	0.03136456211812627
18	Pancreas_Body	90	2455	0.03665987780040733
19	Pancreas_Body	95	2455	0.038696537678207736
20	Pancreas_Body	84	2455	0.034215885947046845
21	Pancreas_Body	90	2455	0.03665987780040733
22	Pancreas_Body	79	2455	0.03217922606924643
23	Pancreas_Body	81	2455	0.0329938900203666
24	Pancreas_Body	80	2455	0.032586558044806514
25	Pancreas_Body	84	2455	0.034215885947046845
26	Pancreas_Body	78	2455	0.03177189409368635
27	Pancreas_Body	79	2455	0.03217922606924643
28	Pancreas_Body	77	2455	0.03136456211812627
29	Pancreas_Body	82	2455	0.03340122199592668
30	Pancreas_Body	84	2455	0.034215885947046845
31	Pancreas_Body	79	2455	0.03217922606924643
32	Pancreas_Body	75	2455	0.03054989816700611
33	Pancreas_Body	76	2455	0.03095723014256619
34	Pancreas_Body	85	2455	0.034623217922606926
35	Pancreas_Body	76	2455	0.03095723014256619
36	Pancreas_Body	79	2455	0.03217922606924643
37	Pancreas_Body	79	2455	0.03217922606924643
38	Pancreas_Body	82	2455	0.03340122199592668
39	Pancreas_Body	94	2455	0.038289205702647655
40	Pancreas_Body	80	2455	0.032586558044806514
41	Pancreas_Body	90	2455	0.03665987780040733
42	Pancreas_Body	81	2455	0.0329938900203666
43	Pancreas_Body	84	2455	0.034215885947046845
44	Pancreas_Body	89	2455	0.03625254582484725
45	Pancreas_Body	89	2455	0.03625254582484725
46	Pancreas_Body	74	2455	0.03014256619144603
47	Pancreas_Body	76	2455	0.03095723014256619
48	Pancreas_Body	93	2455	0.037881873727087574
49	Pancreas_Body	81	2455	0.0329938900203666
50	Pancreas_Body	71	2455	0.028920570264765785
51	Pancreas_Body	75	2455	0.03054989816700611
52	Pancreas_Body	79	2455	0.03217922606924643
53	Pancreas_Body	70	2455	0.028513238289205704
54	Pancreas_Body	74	2455	0.03014256619144603
55	Pancreas_Body	90	2455	0.03665987780040733
56	Pancreas_Body	88	2455	0.03584521384928717
57	Pancreas_Body	69	2455	0.02810590631364562
58	Pancreas_Body	73	2455	0.029735234215885947
59	Pancreas_Body	93	2455	0.037881873727087574
60	Pancreas_Body	90	2455	0.03665987780040733
61	Pancreas_Body	89	2455	0.03625254582484725
62	Pancreas_Body	73	2455	0.029735234215885947
63	Pancreas_Body	81	2455	0.0329938900203666
64	Pancreas_Body	89	2455	0.03625254582484725
65	Pancreas_Body	83	2455	0.033808553971486764
66	Pancreas_Body	76	2455	0.03095723014256619
67	Pancreas_Body	71	2455	0.028920570264765785
68	Pancreas_Body	75	2455	0.03054989816700611
69	Pancreas_Body	81	2455	0.0329938900203666
70	Pancreas_Body	63	2455	0.025661914460285134
71	Pancreas_Body	70	2455	0.028513238289205704
72	Pancreas_Body	78	2455	0.03177189409368635
73	Pancreas_Body	80	2455	0.032586558044806514
74	Pancreas_Body	75	2455	0.03054989816700611
75	Pancreas_Body	82	2455	0.03340122199592668
76	Pancreas_Body	93	2455	0.037881873727087574
77	Pancreas_Body	80	2455	0.032586558044806514
78	Pancreas_Body	81	2455	0.0329938900203666
79	Pancreas_Body	74	2455	0.03014256619144603
80	Pancreas_Body	92	2455	0.03747454175152749
81	Pancreas_Body	78	2455	0.03177189409368635
82	Pancreas_Body	63	2455	0.025661914460285134
83	Pancreas_Body	64	2455	0.026069246435845215
84	Pancreas_Body	77	2455	0.03136456211812627
85	Pancreas_Body	82	2455	0.03340122199592668
86	Pancreas_Body	78	2455	0.03177189409368635
87	Pancreas_Body	74	2455	0.03014256619144603
88	Pancreas_Body	79	2455	0.03217922606924643
89	Pancreas_Body	76	2455	0.03095723014256619
90	Pancreas_Body	83	2455	0.033808553971486764
91	Pancreas_Body	93	2455	0.037881873727087574
92	Pancreas_Body	84	2455	0.034215885947046845
93	Pancreas_Body	86	2455	0.03503054989816701
94	Pancreas_Body	92	2455	0.03747454175152749
95	Pancreas_Body	88	2455	0.03584521384928717
96	Pancreas_Body	81	2455	0.0329938900203666
97	Pancreas_Body	82	2455	0.03340122199592668
98	Pancreas_Body	90	2455	0.03665987780040733
99	Pancreas_Body	80	2455	0.032586558044806514
100	Pancreas_Body	63	2455	0.025661914460285134
101	Pancreas_Body	83	2455	0.033808553971486764
102	Pancreas_Body	93	2455	0.037881873727087574
103	Pancreas_Body	72	2455	0.029327902240325866
104	Pancreas_Body	68	2455	0.02769857433808554
105	Pancreas_Body	84	2455	0.034215885947046845
106	Pancreas_Body	80	2455	0.032586558044806514
107	Pancreas_Body	76	2455	0.03095723014256619
108	Pancreas_Body	79	2455	0.03217922606924643
109	Pancreas_Body	83	2455	0.033808553971486764
110	Pancreas_Body	82	2455	0.03340122199592668
111	Pancreas_Body	72	2455	0.029327902240325866
112	Pancreas_Body	80	2455	0.032586558044806514
113	Pancreas_Body	88	2455	0.03584521384928717
114	Pancreas_Body	70	2455	0.028513238289205704
115	Pancreas_Body	92	2455	0.03747454175152749
116	Pancreas_Body	78	2455	0.03177189409368635
117	Pancreas_Body	79	2455	0.03217922606924643
118	Pancreas_Body	81	2455	0.0329938900203666
119	Pancreas_Body	87	2455	0.03543788187372709
120	Pancreas_Body	88	2455	0.03584521384928717
121	Pancreas_Body	87	2455	0.03543788187372709
122	Pancreas_Body	89	2455	0.03625254582484725
123	Pancreas_Body	98	2455	0.039918533604887986
124	Pancreas_Body	97	2455	0.039511201629327905
125	Pancreas_Body	73	2455	0.029735234215885947
126	Pancreas_Body	83	2455	0.033808553971486764
127	Pancreas_Body	83	2455	0.033808553971486764
128	Pancreas_Body	78	2455	0.03177189409368635
129	Pancreas_Body	79	2455	0.03217922606924643
130	Pancreas_Body	95	2455	0.038696537678207736
131	Pancreas_Body	73	2455	0.029735234215885947
132	Pancreas_Body	82	2455	0.03340122199592668
133	Pancreas_Body	82	2455	0.03340122199592668
134	Pancreas_Body	79	2455	0.03217922606924643
135	Pancreas_Body	81	2455	0.0329938900203666
136	Pancreas_Body	89	2455	0.03625254582484725
137	Pancreas_Body	68	2455	0.02769857433808554
138	Pancreas_Body	78	2455	0.03177189409368635
139	Pancreas_Body	70	2455	0.028513238289205704
140	Pancreas_Body	79	2455	0.03217922606924643
141	Pancreas_Body	76	2455	0.03095723014256619
142	Pancreas_Body	81	2455	0.0329938900203666
143	Pancreas_Body	81	2455	0.0329938900203666
144	Pancreas_Body	88	2455	0.03584521384928717
145	Pancreas_Body	84	2455	0.034215885947046845
146	Pancreas_Body	84	2455	0.034215885947046845
147	Pancreas_Body	76	2455	0.03095723014256619
148	Pancreas_Body	78	2455	0.03177189409368635
149	Pancreas_Body	74	2455	0.03014256619144603
150	Pancreas_Body	76	2455	0.03095723014256619
151	Pancreas_Body	101	2455	0.04114052953156823
152	Pancreas_Body	77	2455	0.03136456211812627
153	Pancreas_Body	71	2455	0.028920570264765785
154	Pancreas_Body	85	2455	0.034623217922606926
155	Pancreas_Body	86	2455	0.03503054989816701
156	Pancreas_Body	85	2455	0.034623217922606926
157	Pancreas_Body	92	2455	0.03747454175152749
158	Pancreas_Body	93	2455	0.037881873727087574
159	Pancreas_Body	84	2455	0.034215885947046845
160	Pancreas_Body	97	2455	0.039511201629327905
161	Pancreas_Body	82	2455	0.03340122199592668
162	Pancreas_Body	80	2455	0.032586558044806514
163	Pancreas_Body	89	2455	0.03625254582484725
164	Pancreas_Body	92	2455	0.03747454175152749
165	Pancreas_Body	93	2455	0.037881873727087574
166	Pancreas_Body	76	2455	0.03095723014256619
167	Pancreas_Body	74	2455	0.03014256619144603
168	Pancreas_Body	81	2455	0.0329938900203666
169	Pancreas_Body	87	2455	0.03543788187372709
170	Pancreas_Body	89	2455	0.03625254582484725
171	Pancreas_Body	90	2455	0.03665987780040733
172	Pancreas_Body	92	2455	0.03747454175152749
173	Pancreas_Body	83	2455	0.033808553971486764
174	Pancreas_Body	76	2455	0.03095723014256619
175	Pancreas_Body	75	2455	0.03054989816700611
176	Pancreas_Body	77	2455	0.03136456211812627
177	Pancreas_Body	94	2455	0.038289205702647655
178	Pancreas_Body	86	2455	0.03503054989816701
179	Pancreas_Body	84	2455	0.034215885947046845
180	Pancreas_Body	84	2455	0.034215885947046845
181	Pancreas_Body	78	2455	0.03177189409368635
182	Pancreas_Body	75	2455	0.03054989816700611
183	Pancreas_Body	69	2455	0.02810590631364562
184	Pancreas_Body	74	2455	0.03014256619144603
185	Pancreas_Body	71	2455	0.028920570264765785
186	Pancreas_Body	80	2455	0.032586558044806514
187	Pancreas_Body	88	2455	0.03584521384928717
188	Pancreas_Body	72	2455	0.029327902240325866
189	Pancreas_Body	87	2455	0.03543788187372709
190	Pancreas_Body	68	2455	0.02769857433808554
191	Pancreas_Body	80	2455	0.032586558044806514
192	Pancreas_Body	75	2455	0.03054989816700611
193	Pancreas_Body	86	2455	0.03503054989816701
194	Pancreas_Body	76	2455	0.03095723014256619
195	Pancreas_Body	82	2455	0.03340122199592668
196	Pancreas_Body	64	2455	0.026069246435845215
197	Pancreas_Body	87	2455	0.03543788187372709
198	Pancreas_Body	87	2455	0.03543788187372709
199	Pancreas_Body	96	2455	0.039103869653767824
200	Pancreas_Body	75	2455	0.03054989816700611
201	Pancreas_Body	90	2455	0.03665987780040733
202	Pancreas_Body	87	2455	0.03543788187372709
203	Pancreas_Body	84	2455	0.034215885947046845
204	Pancreas_Body	73	2455	0.029735234215885947
205	Pancreas_Body	96	2455	0.039103869653767824
206	Pancreas_Body	67	2455	0.027291242362525458
207	Pancreas_Body	72	2455	0.029327902240325866
208	Pancreas_Body	79	2455	0.03217922606924643
209	Pancreas_Body	67	2455	0.027291242362525458
210	Pancreas_Body	74	2455	0.03014256619144603
211	Pancreas_Body	77	2455	0.03136456211812627
212	Pancreas_Body	79	2455	0.03217922606924643
213	Pancreas_Body	84	2455	0.034215885947046845
214	Pancreas_Body	82	2455	0.03340122199592668
215	Pancreas_Body	79	2455	0.03217922606924643
216	Pancreas_Body	88	2455	0.03584521384928717
217	Pancreas_Body	78	2455	0.03177189409368635
218	Pancreas_Body	80	2455	0.032586558044806514
219	Pancreas_Body	83	2455	0.033808553971486764
220	Pancreas_Body	86	2455	0.03503054989816701
221	Pancreas_Body	88	2455	0.03584521384928717
222	Pancreas_Body	71	2455	0.028920570264765785
223	Pancreas_Body	77	2455	0.03136456211812627
224	Pancreas_Body	81	2455	0.0329938900203666
225	Pancreas_Body	72	2455	0.029327902240325866
226	Pancreas_Body	82	2455	0.03340122199592668
227	Pancreas_Body	87	2455	0.03543788187372709
228	Pancreas_Body	77	2455	0.03136456211812627
229	Pancreas_Body	89	2455	0.03625254582484725
230	Pancreas_Body	70	2455	0.028513238289205704
231	Pancreas_Body	93	2455	0.037881873727087574
232	Pancreas_Body	84	2455	0.034215885947046845
233	Pancreas_Body	81	2455	0.0329938900203666
234	Pancreas_Body	59	2455	0.024032586558044806
235	Pancreas_Body	89	2455	0.03625254582484725
236	Pancreas_Body	68	2455	0.02769857433808554
237	Pancreas_Body	85	2455	0.034623217922606926
238	Pancreas_Body	66	2455	0.026883910386965377
239	Pancreas_Body	77	2455	0.03136456211812627
240	Pancreas_Body	79	2455	0.03217922606924643
241	Pancreas_Body	81	2455	0.0329938900203666
242	Pancreas_Body	85	2455	0.034623217922606926
243	Pancreas_Body	95	2455	0.038696537678207736
244	Pancreas_Body	77	2455	0.03136456211812627
245	Pancreas_Body	92	2455	0.03747454175152749
246	Pancreas_Body	81	2455	0.0329938900203666
247	Pancreas_Body	90	2455	0.03665987780040733
248	Pancreas_Body	91	2455	0.03706720977596741
249	Pancreas_Body	89	2455	0.03625254582484725
250	Pancreas_Body	78	2455	0.03177189409368635
251	Pancreas_Body	81	2455	0.0329938900203666
252	Pancreas_Body	76	2455	0.03095723014256619
253	Pancreas_Body	98	2455	0.039918533604887986
254	Pancreas_Body	74	2455	0.03014256619144603
255	Pancreas_Body	83	2455	0.033808553971486764
256	Pancreas_Body	76	2455	0.03095723014256619
257	Pancreas_Body	75	2455	0.03054989816700611
258	Pancreas_Body	69	2455	0.02810590631364562
259	Pancreas_Body	86	2455	0.03503054989816701
260	Pancreas_Body	76	2455	0.03095723014256619
261	Pancreas_Body	86	2455	0.03503054989816701
262	Pancreas_Body	79	2455	0.03217922606924643
263	Pancreas_Body	88	2455	0.03584521384928717
264	Pancreas_Body	76	2455	0.03095723014256619
265	Pancreas_Body	69	2455	0.02810590631364562
266	Pancreas_Body	74	2455	0.03014256619144603
267	Pancreas_Body	78	2455	0.03177189409368635
268	Pancreas_Body	70	2455	0.028513238289205704
269	Pancreas_Body	85	2455	0.034623217922606926
270	Pancreas_Body	65	2455	0.026476578411405296
271	Pancreas_Body	92	2455	0.03747454175152749
272	Pancreas_Body	88	2455	0.03584521384928717
273	Pancreas_Body	91	2455	0.03706720977596741
274	Pancreas_Body	78	2455	0.03177189409368635
275	Pancreas_Body	81	2455	0.0329938900203666
276	Pancreas_Body	75	2455	0.03054989816700611
277	Pancreas_Body	80	2455	0.032586558044806514
278	Pancreas_Body	86	2455	0.03503054989816701
279	Pancreas_Body	82	2455	0.03340122199592668
280	Pancreas_Body	77	2455	0.03136456211812627
281	Pancreas_Body	83	2455	0.033808553971486764
282	Pancreas_Body	67	2455	0.027291242362525458
283	Pancreas_Body	105	2455	0.04276985743380855
284	Pancreas_Body	85	2455	0.034623217922606926
285	Pancreas_Body	82	2455	0.03340122199592668
286	Pancreas_Body	75	2455	0.03054989816700611
287	Pancreas_Body	86	2455	0.03503054989816701
288	Pancreas_Body	83	2455	0.033808553971486764
289	Pancreas_Body	79	2455	0.03217922606924643
290	Pancreas_Body	82	2455	0.03340122199592668
291	Pancreas_Body	76	2455	0.03095723014256619
292	Pancreas_Body	78	2455	0.03177189409368635
293	Pancreas_Body	72	2455	0.029327902240325866
294	Pancreas_Body	92	2455	0.03747454175152749
295	Pancreas_Body	76	2455	0.03095723014256619
296	Pancreas_Body	80	2455	0.032586558044806514
297	Pancreas_Body	87	2455	0.03543788187372709
298	Pancreas_Body	75	2455	0.03054989816700611
299	Pancreas_Body	87	2455	0.03543788187372709
300	Pancreas_Body	81	2455	0.0329938900203666
301	Pancreas_Body	73	2455	0.029735234215885947
302	Pancreas_Body	66	2455	0.026883910386965377
303	Pancreas_Body	75	2455	0.03054989816700611
304	Pancreas_Body	89	2455	0.03625254582484725
305	Pancreas_Body	76	2455	0.03095723014256619
306	Pancreas_Body	81	2455	0.0329938900203666
307	Pancreas_Body	75	2455	0.03054989816700611
308	Pancreas_Body	84	2455	0.034215885947046845
309	Pancreas_Body	75	2455	0.03054989816700611
310	Pancreas_Body	85	2455	0.034623217922606926
311	Pancreas_Body	82	2455	0.03340122199592668
312	Pancreas_Body	74	2455	0.03014256619144603
313	Pancreas_Body	97	2455	0.039511201629327905
314	Pancreas_Body	70	2455	0.028513238289205704
315	Pancreas_Body	71	2455	0.028920570264765785
316	Pancreas_Body	71	2455	0.028920570264765785
317	Pancreas_Body	82	2455	0.03340122199592668
318	Pancreas_Body	84	2455	0.034215885947046845
319	Pancreas_Body	92	2455	0.03747454175152749
320	Pancreas_Body	74	2455	0.03014256619144603
321	Pancreas_Body	87	2455	0.03543788187372709
322	Pancreas_Body	72	2455	0.029327902240325866
323	Pancreas_Body	86	2455	0.03503054989816701
324	Pancreas_Body	91	2455	0.03706720977596741
325	Pancreas_Body	107	2455	0.043584521384928715
326	Pancreas_Body	67	2455	0.027291242362525458
327	Pancreas_Body	72	2455	0.029327902240325866
328	Pancreas_Body	86	2455	0.03503054989816701
329	Pancreas_Body	81	2455	0.0329938900203666
330	Pancreas_Body	83	2455	0.033808553971486764
331	Pancreas_Body	74	2455	0.03014256619144603
332	Pancreas_Body	90	2455	0.03665987780040733
333	Pancreas_Body	78	2455	0.03177189409368635
334	Pancreas_Body	71	2455	0.028920570264765785
335	Pancreas_Body	75	2455	0.03054989816700611
336	Pancreas_Body	90	2455	0.03665987780040733
337	Pancreas_Body	69	2455	0.02810590631364562
338	Pancreas_Body	82	2455	0.03340122199592668
339	Pancreas_Body	84	2455	0.034215885947046845
340	Pancreas_Body	66	2455	0.026883910386965377
341	Pancreas_Body	78	2455	0.03177189409368635
342	Pancreas_Body	86	2455	0.03503054989816701
343	Pancreas_Body	79	2455	0.03217922606924643
344	Pancreas_Body	82	2455	0.03340122199592668
345	Pancreas_Body	88	2455	0.03584521384928717
346	Pancreas_Body	75	2455	0.03054989816700611
347	Pancreas_Body	83	2455	0.033808553971486764
348	Pancreas_Body	85	2455	0.034623217922606926
349	Pancreas_Body	85	2455	0.034623217922606926
350	Pancreas_Body	87	2455	0.03543788187372709
351	Pancreas_Body	86	2455	0.03503054989816701
352	Pancreas_Body	75	2455	0.03054989816700611
353	Pancreas_Body	80	2455	0.032586558044806514
354	Pancreas_Body	75	2455	0.03054989816700611
355	Pancreas_Body	68	2455	0.02769857433808554
356	Pancreas_Body	76	2455	0.03095723014256619
357	Pancreas_Body	86	2455	0.03503054989816701
358	Pancreas_Body	80	2455	0.032586558044806514
359	Pancreas_Body	79	2455	0.03217922606924643
360	Pancreas_Body	91	2455	0.03706720977596741
361	Pancreas_Body	82	2455	0.03340122199592668
362	Pancreas_Body	64	2455	0.026069246435845215
363	Pancreas_Body	80	2455	0.032586558044806514
364	Pancreas_Body	88	2455	0.03584521384928717
365	Pancreas_Body	88	2455	0.03584521384928717
366	Pancreas_Body	90	2455	0.03665987780040733
367	Pancreas_Body	88	2455	0.03584521384928717
368	Pancreas_Body	88	2455	0.03584521384928717
369	Pancreas_Body	80	2455	0.032586558044806514
370	Pancreas_Body	89	2455	0.03625254582484725
371	Pancreas_Body	92	2455	0.03747454175152749
372	Pancreas_Body	84	2455	0.034215885947046845
373	Pancreas_Body	92	2455	0.03747454175152749
374	Pancreas_Body	83	2455	0.033808553971486764
375	Pancreas_Body	96	2455	0.039103869653767824
376	Pancreas_Body	80	2455	0.032586558044806514
377	Pancreas_Body	95	2455	0.038696537678207736
378	Pancreas_Body	83	2455	0.033808553971486764
379	Pancreas_Body	72	2455	0.029327902240325866
380	Pancreas_Body	78	2455	0.03177189409368635
381	Pancreas_Body	99	2455	0.04032586558044807
382	Pancreas_Body	91	2455	0.03706720977596741
383	Pancreas_Body	86	2455	0.03503054989816701
384	Pancreas_Body	82	2455	0.03340122199592668
385	Pancreas_Body	87	2455	0.03543788187372709
386	Pancreas_Body	91	2455	0.03706720977596741
387	Pancreas_Body	84	2455	0.034215885947046845
388	Pancreas_Body	84	2455	0.034215885947046845
389	Pancreas_Body	76	2455	0.03095723014256619
390	Pancreas_Body	67	2455	0.027291242362525458
391	Pancreas_Body	82	2455	0.03340122199592668
392	Pancreas_Body	81	2455	0.0329938900203666
393	Pancreas_Body	82	2455	0.03340122199592668
394	Pancreas_Body	66	2455	0.026883910386965377
395	Pancreas_Body	89	2455	0.03625254582484725
396	Pancreas_Body	78	2455	0.03177189409368635
397	Pancreas_Body	82	2455	0.03340122199592668
398	Pancreas_Body	76	2455	0.03095723014256619
399	Pancreas_Body	78	2455	0.03177189409368635
400	Pancreas_Body	84	2455	0.034215885947046845
401	Pancreas_Body	91	2455	0.03706720977596741
402	Pancreas_Body	87	2455	0.03543788187372709
403	Pancreas_Body	76	2455	0.03095723014256619
404	Pancreas_Body	75	2455	0.03054989816700611
405	Pancreas_Body	75	2455	0.03054989816700611
406	Pancreas_Body	77	2455	0.03136456211812627
407	Pancreas_Body	94	2455	0.038289205702647655
408	Pancreas_Body	85	2455	0.034623217922606926
409	Pancreas_Body	80	2455	0.032586558044806514
410	Pancreas_Body	87	2455	0.03543788187372709
411	Pancreas_Body	74	2455	0.03014256619144603
412	Pancreas_Body	80	2455	0.032586558044806514
413	Pancreas_Body	77	2455	0.03136456211812627
414	Pancreas_Body	84	2455	0.034215885947046845
415	Pancreas_Body	80	2455	0.032586558044806514
416	Pancreas_Body	67	2455	0.027291242362525458
417	Pancreas_Body	87	2455	0.03543788187372709
418	Pancreas_Body	79	2455	0.03217922606924643
419	Pancreas_Body	80	2455	0.032586558044806514
420	Pancreas_Body	88	2455	0.03584521384928717
421	Pancreas_Body	79	2455	0.03217922606924643
422	Pancreas_Body	87	2455	0.03543788187372709
423	Pancreas_Body	77	2455	0.03136456211812627
424	Pancreas_Body	72	2455	0.029327902240325866
425	Pancreas_Body	70	2455	0.028513238289205704
426	Pancreas_Body	76	2455	0.03095723014256619
427	Pancreas_Body	78	2455	0.03177189409368635
428	Pancreas_Body	95	2455	0.038696537678207736
429	Pancreas_Body	76	2455	0.03095723014256619
430	Pancreas_Body	79	2455	0.03217922606924643
431	Pancreas_Body	93	2455	0.037881873727087574
432	Pancreas_Body	73	2455	0.029735234215885947
433	Pancreas_Body	97	2455	0.039511201629327905
434	Pancreas_Body	75	2455	0.03054989816700611
435	Pancreas_Body	69	2455	0.02810590631364562
436	Pancreas_Body	79	2455	0.03217922606924643
437	Pancreas_Body	88	2455	0.03584521384928717
438	Pancreas_Body	83	2455	0.033808553971486764
439	Pancreas_Body	88	2455	0.03584521384928717
440	Pancreas_Body	82	2455	0.03340122199592668
441	Pancreas_Body	69	2455	0.02810590631364562
442	Pancreas_Body	73	2455	0.029735234215885947
443	Pancreas_Body	86	2455	0.03503054989816701
444	Pancreas_Body	97	2455	0.039511201629327905
445	Pancreas_Body	81	2455	0.0329938900203666
446	Pancreas_Body	83	2455	0.033808553971486764
447	Pancreas_Body	86	2455	0.03503054989816701
448	Pancreas_Body	98	2455	0.039918533604887986
449	Pancreas_Body	68	2455	0.02769857433808554
450	Pancreas_Body	84	2455	0.034215885947046845
451	Pancreas_Body	72	2455	0.029327902240325866
452	Pancreas_Body	73	2455	0.029735234215885947
453	Pancreas_Body	77	2455	0.03136456211812627
454	Pancreas_Body	83	2455	0.033808553971486764
455	Pancreas_Body	75	2455	0.03054989816700611
456	Pancreas_Body	99	2455	0.04032586558044807
457	Pancreas_Body	80	2455	0.032586558044806514
458	Pancreas_Body	94	2455	0.038289205702647655
459	Pancreas_Body	74	2455	0.03014256619144603
460	Pancreas_Body	81	2455	0.0329938900203666
461	Pancreas_Body	84	2455	0.034215885947046845
462	Pancreas_Body	99	2455	0.04032586558044807
463	Pancreas_Body	86	2455	0.03503054989816701
464	Pancreas_Body	99	2455	0.04032586558044807
465	Pancreas_Body	83	2455	0.033808553971486764
466	Pancreas_Body	97	2455	0.039511201629327905
467	Pancreas_Body	74	2455	0.03014256619144603
468	Pancreas_Body	92	2455	0.03747454175152749
469	Pancreas_Body	108	2455	0.043991853360488796
470	Pancreas_Body	78	2455	0.03177189409368635
471	Pancreas_Body	77	2455	0.03136456211812627
472	Pancreas_Body	98	2455	0.039918533604887986
473	Pancreas_Body	81	2455	0.0329938900203666
474	Pancreas_Body	87	2455	0.03543788187372709
475	Pancreas_Body	91	2455	0.03706720977596741
476	Pancreas_Body	86	2455	0.03503054989816701
477	Pancreas_Body	89	2455	0.03625254582484725
478	Pancreas_Body	81	2455	0.0329938900203666
479	Pancreas_Body	72	2455	0.029327902240325866
480	Pancreas_Body	88	2455	0.03584521384928717
481	Pancreas_Body	89	2455	0.03625254582484725
482	Pancreas_Body	88	2455	0.03584521384928717
483	Pancreas_Body	91	2455	0.03706720977596741
484	Pancreas_Body	84	2455	0.034215885947046845
485	Pancreas_Body	86	2455	0.03503054989816701
486	Pancreas_Body	84	2455	0.034215885947046845
487	Pancreas_Body	75	2455	0.03054989816700611
488	Pancreas_Body	82	2455	0.03340122199592668
489	Pancreas_Body	88	2455	0.03584521384928717
490	Pancreas_Body	73	2455	0.029735234215885947
491	Pancreas_Body	87	2455	0.03543788187372709
492	Pancreas_Body	70	2455	0.028513238289205704
493	Pancreas_Body	80	2455	0.032586558044806514
494	Pancreas_Body	89	2455	0.03625254582484725
495	Pancreas_Body	90	2455	0.03665987780040733
496	Pancreas_Body	98	2455	0.039918533604887986
497	Pancreas_Body	86	2455	0.03503054989816701
498	Pancreas_Body	84	2455	0.034215885947046845
499	Pancreas_Body	81	2455	0.0329938900203666
500	Pancreas_Body	84	2455	0.034215885947046845
501	Pancreas_Body	88	2455	0.03584521384928717
502	Pancreas_Body	89	2455	0.03625254582484725
503	Pancreas_Body	83	2455	0.033808553971486764
504	Pancreas_Body	79	2455	0.03217922606924643
505	Pancreas_Body	87	2455	0.03543788187372709
506	Pancreas_Body	73	2455	0.029735234215885947
507	Pancreas_Body	88	2455	0.03584521384928717
508	Pancreas_Body	90	2455	0.03665987780040733
509	Pancreas_Body	88	2455	0.03584521384928717
510	Pancreas_Body	84	2455	0.034215885947046845
511	Pancreas_Body	76	2455	0.03095723014256619
512	Pancreas_Body	87	2455	0.03543788187372709
513	Pancreas_Body	85	2455	0.034623217922606926
514	Pancreas_Body	73	2455	0.029735234215885947
515	Pancreas_Body	74	2455	0.03014256619144603
516	Pancreas_Body	91	2455	0.03706720977596741
517	Pancreas_Body	88	2455	0.03584521384928717
518	Pancreas_Body	92	2455	0.03747454175152749
519	Pancreas_Body	103	2455	0.04195519348268839
520	Pancreas_Body	81	2455	0.0329938900203666
521	Pancreas_Body	81	2455	0.0329938900203666
522	Pancreas_Body	98	2455	0.039918533604887986
523	Pancreas_Body	64	2455	0.026069246435845215
524	Pancreas_Body	72	2455	0.029327902240325866
525	Pancreas_Body	90	2455	0.03665987780040733
526	Pancreas_Body	87	2455	0.03543788187372709
527	Pancreas_Body	89	2455	0.03625254582484725
528	Pancreas_Body	89	2455	0.03625254582484725
529	Pancreas_Body	84	2455	0.034215885947046845
530	Pancreas_Body	89	2455	0.03625254582484725
531	Pancreas_Body	77	2455	0.03136456211812627
532	Pancreas_Body	91	2455	0.03706720977596741
533	Pancreas_Body	83	2455	0.033808553971486764
534	Pancreas_Body	108	2455	0.043991853360488796
535	Pancreas_Body	90	2455	0.03665987780040733
536	Pancreas_Body	77	2455	0.03136456211812627
537	Pancreas_Body	87	2455	0.03543788187372709
538	Pancreas_Body	77	2455	0.03136456211812627
539	Pancreas_Body	78	2455	0.03177189409368635
540	Pancreas_Body	88	2455	0.03584521384928717
541	Pancreas_Body	79	2455	0.03217922606924643
542	Pancreas_Body	75	2455	0.03054989816700611
543	Pancreas_Body	79	2455	0.03217922606924643
544	Pancreas_Body	85	2455	0.034623217922606926
545	Pancreas_Body	93	2455	0.037881873727087574
546	Pancreas_Body	87	2455	0.03543788187372709
547	Pancreas_Body	81	2455	0.0329938900203666
548	Pancreas_Body	82	2455	0.03340122199592668
549	Pancreas_Body	89	2455	0.03625254582484725
550	Pancreas_Body	67	2455	0.027291242362525458
551	Pancreas_Body	74	2455	0.03014256619144603
552	Pancreas_Body	88	2455	0.03584521384928717
553	Pancreas_Body	71	2455	0.028920570264765785
554	Pancreas_Body	83	2455	0.033808553971486764
555	Pancreas_Body	80	2455	0.032586558044806514
556	Pancreas_Body	84	2455	0.034215885947046845
557	Pancreas_Body	97	2455	0.039511201629327905
558	Pancreas_Body	68	2455	0.02769857433808554
559	Pancreas_Body	78	2455	0.03177189409368635
560	Pancreas_Body	77	2455	0.03136456211812627
561	Pancreas_Body	81	2455	0.0329938900203666
562	Pancreas_Body	80	2455	0.032586558044806514
563	Pancreas_Body	80	2455	0.032586558044806514
564	Pancreas_Body	74	2455	0.03014256619144603
565	Pancreas_Body	77	2455	0.03136456211812627
566	Pancreas_Body	80	2455	0.032586558044806514
567	Pancreas_Body	80	2455	0.032586558044806514
568	Pancreas_Body	72	2455	0.029327902240325866
569	Pancreas_Body	75	2455	0.03054989816700611
570	Pancreas_Body	86	2455	0.03503054989816701
571	Pancreas_Body	87	2455	0.03543788187372709
572	Pancreas_Body	81	2455	0.0329938900203666
573	Pancreas_Body	85	2455	0.034623217922606926
574	Pancreas_Body	90	2455	0.03665987780040733
575	Pancreas_Body	94	2455	0.038289205702647655
576	Pancreas_Body	94	2455	0.038289205702647655
577	Pancreas_Body	79	2455	0.03217922606924643
578	Pancreas_Body	85	2455	0.034623217922606926
579	Pancreas_Body	73	2455	0.029735234215885947
580	Pancreas_Body	96	2455	0.039103869653767824
581	Pancreas_Body	76	2455	0.03095723014256619
582	Pancreas_Body	65	2455	0.026476578411405296
583	Pancreas_Body	84	2455	0.034215885947046845
584	Pancreas_Body	84	2455	0.034215885947046845
585	Pancreas_Body	81	2455	0.0329938900203666
586	Pancreas_Body	79	2455	0.03217922606924643
587	Pancreas_Body	87	2455	0.03543788187372709
588	Pancreas_Body	68	2455	0.02769857433808554
589	Pancreas_Body	82	2455	0.03340122199592668
590	Pancreas_Body	77	2455	0.03136456211812627
591	Pancreas_Body	84	2455	0.034215885947046845
592	Pancreas_Body	82	2455	0.03340122199592668
593	Pancreas_Body	81	2455	0.0329938900203666
594	Pancreas_Body	87	2455	0.03543788187372709
595	Pancreas_Body	82	2455	0.03340122199592668
596	Pancreas_Body	87	2455	0.03543788187372709
597	Pancreas_Body	86	2455	0.03503054989816701
598	Pancreas_Body	81	2455	0.0329938900203666
599	Pancreas_Body	74	2455	0.03014256619144603
600	Pancreas_Body	69	2455	0.02810590631364562
601	Pancreas_Body	87	2455	0.03543788187372709
602	Pancreas_Body	83	2455	0.033808553971486764
603	Pancreas_Body	72	2455	0.029327902240325866
604	Pancreas_Body	76	2455	0.03095723014256619
605	Pancreas_Body	83	2455	0.033808553971486764
606	Pancreas_Body	91	2455	0.03706720977596741
607	Pancreas_Body	64	2455	0.026069246435845215
608	Pancreas_Body	73	2455	0.029735234215885947
609	Pancreas_Body	82	2455	0.03340122199592668
610	Pancreas_Body	72	2455	0.029327902240325866
611	Pancreas_Body	79	2455	0.03217922606924643
612	Pancreas_Body	83	2455	0.033808553971486764
613	Pancreas_Body	83	2455	0.033808553971486764
614	Pancreas_Body	94	2455	0.038289205702647655
615	Pancreas_Body	76	2455	0.03095723014256619
616	Pancreas_Body	92	2455	0.03747454175152749
617	Pancreas_Body	76	2455	0.03095723014256619
618	Pancreas_Body	75	2455	0.03054989816700611
619	Pancreas_Body	75	2455	0.03054989816700611
620	Pancreas_Body	85	2455	0.034623217922606926
621	Pancreas_Body	77	2455	0.03136456211812627
622	Pancreas_Body	75	2455	0.03054989816700611
623	Pancreas_Body	78	2455	0.03177189409368635
624	Pancreas_Body	79	2455	0.03217922606924643
625	Pancreas_Body	81	2455	0.0329938900203666
626	Pancreas_Body	84	2455	0.034215885947046845
627	Pancreas_Body	85	2455	0.034623217922606926
628	Pancreas_Body	74	2455	0.03014256619144603
629	Pancreas_Body	92	2455	0.03747454175152749
630	Pancreas_Body	82	2455	0.03340122199592668
631	Pancreas_Body	89	2455	0.03625254582484725
632	Pancreas_Body	70	2455	0.028513238289205704
633	Pancreas_Body	85	2455	0.034623217922606926
634	Pancreas_Body	89	2455	0.03625254582484725
635	Pancreas_Body	74	2455	0.03014256619144603
636	Pancreas_Body	78	2455	0.03177189409368635
637	Pancreas_Body	82	2455	0.03340122199592668
638	Pancreas_Body	83	2455	0.033808553971486764
639	Pancreas_Body	92	2455	0.03747454175152749
640	Pancreas_Body	85	2455	0.034623217922606926
641	Pancreas_Body	91	2455	0.03706720977596741
642	Pancreas_Body	68	2455	0.02769857433808554
643	Pancreas_Body	89	2455	0.03625254582484725
644	Pancreas_Body	99	2455	0.04032586558044807
645	Pancreas_Body	77	2455	0.03136456211812627
646	Pancreas_Body	97	2455	0.039511201629327905
647	Pancreas_Body	78	2455	0.03177189409368635
648	Pancreas_Body	84	2455	0.034215885947046845
649	Pancreas_Body	81	2455	0.0329938900203666
650	Pancreas_Body	86	2455	0.03503054989816701
651	Pancreas_Body	81	2455	0.0329938900203666
652	Pancreas_Body	78	2455	0.03177189409368635
653	Pancreas_Body	69	2455	0.02810590631364562
654	Pancreas_Body	70	2455	0.028513238289205704
655	Pancreas_Body	80	2455	0.032586558044806514
656	Pancreas_Body	81	2455	0.0329938900203666
657	Pancreas_Body	71	2455	0.028920570264765785
658	Pancreas_Body	75	2455	0.03054989816700611
659	Pancreas_Body	98	2455	0.039918533604887986
660	Pancreas_Body	81	2455	0.0329938900203666
661	Pancreas_Body	84	2455	0.034215885947046845
662	Pancreas_Body	78	2455	0.03177189409368635
663	Pancreas_Body	70	2455	0.028513238289205704
664	Pancreas_Body	79	2455	0.03217922606924643
665	Pancreas_Body	84	2455	0.034215885947046845
666	Pancreas_Body	70	2455	0.028513238289205704
667	Pancreas_Body	90	2455	0.03665987780040733
668	Pancreas_Body	81	2455	0.0329938900203666
669	Pancreas_Body	63	2455	0.025661914460285134
670	Pancreas_Body	87	2455	0.03543788187372709
671	Pancreas_Body	89	2455	0.03625254582484725
672	Pancreas_Body	73	2455	0.029735234215885947
673	Pancreas_Body	89	2455	0.03625254582484725
674	Pancreas_Body	80	2455	0.032586558044806514
675	Pancreas_Body	80	2455	0.032586558044806514
676	Pancreas_Body	99	2455	0.04032586558044807
677	Pancreas_Body	85	2455	0.034623217922606926
678	Pancreas_Body	93	2455	0.037881873727087574
679	Pancreas_Body	77	2455	0.03136456211812627
680	Pancreas_Body	83	2455	0.033808553971486764
681	Pancreas_Body	81	2455	0.0329938900203666
682	Pancreas_Body	54	2455	0.021995926680244398
683	Pancreas_Body	77	2455	0.03136456211812627
684	Pancreas_Body	69	2455	0.02810590631364562
685	Pancreas_Body	94	2455	0.038289205702647655
686	Pancreas_Body	77	2455	0.03136456211812627
687	Pancreas_Body	83	2455	0.033808553971486764
688	Pancreas_Body	96	2455	0.039103869653767824
689	Pancreas_Body	86	2455	0.03503054989816701
690	Pancreas_Body	70	2455	0.028513238289205704
691	Pancreas_Body	81	2455	0.0329938900203666
692	Pancreas_Body	84	2455	0.034215885947046845
693	Pancreas_Body	99	2455	0.04032586558044807
694	Pancreas_Body	73	2455	0.029735234215885947
695	Pancreas_Body	96	2455	0.039103869653767824
696	Pancreas_Body	92	2455	0.03747454175152749
697	Pancreas_Body	85	2455	0.034623217922606926
698	Pancreas_Body	72	2455	0.029327902240325866
699	Pancreas_Body	91	2455	0.03706720977596741
700	Pancreas_Body	75	2455	0.03054989816700611
701	Pancreas_Body	73	2455	0.029735234215885947
702	Pancreas_Body	91	2455	0.03706720977596741
703	Pancreas_Body	87	2455	0.03543788187372709
704	Pancreas_Body	83	2455	0.033808553971486764
705	Pancreas_Body	86	2455	0.03503054989816701
706	Pancreas_Body	68	2455	0.02769857433808554
707	Pancreas_Body	82	2455	0.03340122199592668
708	Pancreas_Body	78	2455	0.03177189409368635
709	Pancreas_Body	78	2455	0.03177189409368635
710	Pancreas_Body	86	2455	0.03503054989816701
711	Pancreas_Body	90	2455	0.03665987780040733
712	Pancreas_Body	80	2455	0.032586558044806514
713	Pancreas_Body	94	2455	0.038289205702647655
714	Pancreas_Body	93	2455	0.037881873727087574
715	Pancreas_Body	81	2455	0.0329938900203666
716	Pancreas_Body	93	2455	0.037881873727087574
717	Pancreas_Body	92	2455	0.03747454175152749
718	Pancreas_Body	57	2455	0.023217922606924644
719	Pancreas_Body	78	2455	0.03177189409368635
720	Pancreas_Body	89	2455	0.03625254582484725
721	Pancreas_Body	82	2455	0.03340122199592668
722	Pancreas_Body	87	2455	0.03543788187372709
723	Pancreas_Body	84	2455	0.034215885947046845
724	Pancreas_Body	72	2455	0.029327902240325866
725	Pancreas_Body	89	2455	0.03625254582484725
726	Pancreas_Body	92	2455	0.03747454175152749
727	Pancreas_Body	96	2455	0.039103869653767824
728	Pancreas_Body	77	2455	0.03136456211812627
729	Pancreas_Body	78	2455	0.03177189409368635
730	Pancreas_Body	77	2455	0.03136456211812627
731	Pancreas_Body	86	2455	0.03503054989816701
732	Pancreas_Body	81	2455	0.0329938900203666
733	Pancreas_Body	77	2455	0.03136456211812627
734	Pancreas_Body	81	2455	0.0329938900203666
735	Pancreas_Body	95	2455	0.038696537678207736
736	Pancreas_Body	81	2455	0.0329938900203666
737	Pancreas_Body	69	2455	0.02810590631364562
738	Pancreas_Body	84	2455	0.034215885947046845
739	Pancreas_Body	83	2455	0.033808553971486764
740	Pancreas_Body	79	2455	0.03217922606924643
741	Pancreas_Body	77	2455	0.03136456211812627
742	Pancreas_Body	85	2455	0.034623217922606926
743	Pancreas_Body	77	2455	0.03136456211812627
744	Pancreas_Body	88	2455	0.03584521384928717
745	Pancreas_Body	78	2455	0.03177189409368635
746	Pancreas_Body	86	2455	0.03503054989816701
747	Pancreas_Body	77	2455	0.03136456211812627
748	Pancreas_Body	93	2455	0.037881873727087574
749	Pancreas_Body	87	2455	0.03543788187372709
750	Pancreas_Body	80	2455	0.032586558044806514
751	Pancreas_Body	84	2455	0.034215885947046845
752	Pancreas_Body	92	2455	0.03747454175152749
753	Pancreas_Body	82	2455	0.03340122199592668
754	Pancreas_Body	75	2455	0.03054989816700611
755	Pancreas_Body	77	2455	0.03136456211812627
756	Pancreas_Body	77	2455	0.03136456211812627
757	Pancreas_Body	75	2455	0.03054989816700611
758	Pancreas_Body	83	2455	0.033808553971486764
759	Pancreas_Body	88	2455	0.03584521384928717
760	Pancreas_Body	85	2455	0.034623217922606926
761	Pancreas_Body	97	2455	0.039511201629327905
762	Pancreas_Body	96	2455	0.039103869653767824
763	Pancreas_Body	96	2455	0.039103869653767824
764	Pancreas_Body	92	2455	0.03747454175152749
765	Pancreas_Body	86	2455	0.03503054989816701
766	Pancreas_Body	83	2455	0.033808553971486764
767	Pancreas_Body	69	2455	0.02810590631364562
768	Pancreas_Body	79	2455	0.03217922606924643
769	Pancreas_Body	92	2455	0.03747454175152749
770	Pancreas_Body	82	2455	0.03340122199592668
771	Pancreas_Body	84	2455	0.034215885947046845
772	Pancreas_Body	84	2455	0.034215885947046845
773	Pancreas_Body	88	2455	0.03584521384928717
774	Pancreas_Body	76	2455	0.03095723014256619
775	Pancreas_Body	74	2455	0.03014256619144603
776	Pancreas_Body	77	2455	0.03136456211812627
777	Pancreas_Body	100	2455	0.04073319755600815
778	Pancreas_Body	77	2455	0.03136456211812627
779	Pancreas_Body	82	2455	0.03340122199592668
780	Pancreas_Body	80	2455	0.032586558044806514
781	Pancreas_Body	79	2455	0.03217922606924643
782	Pancreas_Body	76	2455	0.03095723014256619
783	Pancreas_Body	79	2455	0.03217922606924643
784	Pancreas_Body	93	2455	0.037881873727087574
785	Pancreas_Body	80	2455	0.032586558044806514
786	Pancreas_Body	83	2455	0.033808553971486764
787	Pancreas_Body	84	2455	0.034215885947046845
788	Pancreas_Body	75	2455	0.03054989816700611
789	Pancreas_Body	81	2455	0.0329938900203666
790	Pancreas_Body	84	2455	0.034215885947046845
791	Pancreas_Body	81	2455	0.0329938900203666
792	Pancreas_Body	74	2455	0.03014256619144603
793	Pancreas_Body	73	2455	0.029735234215885947
794	Pancreas_Body	88	2455	0.03584521384928717
795	Pancreas_Body	90	2455	0.03665987780040733
796	Pancreas_Body	79	2455	0.03217922606924643
797	Pancreas_Body	81	2455	0.0329938900203666
798	Pancreas_Body	88	2455	0.03584521384928717
799	Pancreas_Body	80	2455	0.032586558044806514
800	Pancreas_Body	82	2455	0.03340122199592668
801	Pancreas_Body	68	2455	0.02769857433808554
802	Pancreas_Body	81	2455	0.0329938900203666
803	Pancreas_Body	71	2455	0.028920570264765785
804	Pancreas_Body	87	2455	0.03543788187372709
805	Pancreas_Body	73	2455	0.029735234215885947
806	Pancreas_Body	96	2455	0.039103869653767824
807	Pancreas_Body	79	2455	0.03217922606924643
808	Pancreas_Body	64	2455	0.026069246435845215
809	Pancreas_Body	87	2455	0.03543788187372709
810	Pancreas_Body	88	2455	0.03584521384928717
811	Pancreas_Body	89	2455	0.03625254582484725
812	Pancreas_Body	80	2455	0.032586558044806514
813	Pancreas_Body	78	2455	0.03177189409368635
814	Pancreas_Body	76	2455	0.03095723014256619
815	Pancreas_Body	68	2455	0.02769857433808554
816	Pancreas_Body	75	2455	0.03054989816700611
817	Pancreas_Body	60	2455	0.024439918533604887
818	Pancreas_Body	84	2455	0.034215885947046845
819	Pancreas_Body	85	2455	0.034623217922606926
820	Pancreas_Body	79	2455	0.03217922606924643
821	Pancreas_Body	78	2455	0.03177189409368635
822	Pancreas_Body	71	2455	0.028920570264765785
823	Pancreas_Body	70	2455	0.028513238289205704
824	Pancreas_Body	79	2455	0.03217922606924643
825	Pancreas_Body	76	2455	0.03095723014256619
826	Pancreas_Body	66	2455	0.026883910386965377
827	Pancreas_Body	87	2455	0.03543788187372709
828	Pancreas_Body	70	2455	0.028513238289205704
829	Pancreas_Body	88	2455	0.03584521384928717
830	Pancreas_Body	81	2455	0.0329938900203666
831	Pancreas_Body	76	2455	0.03095723014256619
832	Pancreas_Body	79	2455	0.03217922606924643
833	Pancreas_Body	93	2455	0.037881873727087574
834	Pancreas_Body	80	2455	0.032586558044806514
835	Pancreas_Body	71	2455	0.028920570264765785
836	Pancreas_Body	78	2455	0.03177189409368635
837	Pancreas_Body	86	2455	0.03503054989816701
838	Pancreas_Body	87	2455	0.03543788187372709
839	Pancreas_Body	84	2455	0.034215885947046845
840	Pancreas_Body	85	2455	0.034623217922606926
841	Pancreas_Body	74	2455	0.03014256619144603
842	Pancreas_Body	96	2455	0.039103869653767824
843	Pancreas_Body	78	2455	0.03177189409368635
844	Pancreas_Body	72	2455	0.029327902240325866
845	Pancreas_Body	86	2455	0.03503054989816701
846	Pancreas_Body	89	2455	0.03625254582484725
847	Pancreas_Body	74	2455	0.03014256619144603
848	Pancreas_Body	86	2455	0.03503054989816701
849	Pancreas_Body	87	2455	0.03543788187372709
850	Pancreas_Body	92	2455	0.03747454175152749
851	Pancreas_Body	98	2455	0.039918533604887986
852	Pancreas_Body	75	2455	0.03054989816700611
853	Pancreas_Body	84	2455	0.034215885947046845
854	Pancreas_Body	78	2455	0.03177189409368635
855	Pancreas_Body	85	2455	0.034623217922606926
856	Pancreas_Body	87	2455	0.03543788187372709
857	Pancreas_Body	70	2455	0.028513238289205704
858	Pancreas_Body	72	2455	0.029327902240325866
859	Pancreas_Body	77	2455	0.03136456211812627
860	Pancreas_Body	85	2455	0.034623217922606926
861	Pancreas_Body	74	2455	0.03014256619144603
862	Pancreas_Body	75	2455	0.03054989816700611
863	Pancreas_Body	77	2455	0.03136456211812627
864	Pancreas_Body	90	2455	0.03665987780040733
865	Pancreas_Body	81	2455	0.0329938900203666
866	Pancreas_Body	76	2455	0.03095723014256619
867	Pancreas_Body	85	2455	0.034623217922606926
868	Pancreas_Body	80	2455	0.032586558044806514
869	Pancreas_Body	83	2455	0.033808553971486764
870	Pancreas_Body	81	2455	0.0329938900203666
871	Pancreas_Body	96	2455	0.039103869653767824
872	Pancreas_Body	80	2455	0.032586558044806514
873	Pancreas_Body	86	2455	0.03503054989816701
874	Pancreas_Body	88	2455	0.03584521384928717
875	Pancreas_Body	74	2455	0.03014256619144603
876	Pancreas_Body	86	2455	0.03503054989816701
877	Pancreas_Body	79	2455	0.03217922606924643
878	Pancreas_Body	73	2455	0.029735234215885947
879	Pancreas_Body	73	2455	0.029735234215885947
880	Pancreas_Body	87	2455	0.03543788187372709
881	Pancreas_Body	79	2455	0.03217922606924643
882	Pancreas_Body	83	2455	0.033808553971486764
883	Pancreas_Body	75	2455	0.03054989816700611
884	Pancreas_Body	81	2455	0.0329938900203666
885	Pancreas_Body	81	2455	0.0329938900203666
886	Pancreas_Body	99	2455	0.04032586558044807
887	Pancreas_Body	89	2455	0.03625254582484725
888	Pancreas_Body	76	2455	0.03095723014256619
889	Pancreas_Body	78	2455	0.03177189409368635
890	Pancreas_Body	71	2455	0.028920570264765785
891	Pancreas_Body	93	2455	0.037881873727087574
892	Pancreas_Body	88	2455	0.03584521384928717
893	Pancreas_Body	82	2455	0.03340122199592668
894	Pancreas_Body	91	2455	0.03706720977596741
895	Pancreas_Body	75	2455	0.03054989816700611
896	Pancreas_Body	74	2455	0.03014256619144603
897	Pancreas_Body	90	2455	0.03665987780040733
898	Pancreas_Body	82	2455	0.03340122199592668
899	Pancreas_Body	75	2455	0.03054989816700611
900	Pancreas_Body	80	2455	0.032586558044806514
901	Pancreas_Body	104	2455	0.04236252545824847
902	Pancreas_Body	66	2455	0.026883910386965377
903	Pancreas_Body	74	2455	0.03014256619144603
904	Pancreas_Body	79	2455	0.03217922606924643
905	Pancreas_Body	70	2455	0.028513238289205704
906	Pancreas_Body	76	2455	0.03095723014256619
907	Pancreas_Body	66	2455	0.026883910386965377
908	Pancreas_Body	90	2455	0.03665987780040733
909	Pancreas_Body	95	2455	0.038696537678207736
910	Pancreas_Body	84	2455	0.034215885947046845
911	Pancreas_Body	74	2455	0.03014256619144603
912	Pancreas_Body	78	2455	0.03177189409368635
913	Pancreas_Body	81	2455	0.0329938900203666
914	Pancreas_Body	92	2455	0.03747454175152749
915	Pancreas_Body	70	2455	0.028513238289205704
916	Pancreas_Body	87	2455	0.03543788187372709
917	Pancreas_Body	80	2455	0.032586558044806514
918	Pancreas_Body	90	2455	0.03665987780040733
919	Pancreas_Body	73	2455	0.029735234215885947
920	Pancreas_Body	86	2455	0.03503054989816701
921	Pancreas_Body	88	2455	0.03584521384928717
922	Pancreas_Body	82	2455	0.03340122199592668
923	Pancreas_Body	97	2455	0.039511201629327905
924	Pancreas_Body	76	2455	0.03095723014256619
925	Pancreas_Body	78	2455	0.03177189409368635
926	Pancreas_Body	86	2455	0.03503054989816701
927	Pancreas_Body	65	2455	0.026476578411405296
928	Pancreas_Body	89	2455	0.03625254582484725
929	Pancreas_Body	83	2455	0.033808553971486764
930	Pancreas_Body	82	2455	0.03340122199592668
931	Pancreas_Body	83	2455	0.033808553971486764
932	Pancreas_Body	91	2455	0.03706720977596741
933	Pancreas_Body	73	2455	0.029735234215885947
934	Pancreas_Body	85	2455	0.034623217922606926
935	Pancreas_Body	91	2455	0.03706720977596741
936	Pancreas_Body	78	2455	0.03177189409368635
937	Pancreas_Body	81	2455	0.0329938900203666
938	Pancreas_Body	87	2455	0.03543788187372709
939	Pancreas_Body	91	2455	0.03706720977596741
940	Pancreas_Body	89	2455	0.03625254582484725
941	Pancreas_Body	69	2455	0.02810590631364562
942	Pancreas_Body	70	2455	0.028513238289205704
943	Pancreas_Body	80	2455	0.032586558044806514
944	Pancreas_Body	71	2455	0.028920570264765785
945	Pancreas_Body	91	2455	0.03706720977596741
946	Pancreas_Body	69	2455	0.02810590631364562
947	Pancreas_Body	79	2455	0.03217922606924643
948	Pancreas_Body	70	2455	0.028513238289205704
949	Pancreas_Body	108	2455	0.043991853360488796
950	Pancreas_Body	79	2455	0.03217922606924643
951	Pancreas_Body	79	2455	0.03217922606924643
952	Pancreas_Body	66	2455	0.026883910386965377
953	Pancreas_Body	80	2455	0.032586558044806514
954	Pancreas_Body	76	2455	0.03095723014256619
955	Pancreas_Body	77	2455	0.03136456211812627
956	Pancreas_Body	85	2455	0.034623217922606926
957	Pancreas_Body	82	2455	0.03340122199592668
958	Pancreas_Body	95	2455	0.038696537678207736
959	Pancreas_Body	74	2455	0.03014256619144603
960	Pancreas_Body	73	2455	0.029735234215885947
961	Pancreas_Body	91	2455	0.03706720977596741
962	Pancreas_Body	94	2455	0.038289205702647655
963	Pancreas_Body	80	2455	0.032586558044806514
964	Pancreas_Body	86	2455	0.03503054989816701
965	Pancreas_Body	77	2455	0.03136456211812627
966	Pancreas_Body	79	2455	0.03217922606924643
967	Pancreas_Body	77	2455	0.03136456211812627
968	Pancreas_Body	84	2455	0.034215885947046845
969	Pancreas_Body	66	2455	0.026883910386965377
970	Pancreas_Body	69	2455	0.02810590631364562
971	Pancreas_Body	75	2455	0.03054989816700611
972	Pancreas_Body	108	2455	0.043991853360488796
973	Pancreas_Body	75	2455	0.03054989816700611
974	Pancreas_Body	84	2455	0.034215885947046845
975	Pancreas_Body	84	2455	0.034215885947046845
976	Pancreas_Body	80	2455	0.032586558044806514
977	Pancreas_Body	95	2455	0.038696537678207736
978	Pancreas_Body	65	2455	0.026476578411405296
979	Pancreas_Body	79	2455	0.03217922606924643
980	Pancreas_Body	81	2455	0.0329938900203666
981	Pancreas_Body	82	2455	0.03340122199592668
982	Pancreas_Body	65	2455	0.026476578411405296
983	Pancreas_Body	75	2455	0.03054989816700611
984	Pancreas_Body	74	2455	0.03014256619144603
985	Pancreas_Body	90	2455	0.03665987780040733
986	Pancreas_Body	85	2455	0.034623217922606926
987	Pancreas_Body	93	2455	0.037881873727087574
988	Pancreas_Body	79	2455	0.03217922606924643
989	Pancreas_Body	87	2455	0.03543788187372709
990	Pancreas_Body	73	2455	0.029735234215885947
991	Pancreas_Body	91	2455	0.03706720977596741
992	Pancreas_Body	96	2455	0.039103869653767824
993	Pancreas_Body	76	2455	0.03095723014256619
994	Pancreas_Body	79	2455	0.03217922606924643
995	Pancreas_Body	80	2455	0.032586558044806514
996	Pancreas_Body	73	2455	0.029735234215885947
997	Pancreas_Body	79	2455	0.03217922606924643
998	Pancreas_Body	82	2455	0.03340122199592668
999	Pancreas_Body	81	2455	0.0329938900203666
1000	Pancreas_Body	88	2455	0.03584521384928717
1	Skin	12	523	0.022944550669216062
2	Skin	8	523	0.015296367112810707
3	Skin	14	523	0.02676864244741874
4	Skin	14	523	0.02676864244741874
5	Skin	11	523	0.021032504780114723
6	Skin	10	523	0.019120458891013385
7	Skin	15	523	0.028680688336520075
8	Skin	13	523	0.0248565965583174
9	Skin	14	523	0.02676864244741874
10	Skin	7	523	0.01338432122370937
11	Skin	12	523	0.022944550669216062
12	Skin	9	523	0.017208413001912046
13	Skin	10	523	0.019120458891013385
14	Skin	10	523	0.019120458891013385
15	Skin	15	523	0.028680688336520075
16	Skin	15	523	0.028680688336520075
17	Skin	12	523	0.022944550669216062
18	Skin	11	523	0.021032504780114723
19	Skin	9	523	0.017208413001912046
20	Skin	12	523	0.022944550669216062
21	Skin	13	523	0.0248565965583174
22	Skin	11	523	0.021032504780114723
23	Skin	11	523	0.021032504780114723
24	Skin	11	523	0.021032504780114723
25	Skin	10	523	0.019120458891013385
26	Skin	13	523	0.0248565965583174
27	Skin	13	523	0.0248565965583174
28	Skin	11	523	0.021032504780114723
29	Skin	3	523	0.0057361376673040155
30	Skin	13	523	0.0248565965583174
31	Skin	10	523	0.019120458891013385
32	Skin	17	523	0.032504780114722756
33	Skin	15	523	0.028680688336520075
34	Skin	9	523	0.017208413001912046
35	Skin	8	523	0.015296367112810707
36	Skin	8	523	0.015296367112810707
37	Skin	13	523	0.0248565965583174
38	Skin	13	523	0.0248565965583174
39	Skin	13	523	0.0248565965583174
40	Skin	12	523	0.022944550669216062
41	Skin	15	523	0.028680688336520075
42	Skin	6	523	0.011472275334608031
43	Skin	10	523	0.019120458891013385
44	Skin	12	523	0.022944550669216062
45	Skin	16	523	0.030592734225621414
46	Skin	19	523	0.036328871892925434
47	Skin	11	523	0.021032504780114723
48	Skin	13	523	0.0248565965583174
49	Skin	13	523	0.0248565965583174
50	Skin	15	523	0.028680688336520075
51	Skin	17	523	0.032504780114722756
52	Skin	12	523	0.022944550669216062
53	Skin	14	523	0.02676864244741874
54	Skin	8	523	0.015296367112810707
55	Skin	10	523	0.019120458891013385
56	Skin	13	523	0.0248565965583174
57	Skin	13	523	0.0248565965583174
58	Skin	10	523	0.019120458891013385
59	Skin	10	523	0.019120458891013385
60	Skin	9	523	0.017208413001912046
61	Skin	17	523	0.032504780114722756
62	Skin	9	523	0.017208413001912046
63	Skin	10	523	0.019120458891013385
64	Skin	14	523	0.02676864244741874
65	Skin	14	523	0.02676864244741874
66	Skin	11	523	0.021032504780114723
67	Skin	15	523	0.028680688336520075
68	Skin	12	523	0.022944550669216062
69	Skin	13	523	0.0248565965583174
70	Skin	11	523	0.021032504780114723
71	Skin	14	523	0.02676864244741874
72	Skin	19	523	0.036328871892925434
73	Skin	10	523	0.019120458891013385
74	Skin	12	523	0.022944550669216062
75	Skin	9	523	0.017208413001912046
76	Skin	11	523	0.021032504780114723
77	Skin	9	523	0.017208413001912046
78	Skin	12	523	0.022944550669216062
79	Skin	8	523	0.015296367112810707
80	Skin	11	523	0.021032504780114723
81	Skin	9	523	0.017208413001912046
82	Skin	12	523	0.022944550669216062
83	Skin	13	523	0.0248565965583174
84	Skin	14	523	0.02676864244741874
85	Skin	9	523	0.017208413001912046
86	Skin	9	523	0.017208413001912046
87	Skin	10	523	0.019120458891013385
88	Skin	14	523	0.02676864244741874
89	Skin	11	523	0.021032504780114723
90	Skin	10	523	0.019120458891013385
91	Skin	15	523	0.028680688336520075
92	Skin	17	523	0.032504780114722756
93	Skin	12	523	0.022944550669216062
94	Skin	9	523	0.017208413001912046
95	Skin	14	523	0.02676864244741874
96	Skin	12	523	0.022944550669216062
97	Skin	9	523	0.017208413001912046
98	Skin	8	523	0.015296367112810707
99	Skin	9	523	0.017208413001912046
100	Skin	13	523	0.0248565965583174
101	Skin	12	523	0.022944550669216062
102	Skin	13	523	0.0248565965583174
103	Skin	15	523	0.028680688336520075
104	Skin	13	523	0.0248565965583174
105	Skin	12	523	0.022944550669216062
106	Skin	10	523	0.019120458891013385
107	Skin	20	523	0.03824091778202677
108	Skin	13	523	0.0248565965583174
109	Skin	17	523	0.032504780114722756
110	Skin	8	523	0.015296367112810707
111	Skin	14	523	0.02676864244741874
112	Skin	17	523	0.032504780114722756
113	Skin	14	523	0.02676864244741874
114	Skin	12	523	0.022944550669216062
115	Skin	13	523	0.0248565965583174
116	Skin	11	523	0.021032504780114723
117	Skin	14	523	0.02676864244741874
118	Skin	11	523	0.021032504780114723
119	Skin	9	523	0.017208413001912046
120	Skin	13	523	0.0248565965583174
121	Skin	7	523	0.01338432122370937
122	Skin	8	523	0.015296367112810707
123	Skin	14	523	0.02676864244741874
124	Skin	11	523	0.021032504780114723
125	Skin	10	523	0.019120458891013385
126	Skin	11	523	0.021032504780114723
127	Skin	13	523	0.0248565965583174
128	Skin	10	523	0.019120458891013385
129	Skin	7	523	0.01338432122370937
130	Skin	8	523	0.015296367112810707
131	Skin	8	523	0.015296367112810707
132	Skin	16	523	0.030592734225621414
133	Skin	10	523	0.019120458891013385
134	Skin	14	523	0.02676864244741874
135	Skin	16	523	0.030592734225621414
136	Skin	13	523	0.0248565965583174
137	Skin	10	523	0.019120458891013385
138	Skin	13	523	0.0248565965583174
139	Skin	17	523	0.032504780114722756
140	Skin	14	523	0.02676864244741874
141	Skin	10	523	0.019120458891013385
142	Skin	17	523	0.032504780114722756
143	Skin	11	523	0.021032504780114723
144	Skin	14	523	0.02676864244741874
145	Skin	12	523	0.022944550669216062
146	Skin	13	523	0.0248565965583174
147	Skin	10	523	0.019120458891013385
148	Skin	11	523	0.021032504780114723
149	Skin	10	523	0.019120458891013385
150	Skin	10	523	0.019120458891013385
151	Skin	13	523	0.0248565965583174
152	Skin	11	523	0.021032504780114723
153	Skin	17	523	0.032504780114722756
154	Skin	13	523	0.0248565965583174
155	Skin	8	523	0.015296367112810707
156	Skin	10	523	0.019120458891013385
157	Skin	15	523	0.028680688336520075
158	Skin	13	523	0.0248565965583174
159	Skin	11	523	0.021032504780114723
160	Skin	18	523	0.03441682600382409
161	Skin	13	523	0.0248565965583174
162	Skin	13	523	0.0248565965583174
163	Skin	15	523	0.028680688336520075
164	Skin	16	523	0.030592734225621414
165	Skin	18	523	0.03441682600382409
166	Skin	14	523	0.02676864244741874
167	Skin	13	523	0.0248565965583174
168	Skin	12	523	0.022944550669216062
169	Skin	10	523	0.019120458891013385
170	Skin	12	523	0.022944550669216062
171	Skin	14	523	0.02676864244741874
172	Skin	14	523	0.02676864244741874
173	Skin	10	523	0.019120458891013385
174	Skin	6	523	0.011472275334608031
175	Skin	9	523	0.017208413001912046
176	Skin	15	523	0.028680688336520075
177	Skin	7	523	0.01338432122370937
178	Skin	18	523	0.03441682600382409
179	Skin	9	523	0.017208413001912046
180	Skin	7	523	0.01338432122370937
181	Skin	7	523	0.01338432122370937
182	Skin	11	523	0.021032504780114723
183	Skin	6	523	0.011472275334608031
184	Skin	9	523	0.017208413001912046
185	Skin	10	523	0.019120458891013385
186	Skin	15	523	0.028680688336520075
187	Skin	10	523	0.019120458891013385
188	Skin	11	523	0.021032504780114723
189	Skin	11	523	0.021032504780114723
190	Skin	16	523	0.030592734225621414
191	Skin	18	523	0.03441682600382409
192	Skin	20	523	0.03824091778202677
193	Skin	9	523	0.017208413001912046
194	Skin	10	523	0.019120458891013385
195	Skin	12	523	0.022944550669216062
196	Skin	7	523	0.01338432122370937
197	Skin	11	523	0.021032504780114723
198	Skin	14	523	0.02676864244741874
199	Skin	8	523	0.015296367112810707
200	Skin	18	523	0.03441682600382409
201	Skin	11	523	0.021032504780114723
202	Skin	16	523	0.030592734225621414
203	Skin	10	523	0.019120458891013385
204	Skin	10	523	0.019120458891013385
205	Skin	13	523	0.0248565965583174
206	Skin	11	523	0.021032504780114723
207	Skin	9	523	0.017208413001912046
208	Skin	10	523	0.019120458891013385
209	Skin	11	523	0.021032504780114723
210	Skin	8	523	0.015296367112810707
211	Skin	8	523	0.015296367112810707
212	Skin	7	523	0.01338432122370937
213	Skin	11	523	0.021032504780114723
214	Skin	6	523	0.011472275334608031
215	Skin	15	523	0.028680688336520075
216	Skin	14	523	0.02676864244741874
217	Skin	10	523	0.019120458891013385
218	Skin	9	523	0.017208413001912046
219	Skin	11	523	0.021032504780114723
220	Skin	14	523	0.02676864244741874
221	Skin	11	523	0.021032504780114723
222	Skin	9	523	0.017208413001912046
223	Skin	7	523	0.01338432122370937
224	Skin	7	523	0.01338432122370937
225	Skin	6	523	0.011472275334608031
226	Skin	12	523	0.022944550669216062
227	Skin	9	523	0.017208413001912046
228	Skin	18	523	0.03441682600382409
229	Skin	10	523	0.019120458891013385
230	Skin	8	523	0.015296367112810707
231	Skin	14	523	0.02676864244741874
232	Skin	10	523	0.019120458891013385
233	Skin	15	523	0.028680688336520075
234	Skin	9	523	0.017208413001912046
235	Skin	11	523	0.021032504780114723
236	Skin	12	523	0.022944550669216062
237	Skin	12	523	0.022944550669216062
238	Skin	15	523	0.028680688336520075
239	Skin	12	523	0.022944550669216062
240	Skin	11	523	0.021032504780114723
241	Skin	8	523	0.015296367112810707
242	Skin	19	523	0.036328871892925434
243	Skin	9	523	0.017208413001912046
244	Skin	14	523	0.02676864244741874
245	Skin	2	523	0.0038240917782026767
246	Skin	7	523	0.01338432122370937
247	Skin	11	523	0.021032504780114723
248	Skin	13	523	0.0248565965583174
249	Skin	9	523	0.017208413001912046
250	Skin	12	523	0.022944550669216062
251	Skin	11	523	0.021032504780114723
252	Skin	15	523	0.028680688336520075
253	Skin	15	523	0.028680688336520075
254	Skin	10	523	0.019120458891013385
255	Skin	4	523	0.0076481835564053535
256	Skin	14	523	0.02676864244741874
257	Skin	11	523	0.021032504780114723
258	Skin	12	523	0.022944550669216062
259	Skin	14	523	0.02676864244741874
260	Skin	11	523	0.021032504780114723
261	Skin	14	523	0.02676864244741874
262	Skin	8	523	0.015296367112810707
263	Skin	12	523	0.022944550669216062
264	Skin	20	523	0.03824091778202677
265	Skin	15	523	0.028680688336520075
266	Skin	10	523	0.019120458891013385
267	Skin	13	523	0.0248565965583174
268	Skin	12	523	0.022944550669216062
269	Skin	11	523	0.021032504780114723
270	Skin	9	523	0.017208413001912046
271	Skin	11	523	0.021032504780114723
272	Skin	15	523	0.028680688336520075
273	Skin	14	523	0.02676864244741874
274	Skin	10	523	0.019120458891013385
275	Skin	13	523	0.0248565965583174
276	Skin	7	523	0.01338432122370937
277	Skin	13	523	0.0248565965583174
278	Skin	15	523	0.028680688336520075
279	Skin	10	523	0.019120458891013385
280	Skin	10	523	0.019120458891013385
281	Skin	8	523	0.015296367112810707
282	Skin	10	523	0.019120458891013385
283	Skin	16	523	0.030592734225621414
284	Skin	14	523	0.02676864244741874
285	Skin	16	523	0.030592734225621414
286	Skin	17	523	0.032504780114722756
287	Skin	8	523	0.015296367112810707
288	Skin	11	523	0.021032504780114723
289	Skin	13	523	0.0248565965583174
290	Skin	10	523	0.019120458891013385
291	Skin	14	523	0.02676864244741874
292	Skin	9	523	0.017208413001912046
293	Skin	8	523	0.015296367112810707
294	Skin	14	523	0.02676864244741874
295	Skin	6	523	0.011472275334608031
296	Skin	7	523	0.01338432122370937
297	Skin	15	523	0.028680688336520075
298	Skin	18	523	0.03441682600382409
299	Skin	15	523	0.028680688336520075
300	Skin	10	523	0.019120458891013385
301	Skin	16	523	0.030592734225621414
302	Skin	14	523	0.02676864244741874
303	Skin	14	523	0.02676864244741874
304	Skin	13	523	0.0248565965583174
305	Skin	10	523	0.019120458891013385
306	Skin	13	523	0.0248565965583174
307	Skin	10	523	0.019120458891013385
308	Skin	9	523	0.017208413001912046
309	Skin	12	523	0.022944550669216062
310	Skin	10	523	0.019120458891013385
311	Skin	15	523	0.028680688336520075
312	Skin	16	523	0.030592734225621414
313	Skin	14	523	0.02676864244741874
314	Skin	10	523	0.019120458891013385
315	Skin	9	523	0.017208413001912046
316	Skin	7	523	0.01338432122370937
317	Skin	11	523	0.021032504780114723
318	Skin	14	523	0.02676864244741874
319	Skin	6	523	0.011472275334608031
320	Skin	11	523	0.021032504780114723
321	Skin	13	523	0.0248565965583174
322	Skin	11	523	0.021032504780114723
323	Skin	12	523	0.022944550669216062
324	Skin	9	523	0.017208413001912046
325	Skin	14	523	0.02676864244741874
326	Skin	16	523	0.030592734225621414
327	Skin	12	523	0.022944550669216062
328	Skin	11	523	0.021032504780114723
329	Skin	9	523	0.017208413001912046
330	Skin	12	523	0.022944550669216062
331	Skin	15	523	0.028680688336520075
332	Skin	11	523	0.021032504780114723
333	Skin	8	523	0.015296367112810707
334	Skin	10	523	0.019120458891013385
335	Skin	11	523	0.021032504780114723
336	Skin	14	523	0.02676864244741874
337	Skin	9	523	0.017208413001912046
338	Skin	8	523	0.015296367112810707
339	Skin	11	523	0.021032504780114723
340	Skin	14	523	0.02676864244741874
341	Skin	12	523	0.022944550669216062
342	Skin	15	523	0.028680688336520075
343	Skin	13	523	0.0248565965583174
344	Skin	6	523	0.011472275334608031
345	Skin	17	523	0.032504780114722756
346	Skin	13	523	0.0248565965583174
347	Skin	11	523	0.021032504780114723
348	Skin	8	523	0.015296367112810707
349	Skin	12	523	0.022944550669216062
350	Skin	14	523	0.02676864244741874
351	Skin	11	523	0.021032504780114723
352	Skin	10	523	0.019120458891013385
353	Skin	13	523	0.0248565965583174
354	Skin	9	523	0.017208413001912046
355	Skin	13	523	0.0248565965583174
356	Skin	7	523	0.01338432122370937
357	Skin	14	523	0.02676864244741874
358	Skin	9	523	0.017208413001912046
359	Skin	9	523	0.017208413001912046
360	Skin	10	523	0.019120458891013385
361	Skin	12	523	0.022944550669216062
362	Skin	13	523	0.0248565965583174
363	Skin	14	523	0.02676864244741874
364	Skin	13	523	0.0248565965583174
365	Skin	15	523	0.028680688336520075
366	Skin	9	523	0.017208413001912046
367	Skin	14	523	0.02676864244741874
368	Skin	13	523	0.0248565965583174
369	Skin	14	523	0.02676864244741874
370	Skin	16	523	0.030592734225621414
371	Skin	9	523	0.017208413001912046
372	Skin	8	523	0.015296367112810707
373	Skin	11	523	0.021032504780114723
374	Skin	8	523	0.015296367112810707
375	Skin	9	523	0.017208413001912046
376	Skin	9	523	0.017208413001912046
377	Skin	13	523	0.0248565965583174
378	Skin	9	523	0.017208413001912046
379	Skin	11	523	0.021032504780114723
380	Skin	9	523	0.017208413001912046
381	Skin	12	523	0.022944550669216062
382	Skin	13	523	0.0248565965583174
383	Skin	16	523	0.030592734225621414
384	Skin	10	523	0.019120458891013385
385	Skin	10	523	0.019120458891013385
386	Skin	12	523	0.022944550669216062
387	Skin	12	523	0.022944550669216062
388	Skin	9	523	0.017208413001912046
389	Skin	10	523	0.019120458891013385
390	Skin	13	523	0.0248565965583174
391	Skin	11	523	0.021032504780114723
392	Skin	5	523	0.009560229445506692
393	Skin	15	523	0.028680688336520075
394	Skin	8	523	0.015296367112810707
395	Skin	9	523	0.017208413001912046
396	Skin	10	523	0.019120458891013385
397	Skin	11	523	0.021032504780114723
398	Skin	11	523	0.021032504780114723
399	Skin	19	523	0.036328871892925434
400	Skin	11	523	0.021032504780114723
401	Skin	13	523	0.0248565965583174
402	Skin	6	523	0.011472275334608031
403	Skin	6	523	0.011472275334608031
404	Skin	14	523	0.02676864244741874
405	Skin	7	523	0.01338432122370937
406	Skin	10	523	0.019120458891013385
407	Skin	10	523	0.019120458891013385
408	Skin	10	523	0.019120458891013385
409	Skin	10	523	0.019120458891013385
410	Skin	10	523	0.019120458891013385
411	Skin	15	523	0.028680688336520075
412	Skin	15	523	0.028680688336520075
413	Skin	14	523	0.02676864244741874
414	Skin	16	523	0.030592734225621414
415	Skin	9	523	0.017208413001912046
416	Skin	7	523	0.01338432122370937
417	Skin	16	523	0.030592734225621414
418	Skin	14	523	0.02676864244741874
419	Skin	9	523	0.017208413001912046
420	Skin	13	523	0.0248565965583174
421	Skin	11	523	0.021032504780114723
422	Skin	12	523	0.022944550669216062
423	Skin	9	523	0.017208413001912046
424	Skin	7	523	0.01338432122370937
425	Skin	8	523	0.015296367112810707
426	Skin	5	523	0.009560229445506692
427	Skin	9	523	0.017208413001912046
428	Skin	10	523	0.019120458891013385
429	Skin	4	523	0.0076481835564053535
430	Skin	9	523	0.017208413001912046
431	Skin	12	523	0.022944550669216062
432	Skin	11	523	0.021032504780114723
433	Skin	12	523	0.022944550669216062
434	Skin	10	523	0.019120458891013385
435	Skin	17	523	0.032504780114722756
436	Skin	7	523	0.01338432122370937
437	Skin	8	523	0.015296367112810707
438	Skin	18	523	0.03441682600382409
439	Skin	13	523	0.0248565965583174
440	Skin	10	523	0.019120458891013385
441	Skin	11	523	0.021032504780114723
442	Skin	12	523	0.022944550669216062
443	Skin	13	523	0.0248565965583174
444	Skin	15	523	0.028680688336520075
445	Skin	14	523	0.02676864244741874
446	Skin	7	523	0.01338432122370937
447	Skin	8	523	0.015296367112810707
448	Skin	9	523	0.017208413001912046
449	Skin	10	523	0.019120458891013385
450	Skin	18	523	0.03441682600382409
451	Skin	10	523	0.019120458891013385
452	Skin	8	523	0.015296367112810707
453	Skin	14	523	0.02676864244741874
454	Skin	12	523	0.022944550669216062
455	Skin	7	523	0.01338432122370937
456	Skin	6	523	0.011472275334608031
457	Skin	10	523	0.019120458891013385
458	Skin	10	523	0.019120458891013385
459	Skin	16	523	0.030592734225621414
460	Skin	8	523	0.015296367112810707
461	Skin	12	523	0.022944550669216062
462	Skin	7	523	0.01338432122370937
463	Skin	8	523	0.015296367112810707
464	Skin	10	523	0.019120458891013385
465	Skin	9	523	0.017208413001912046
466	Skin	5	523	0.009560229445506692
467	Skin	12	523	0.022944550669216062
468	Skin	13	523	0.0248565965583174
469	Skin	13	523	0.0248565965583174
470	Skin	15	523	0.028680688336520075
471	Skin	12	523	0.022944550669216062
472	Skin	10	523	0.019120458891013385
473	Skin	18	523	0.03441682600382409
474	Skin	9	523	0.017208413001912046
475	Skin	15	523	0.028680688336520075
476	Skin	7	523	0.01338432122370937
477	Skin	9	523	0.017208413001912046
478	Skin	16	523	0.030592734225621414
479	Skin	15	523	0.028680688336520075
480	Skin	12	523	0.022944550669216062
481	Skin	10	523	0.019120458891013385
482	Skin	10	523	0.019120458891013385
483	Skin	9	523	0.017208413001912046
484	Skin	14	523	0.02676864244741874
485	Skin	10	523	0.019120458891013385
486	Skin	7	523	0.01338432122370937
487	Skin	11	523	0.021032504780114723
488	Skin	17	523	0.032504780114722756
489	Skin	15	523	0.028680688336520075
490	Skin	8	523	0.015296367112810707
491	Skin	12	523	0.022944550669216062
492	Skin	13	523	0.0248565965583174
493	Skin	17	523	0.032504780114722756
494	Skin	7	523	0.01338432122370937
495	Skin	16	523	0.030592734225621414
496	Skin	11	523	0.021032504780114723
497	Skin	10	523	0.019120458891013385
498	Skin	11	523	0.021032504780114723
499	Skin	21	523	0.040152963671128104
500	Skin	12	523	0.022944550669216062
501	Skin	12	523	0.022944550669216062
502	Skin	11	523	0.021032504780114723
503	Skin	11	523	0.021032504780114723
504	Skin	11	523	0.021032504780114723
505	Skin	21	523	0.040152963671128104
506	Skin	15	523	0.028680688336520075
507	Skin	18	523	0.03441682600382409
508	Skin	9	523	0.017208413001912046
509	Skin	7	523	0.01338432122370937
510	Skin	14	523	0.02676864244741874
511	Skin	12	523	0.022944550669216062
512	Skin	13	523	0.0248565965583174
513	Skin	13	523	0.0248565965583174
514	Skin	16	523	0.030592734225621414
515	Skin	11	523	0.021032504780114723
516	Skin	10	523	0.019120458891013385
517	Skin	12	523	0.022944550669216062
518	Skin	13	523	0.0248565965583174
519	Skin	15	523	0.028680688336520075
520	Skin	7	523	0.01338432122370937
521	Skin	10	523	0.019120458891013385
522	Skin	11	523	0.021032504780114723
523	Skin	8	523	0.015296367112810707
524	Skin	11	523	0.021032504780114723
525	Skin	9	523	0.017208413001912046
526	Skin	9	523	0.017208413001912046
527	Skin	16	523	0.030592734225621414
528	Skin	7	523	0.01338432122370937
529	Skin	9	523	0.017208413001912046
530	Skin	8	523	0.015296367112810707
531	Skin	9	523	0.017208413001912046
532	Skin	8	523	0.015296367112810707
533	Skin	16	523	0.030592734225621414
534	Skin	12	523	0.022944550669216062
535	Skin	9	523	0.017208413001912046
536	Skin	15	523	0.028680688336520075
537	Skin	6	523	0.011472275334608031
538	Skin	13	523	0.0248565965583174
539	Skin	8	523	0.015296367112810707
540	Skin	14	523	0.02676864244741874
541	Skin	11	523	0.021032504780114723
542	Skin	12	523	0.022944550669216062
543	Skin	12	523	0.022944550669216062
544	Skin	16	523	0.030592734225621414
545	Skin	7	523	0.01338432122370937
546	Skin	9	523	0.017208413001912046
547	Skin	9	523	0.017208413001912046
548	Skin	11	523	0.021032504780114723
549	Skin	12	523	0.022944550669216062
550	Skin	12	523	0.022944550669216062
551	Skin	11	523	0.021032504780114723
552	Skin	11	523	0.021032504780114723
553	Skin	9	523	0.017208413001912046
554	Skin	16	523	0.030592734225621414
555	Skin	14	523	0.02676864244741874
556	Skin	14	523	0.02676864244741874
557	Skin	8	523	0.015296367112810707
558	Skin	10	523	0.019120458891013385
559	Skin	10	523	0.019120458891013385
560	Skin	9	523	0.017208413001912046
561	Skin	13	523	0.0248565965583174
562	Skin	12	523	0.022944550669216062
563	Skin	10	523	0.019120458891013385
564	Skin	10	523	0.019120458891013385
565	Skin	12	523	0.022944550669216062
566	Skin	11	523	0.021032504780114723
567	Skin	18	523	0.03441682600382409
568	Skin	13	523	0.0248565965583174
569	Skin	10	523	0.019120458891013385
570	Skin	12	523	0.022944550669216062
571	Skin	8	523	0.015296367112810707
572	Skin	12	523	0.022944550669216062
573	Skin	14	523	0.02676864244741874
574	Skin	8	523	0.015296367112810707
575	Skin	11	523	0.021032504780114723
576	Skin	14	523	0.02676864244741874
577	Skin	11	523	0.021032504780114723
578	Skin	8	523	0.015296367112810707
579	Skin	7	523	0.01338432122370937
580	Skin	9	523	0.017208413001912046
581	Skin	13	523	0.0248565965583174
582	Skin	7	523	0.01338432122370937
583	Skin	10	523	0.019120458891013385
584	Skin	9	523	0.017208413001912046
585	Skin	12	523	0.022944550669216062
586	Skin	11	523	0.021032504780114723
587	Skin	7	523	0.01338432122370937
588	Skin	18	523	0.03441682600382409
589	Skin	15	523	0.028680688336520075
590	Skin	8	523	0.015296367112810707
591	Skin	11	523	0.021032504780114723
592	Skin	9	523	0.017208413001912046
593	Skin	11	523	0.021032504780114723
594	Skin	11	523	0.021032504780114723
595	Skin	13	523	0.0248565965583174
596	Skin	12	523	0.022944550669216062
597	Skin	10	523	0.019120458891013385
598	Skin	9	523	0.017208413001912046
599	Skin	11	523	0.021032504780114723
600	Skin	14	523	0.02676864244741874
601	Skin	10	523	0.019120458891013385
602	Skin	13	523	0.0248565965583174
603	Skin	14	523	0.02676864244741874
604	Skin	12	523	0.022944550669216062
605	Skin	15	523	0.028680688336520075
606	Skin	11	523	0.021032504780114723
607	Skin	14	523	0.02676864244741874
608	Skin	13	523	0.0248565965583174
609	Skin	13	523	0.0248565965583174
610	Skin	5	523	0.009560229445506692
611	Skin	15	523	0.028680688336520075
612	Skin	11	523	0.021032504780114723
613	Skin	18	523	0.03441682600382409
614	Skin	13	523	0.0248565965583174
615	Skin	15	523	0.028680688336520075
616	Skin	9	523	0.017208413001912046
617	Skin	11	523	0.021032504780114723
618	Skin	13	523	0.0248565965583174
619	Skin	14	523	0.02676864244741874
620	Skin	11	523	0.021032504780114723
621	Skin	10	523	0.019120458891013385
622	Skin	18	523	0.03441682600382409
623	Skin	6	523	0.011472275334608031
624	Skin	10	523	0.019120458891013385
625	Skin	11	523	0.021032504780114723
626	Skin	16	523	0.030592734225621414
627	Skin	13	523	0.0248565965583174
628	Skin	18	523	0.03441682600382409
629	Skin	4	523	0.0076481835564053535
630	Skin	12	523	0.022944550669216062
631	Skin	7	523	0.01338432122370937
632	Skin	7	523	0.01338432122370937
633	Skin	11	523	0.021032504780114723
634	Skin	14	523	0.02676864244741874
635	Skin	10	523	0.019120458891013385
636	Skin	13	523	0.0248565965583174
637	Skin	9	523	0.017208413001912046
638	Skin	10	523	0.019120458891013385
639	Skin	9	523	0.017208413001912046
640	Skin	11	523	0.021032504780114723
641	Skin	9	523	0.017208413001912046
642	Skin	13	523	0.0248565965583174
643	Skin	8	523	0.015296367112810707
644	Skin	8	523	0.015296367112810707
645	Skin	14	523	0.02676864244741874
646	Skin	10	523	0.019120458891013385
647	Skin	9	523	0.017208413001912046
648	Skin	18	523	0.03441682600382409
649	Skin	10	523	0.019120458891013385
650	Skin	8	523	0.015296367112810707
651	Skin	10	523	0.019120458891013385
652	Skin	19	523	0.036328871892925434
653	Skin	10	523	0.019120458891013385
654	Skin	9	523	0.017208413001912046
655	Skin	10	523	0.019120458891013385
656	Skin	8	523	0.015296367112810707
657	Skin	15	523	0.028680688336520075
658	Skin	9	523	0.017208413001912046
659	Skin	12	523	0.022944550669216062
660	Skin	16	523	0.030592734225621414
661	Skin	11	523	0.021032504780114723
662	Skin	7	523	0.01338432122370937
663	Skin	16	523	0.030592734225621414
664	Skin	20	523	0.03824091778202677
665	Skin	7	523	0.01338432122370937
666	Skin	11	523	0.021032504780114723
667	Skin	17	523	0.032504780114722756
668	Skin	12	523	0.022944550669216062
669	Skin	17	523	0.032504780114722756
670	Skin	15	523	0.028680688336520075
671	Skin	11	523	0.021032504780114723
672	Skin	11	523	0.021032504780114723
673	Skin	13	523	0.0248565965583174
674	Skin	10	523	0.019120458891013385
675	Skin	15	523	0.028680688336520075
676	Skin	13	523	0.0248565965583174
677	Skin	14	523	0.02676864244741874
678	Skin	5	523	0.009560229445506692
679	Skin	15	523	0.028680688336520075
680	Skin	11	523	0.021032504780114723
681	Skin	17	523	0.032504780114722756
682	Skin	9	523	0.017208413001912046
683	Skin	10	523	0.019120458891013385
684	Skin	13	523	0.0248565965583174
685	Skin	7	523	0.01338432122370937
686	Skin	15	523	0.028680688336520075
687	Skin	8	523	0.015296367112810707
688	Skin	14	523	0.02676864244741874
689	Skin	14	523	0.02676864244741874
690	Skin	9	523	0.017208413001912046
691	Skin	13	523	0.0248565965583174
692	Skin	10	523	0.019120458891013385
693	Skin	10	523	0.019120458891013385
694	Skin	13	523	0.0248565965583174
695	Skin	12	523	0.022944550669216062
696	Skin	12	523	0.022944550669216062
697	Skin	8	523	0.015296367112810707
698	Skin	10	523	0.019120458891013385
699	Skin	10	523	0.019120458891013385
700	Skin	9	523	0.017208413001912046
701	Skin	17	523	0.032504780114722756
702	Skin	12	523	0.022944550669216062
703	Skin	17	523	0.032504780114722756
704	Skin	14	523	0.02676864244741874
705	Skin	11	523	0.021032504780114723
706	Skin	5	523	0.009560229445506692
707	Skin	18	523	0.03441682600382409
708	Skin	23	523	0.04397705544933078
709	Skin	11	523	0.021032504780114723
710	Skin	12	523	0.022944550669216062
711	Skin	11	523	0.021032504780114723
712	Skin	10	523	0.019120458891013385
713	Skin	8	523	0.015296367112810707
714	Skin	15	523	0.028680688336520075
715	Skin	14	523	0.02676864244741874
716	Skin	9	523	0.017208413001912046
717	Skin	11	523	0.021032504780114723
718	Skin	9	523	0.017208413001912046
719	Skin	14	523	0.02676864244741874
720	Skin	8	523	0.015296367112810707
721	Skin	11	523	0.021032504780114723
722	Skin	15	523	0.028680688336520075
723	Skin	14	523	0.02676864244741874
724	Skin	10	523	0.019120458891013385
725	Skin	11	523	0.021032504780114723
726	Skin	12	523	0.022944550669216062
727	Skin	12	523	0.022944550669216062
728	Skin	10	523	0.019120458891013385
729	Skin	13	523	0.0248565965583174
730	Skin	7	523	0.01338432122370937
731	Skin	10	523	0.019120458891013385
732	Skin	10	523	0.019120458891013385
733	Skin	15	523	0.028680688336520075
734	Skin	13	523	0.0248565965583174
735	Skin	11	523	0.021032504780114723
736	Skin	17	523	0.032504780114722756
737	Skin	15	523	0.028680688336520075
738	Skin	13	523	0.0248565965583174
739	Skin	11	523	0.021032504780114723
740	Skin	13	523	0.0248565965583174
741	Skin	13	523	0.0248565965583174
742	Skin	14	523	0.02676864244741874
743	Skin	16	523	0.030592734225621414
744	Skin	15	523	0.028680688336520075
745	Skin	15	523	0.028680688336520075
746	Skin	14	523	0.02676864244741874
747	Skin	11	523	0.021032504780114723
748	Skin	16	523	0.030592734225621414
749	Skin	12	523	0.022944550669216062
750	Skin	11	523	0.021032504780114723
751	Skin	16	523	0.030592734225621414
752	Skin	12	523	0.022944550669216062
753	Skin	15	523	0.028680688336520075
754	Skin	14	523	0.02676864244741874
755	Skin	15	523	0.028680688336520075
756	Skin	11	523	0.021032504780114723
757	Skin	9	523	0.017208413001912046
758	Skin	6	523	0.011472275334608031
759	Skin	13	523	0.0248565965583174
760	Skin	11	523	0.021032504780114723
761	Skin	8	523	0.015296367112810707
762	Skin	10	523	0.019120458891013385
763	Skin	13	523	0.0248565965583174
764	Skin	7	523	0.01338432122370937
765	Skin	10	523	0.019120458891013385
766	Skin	11	523	0.021032504780114723
767	Skin	8	523	0.015296367112810707
768	Skin	13	523	0.0248565965583174
769	Skin	9	523	0.017208413001912046
770	Skin	11	523	0.021032504780114723
771	Skin	10	523	0.019120458891013385
772	Skin	15	523	0.028680688336520075
773	Skin	11	523	0.021032504780114723
774	Skin	8	523	0.015296367112810707
775	Skin	13	523	0.0248565965583174
776	Skin	9	523	0.017208413001912046
777	Skin	13	523	0.0248565965583174
778	Skin	9	523	0.017208413001912046
779	Skin	15	523	0.028680688336520075
780	Skin	6	523	0.011472275334608031
781	Skin	15	523	0.028680688336520075
782	Skin	16	523	0.030592734225621414
783	Skin	7	523	0.01338432122370937
784	Skin	12	523	0.022944550669216062
785	Skin	16	523	0.030592734225621414
786	Skin	6	523	0.011472275334608031
787	Skin	9	523	0.017208413001912046
788	Skin	13	523	0.0248565965583174
789	Skin	10	523	0.019120458891013385
790	Skin	11	523	0.021032504780114723
791	Skin	12	523	0.022944550669216062
792	Skin	8	523	0.015296367112810707
793	Skin	10	523	0.019120458891013385
794	Skin	14	523	0.02676864244741874
795	Skin	12	523	0.022944550669216062
796	Skin	11	523	0.021032504780114723
797	Skin	14	523	0.02676864244741874
798	Skin	16	523	0.030592734225621414
799	Skin	9	523	0.017208413001912046
800	Skin	11	523	0.021032504780114723
801	Skin	8	523	0.015296367112810707
802	Skin	9	523	0.017208413001912046
803	Skin	15	523	0.028680688336520075
804	Skin	11	523	0.021032504780114723
805	Skin	11	523	0.021032504780114723
806	Skin	16	523	0.030592734225621414
807	Skin	12	523	0.022944550669216062
808	Skin	11	523	0.021032504780114723
809	Skin	12	523	0.022944550669216062
810	Skin	7	523	0.01338432122370937
811	Skin	12	523	0.022944550669216062
812	Skin	12	523	0.022944550669216062
813	Skin	9	523	0.017208413001912046
814	Skin	9	523	0.017208413001912046
815	Skin	12	523	0.022944550669216062
816	Skin	13	523	0.0248565965583174
817	Skin	12	523	0.022944550669216062
818	Skin	14	523	0.02676864244741874
819	Skin	13	523	0.0248565965583174
820	Skin	10	523	0.019120458891013385
821	Skin	16	523	0.030592734225621414
822	Skin	15	523	0.028680688336520075
823	Skin	15	523	0.028680688336520075
824	Skin	14	523	0.02676864244741874
825	Skin	5	523	0.009560229445506692
826	Skin	7	523	0.01338432122370937
827	Skin	13	523	0.0248565965583174
828	Skin	12	523	0.022944550669216062
829	Skin	12	523	0.022944550669216062
830	Skin	12	523	0.022944550669216062
831	Skin	9	523	0.017208413001912046
832	Skin	9	523	0.017208413001912046
833	Skin	12	523	0.022944550669216062
834	Skin	12	523	0.022944550669216062
835	Skin	22	523	0.04206500956022945
836	Skin	18	523	0.03441682600382409
837	Skin	14	523	0.02676864244741874
838	Skin	9	523	0.017208413001912046
839	Skin	11	523	0.021032504780114723
840	Skin	8	523	0.015296367112810707
841	Skin	16	523	0.030592734225621414
842	Skin	8	523	0.015296367112810707
843	Skin	14	523	0.02676864244741874
844	Skin	16	523	0.030592734225621414
845	Skin	7	523	0.01338432122370937
846	Skin	6	523	0.011472275334608031
847	Skin	10	523	0.019120458891013385
848	Skin	13	523	0.0248565965583174
849	Skin	20	523	0.03824091778202677
850	Skin	12	523	0.022944550669216062
851	Skin	17	523	0.032504780114722756
852	Skin	11	523	0.021032504780114723
853	Skin	13	523	0.0248565965583174
854	Skin	7	523	0.01338432122370937
855	Skin	14	523	0.02676864244741874
856	Skin	9	523	0.017208413001912046
857	Skin	10	523	0.019120458891013385
858	Skin	7	523	0.01338432122370937
859	Skin	11	523	0.021032504780114723
860	Skin	7	523	0.01338432122370937
861	Skin	12	523	0.022944550669216062
862	Skin	13	523	0.0248565965583174
863	Skin	9	523	0.017208413001912046
864	Skin	12	523	0.022944550669216062
865	Skin	13	523	0.0248565965583174
866	Skin	11	523	0.021032504780114723
867	Skin	8	523	0.015296367112810707
868	Skin	6	523	0.011472275334608031
869	Skin	15	523	0.028680688336520075
870	Skin	10	523	0.019120458891013385
871	Skin	9	523	0.017208413001912046
872	Skin	9	523	0.017208413001912046
873	Skin	9	523	0.017208413001912046
874	Skin	13	523	0.0248565965583174
875	Skin	11	523	0.021032504780114723
876	Skin	15	523	0.028680688336520075
877	Skin	19	523	0.036328871892925434
878	Skin	10	523	0.019120458891013385
879	Skin	14	523	0.02676864244741874
880	Skin	14	523	0.02676864244741874
881	Skin	13	523	0.0248565965583174
882	Skin	9	523	0.017208413001912046
883	Skin	6	523	0.011472275334608031
884	Skin	14	523	0.02676864244741874
885	Skin	11	523	0.021032504780114723
886	Skin	10	523	0.019120458891013385
887	Skin	15	523	0.028680688336520075
888	Skin	13	523	0.0248565965583174
889	Skin	12	523	0.022944550669216062
890	Skin	14	523	0.02676864244741874
891	Skin	11	523	0.021032504780114723
892	Skin	9	523	0.017208413001912046
893	Skin	14	523	0.02676864244741874
894	Skin	5	523	0.009560229445506692
895	Skin	15	523	0.028680688336520075
896	Skin	7	523	0.01338432122370937
897	Skin	7	523	0.01338432122370937
898	Skin	11	523	0.021032504780114723
899	Skin	11	523	0.021032504780114723
900	Skin	13	523	0.0248565965583174
901	Skin	20	523	0.03824091778202677
902	Skin	18	523	0.03441682600382409
903	Skin	11	523	0.021032504780114723
904	Skin	10	523	0.019120458891013385
905	Skin	14	523	0.02676864244741874
906	Skin	13	523	0.0248565965583174
907	Skin	13	523	0.0248565965583174
908	Skin	10	523	0.019120458891013385
909	Skin	10	523	0.019120458891013385
910	Skin	13	523	0.0248565965583174
911	Skin	7	523	0.01338432122370937
912	Skin	10	523	0.019120458891013385
913	Skin	11	523	0.021032504780114723
914	Skin	11	523	0.021032504780114723
915	Skin	11	523	0.021032504780114723
916	Skin	8	523	0.015296367112810707
917	Skin	7	523	0.01338432122370937
918	Skin	9	523	0.017208413001912046
919	Skin	10	523	0.019120458891013385
920	Skin	15	523	0.028680688336520075
921	Skin	9	523	0.017208413001912046
922	Skin	14	523	0.02676864244741874
923	Skin	13	523	0.0248565965583174
924	Skin	13	523	0.0248565965583174
925	Skin	12	523	0.022944550669216062
926	Skin	15	523	0.028680688336520075
927	Skin	19	523	0.036328871892925434
928	Skin	15	523	0.028680688336520075
929	Skin	9	523	0.017208413001912046
930	Skin	11	523	0.021032504780114723
931	Skin	13	523	0.0248565965583174
932	Skin	8	523	0.015296367112810707
933	Skin	11	523	0.021032504780114723
934	Skin	10	523	0.019120458891013385
935	Skin	13	523	0.0248565965583174
936	Skin	13	523	0.0248565965583174
937	Skin	14	523	0.02676864244741874
938	Skin	17	523	0.032504780114722756
939	Skin	18	523	0.03441682600382409
940	Skin	17	523	0.032504780114722756
941	Skin	11	523	0.021032504780114723
942	Skin	7	523	0.01338432122370937
943	Skin	12	523	0.022944550669216062
944	Skin	9	523	0.017208413001912046
945	Skin	7	523	0.01338432122370937
946	Skin	8	523	0.015296367112810707
947	Skin	15	523	0.028680688336520075
948	Skin	7	523	0.01338432122370937
949	Skin	13	523	0.0248565965583174
950	Skin	10	523	0.019120458891013385
951	Skin	10	523	0.019120458891013385
952	Skin	19	523	0.036328871892925434
953	Skin	11	523	0.021032504780114723
954	Skin	16	523	0.030592734225621414
955	Skin	12	523	0.022944550669216062
956	Skin	14	523	0.02676864244741874
957	Skin	17	523	0.032504780114722756
958	Skin	11	523	0.021032504780114723
959	Skin	12	523	0.022944550669216062
960	Skin	14	523	0.02676864244741874
961	Skin	12	523	0.022944550669216062
962	Skin	11	523	0.021032504780114723
963	Skin	8	523	0.015296367112810707
964	Skin	13	523	0.0248565965583174
965	Skin	13	523	0.0248565965583174
966	Skin	7	523	0.01338432122370937
967	Skin	14	523	0.02676864244741874
968	Skin	12	523	0.022944550669216062
969	Skin	14	523	0.02676864244741874
970	Skin	14	523	0.02676864244741874
971	Skin	10	523	0.019120458891013385
972	Skin	11	523	0.021032504780114723
973	Skin	17	523	0.032504780114722756
974	Skin	7	523	0.01338432122370937
975	Skin	14	523	0.02676864244741874
976	Skin	11	523	0.021032504780114723
977	Skin	12	523	0.022944550669216062
978	Skin	10	523	0.019120458891013385
979	Skin	14	523	0.02676864244741874
980	Skin	10	523	0.019120458891013385
981	Skin	10	523	0.019120458891013385
982	Skin	12	523	0.022944550669216062
983	Skin	11	523	0.021032504780114723
984	Skin	12	523	0.022944550669216062
985	Skin	12	523	0.022944550669216062
986	Skin	7	523	0.01338432122370937
987	Skin	13	523	0.0248565965583174
988	Skin	11	523	0.021032504780114723
989	Skin	13	523	0.0248565965583174
990	Skin	12	523	0.022944550669216062
991	Skin	14	523	0.02676864244741874
992	Skin	9	523	0.017208413001912046
993	Skin	14	523	0.02676864244741874
994	Skin	8	523	0.015296367112810707
995	Skin	11	523	0.021032504780114723
996	Skin	12	523	0.022944550669216062
997	Skin	5	523	0.009560229445506692
998	Skin	8	523	0.015296367112810707
999	Skin	6	523	0.011472275334608031
1000	Skin	11	523	0.021032504780114723
1	Spleen	21	803	0.026151930261519303
2	Spleen	24	803	0.029887920298879204
3	Spleen	27	803	0.033623910336239106
4	Spleen	24	803	0.029887920298879204
5	Spleen	33	803	0.0410958904109589
6	Spleen	30	803	0.037359900373599
7	Spleen	20	803	0.024906600249066
8	Spleen	30	803	0.037359900373599
9	Spleen	22	803	0.0273972602739726
10	Spleen	33	803	0.0410958904109589
11	Spleen	25	803	0.031133250311332503
12	Spleen	21	803	0.026151930261519303
13	Spleen	31	803	0.038605230386052306
14	Spleen	19	803	0.023661270236612703
15	Spleen	30	803	0.037359900373599
16	Spleen	29	803	0.0361145703611457
17	Spleen	21	803	0.026151930261519303
18	Spleen	34	803	0.04234122042341221
19	Spleen	27	803	0.033623910336239106
20	Spleen	26	803	0.0323785803237858
21	Spleen	20	803	0.024906600249066
22	Spleen	25	803	0.031133250311332503
23	Spleen	25	803	0.031133250311332503
24	Spleen	24	803	0.029887920298879204
25	Spleen	22	803	0.0273972602739726
26	Spleen	35	803	0.043586550435865505
27	Spleen	28	803	0.034869240348692404
28	Spleen	27	803	0.033623910336239106
29	Spleen	27	803	0.033623910336239106
30	Spleen	32	803	0.039850560398505604
31	Spleen	26	803	0.0323785803237858
32	Spleen	23	803	0.028642590286425903
33	Spleen	21	803	0.026151930261519303
34	Spleen	33	803	0.0410958904109589
35	Spleen	25	803	0.031133250311332503
36	Spleen	28	803	0.034869240348692404
37	Spleen	22	803	0.0273972602739726
38	Spleen	17	803	0.021170610211706103
39	Spleen	27	803	0.033623910336239106
40	Spleen	23	803	0.028642590286425903
41	Spleen	22	803	0.0273972602739726
42	Spleen	32	803	0.039850560398505604
43	Spleen	22	803	0.0273972602739726
44	Spleen	18	803	0.0224159402241594
45	Spleen	35	803	0.043586550435865505
46	Spleen	19	803	0.023661270236612703
47	Spleen	25	803	0.031133250311332503
48	Spleen	27	803	0.033623910336239106
49	Spleen	28	803	0.034869240348692404
50	Spleen	27	803	0.033623910336239106
51	Spleen	20	803	0.024906600249066
52	Spleen	29	803	0.0361145703611457
53	Spleen	25	803	0.031133250311332503
54	Spleen	27	803	0.033623910336239106
55	Spleen	30	803	0.037359900373599
56	Spleen	24	803	0.029887920298879204
57	Spleen	24	803	0.029887920298879204
58	Spleen	25	803	0.031133250311332503
59	Spleen	18	803	0.0224159402241594
60	Spleen	30	803	0.037359900373599
61	Spleen	25	803	0.031133250311332503
62	Spleen	26	803	0.0323785803237858
63	Spleen	22	803	0.0273972602739726
64	Spleen	31	803	0.038605230386052306
65	Spleen	28	803	0.034869240348692404
66	Spleen	24	803	0.029887920298879204
67	Spleen	33	803	0.0410958904109589
68	Spleen	24	803	0.029887920298879204
69	Spleen	27	803	0.033623910336239106
70	Spleen	28	803	0.034869240348692404
71	Spleen	28	803	0.034869240348692404
72	Spleen	27	803	0.033623910336239106
73	Spleen	29	803	0.0361145703611457
74	Spleen	31	803	0.038605230386052306
75	Spleen	27	803	0.033623910336239106
76	Spleen	23	803	0.028642590286425903
77	Spleen	28	803	0.034869240348692404
78	Spleen	23	803	0.028642590286425903
79	Spleen	29	803	0.0361145703611457
80	Spleen	27	803	0.033623910336239106
81	Spleen	22	803	0.0273972602739726
82	Spleen	38	803	0.047322540473225407
83	Spleen	27	803	0.033623910336239106
84	Spleen	23	803	0.028642590286425903
85	Spleen	19	803	0.023661270236612703
86	Spleen	20	803	0.024906600249066
87	Spleen	27	803	0.033623910336239106
88	Spleen	29	803	0.0361145703611457
89	Spleen	35	803	0.043586550435865505
90	Spleen	17	803	0.021170610211706103
91	Spleen	30	803	0.037359900373599
92	Spleen	28	803	0.034869240348692404
93	Spleen	30	803	0.037359900373599
94	Spleen	24	803	0.029887920298879204
95	Spleen	22	803	0.0273972602739726
96	Spleen	19	803	0.023661270236612703
97	Spleen	28	803	0.034869240348692404
98	Spleen	25	803	0.031133250311332503
99	Spleen	30	803	0.037359900373599
100	Spleen	31	803	0.038605230386052306
101	Spleen	22	803	0.0273972602739726
102	Spleen	27	803	0.033623910336239106
103	Spleen	26	803	0.0323785803237858
104	Spleen	28	803	0.034869240348692404
105	Spleen	25	803	0.031133250311332503
106	Spleen	35	803	0.043586550435865505
107	Spleen	26	803	0.0323785803237858
108	Spleen	24	803	0.029887920298879204
109	Spleen	21	803	0.026151930261519303
110	Spleen	20	803	0.024906600249066
111	Spleen	32	803	0.039850560398505604
112	Spleen	24	803	0.029887920298879204
113	Spleen	26	803	0.0323785803237858
114	Spleen	31	803	0.038605230386052306
115	Spleen	35	803	0.043586550435865505
116	Spleen	24	803	0.029887920298879204
117	Spleen	25	803	0.031133250311332503
118	Spleen	19	803	0.023661270236612703
119	Spleen	20	803	0.024906600249066
120	Spleen	20	803	0.024906600249066
121	Spleen	25	803	0.031133250311332503
122	Spleen	23	803	0.028642590286425903
123	Spleen	28	803	0.034869240348692404
124	Spleen	26	803	0.0323785803237858
125	Spleen	23	803	0.028642590286425903
126	Spleen	24	803	0.029887920298879204
127	Spleen	30	803	0.037359900373599
128	Spleen	31	803	0.038605230386052306
129	Spleen	31	803	0.038605230386052306
130	Spleen	20	803	0.024906600249066
131	Spleen	22	803	0.0273972602739726
132	Spleen	29	803	0.0361145703611457
133	Spleen	20	803	0.024906600249066
134	Spleen	24	803	0.029887920298879204
135	Spleen	25	803	0.031133250311332503
136	Spleen	27	803	0.033623910336239106
137	Spleen	24	803	0.029887920298879204
138	Spleen	30	803	0.037359900373599
139	Spleen	18	803	0.0224159402241594
140	Spleen	24	803	0.029887920298879204
141	Spleen	20	803	0.024906600249066
142	Spleen	31	803	0.038605230386052306
143	Spleen	32	803	0.039850560398505604
144	Spleen	35	803	0.043586550435865505
145	Spleen	30	803	0.037359900373599
146	Spleen	32	803	0.039850560398505604
147	Spleen	16	803	0.019925280199252802
148	Spleen	23	803	0.028642590286425903
149	Spleen	33	803	0.0410958904109589
150	Spleen	23	803	0.028642590286425903
151	Spleen	29	803	0.0361145703611457
152	Spleen	24	803	0.029887920298879204
153	Spleen	25	803	0.031133250311332503
154	Spleen	19	803	0.023661270236612703
155	Spleen	29	803	0.0361145703611457
156	Spleen	28	803	0.034869240348692404
157	Spleen	31	803	0.038605230386052306
158	Spleen	24	803	0.029887920298879204
159	Spleen	19	803	0.023661270236612703
160	Spleen	25	803	0.031133250311332503
161	Spleen	31	803	0.038605230386052306
162	Spleen	23	803	0.028642590286425903
163	Spleen	24	803	0.029887920298879204
164	Spleen	21	803	0.026151930261519303
165	Spleen	30	803	0.037359900373599
166	Spleen	21	803	0.026151930261519303
167	Spleen	32	803	0.039850560398505604
168	Spleen	34	803	0.04234122042341221
169	Spleen	30	803	0.037359900373599
170	Spleen	25	803	0.031133250311332503
171	Spleen	21	803	0.026151930261519303
172	Spleen	28	803	0.034869240348692404
173	Spleen	26	803	0.0323785803237858
174	Spleen	23	803	0.028642590286425903
175	Spleen	25	803	0.031133250311332503
176	Spleen	26	803	0.0323785803237858
177	Spleen	22	803	0.0273972602739726
178	Spleen	22	803	0.0273972602739726
179	Spleen	21	803	0.026151930261519303
180	Spleen	33	803	0.0410958904109589
181	Spleen	27	803	0.033623910336239106
182	Spleen	29	803	0.0361145703611457
183	Spleen	26	803	0.0323785803237858
184	Spleen	25	803	0.031133250311332503
185	Spleen	26	803	0.0323785803237858
186	Spleen	25	803	0.031133250311332503
187	Spleen	21	803	0.026151930261519303
188	Spleen	40	803	0.049813200498132
189	Spleen	27	803	0.033623910336239106
190	Spleen	29	803	0.0361145703611457
191	Spleen	20	803	0.024906600249066
192	Spleen	28	803	0.034869240348692404
193	Spleen	23	803	0.028642590286425903
194	Spleen	34	803	0.04234122042341221
195	Spleen	26	803	0.0323785803237858
196	Spleen	22	803	0.0273972602739726
197	Spleen	28	803	0.034869240348692404
198	Spleen	26	803	0.0323785803237858
199	Spleen	21	803	0.026151930261519303
200	Spleen	25	803	0.031133250311332503
201	Spleen	28	803	0.034869240348692404
202	Spleen	37	803	0.0460772104607721
203	Spleen	25	803	0.031133250311332503
204	Spleen	28	803	0.034869240348692404
205	Spleen	31	803	0.038605230386052306
206	Spleen	22	803	0.0273972602739726
207	Spleen	24	803	0.029887920298879204
208	Spleen	26	803	0.0323785803237858
209	Spleen	22	803	0.0273972602739726
210	Spleen	28	803	0.034869240348692404
211	Spleen	24	803	0.029887920298879204
212	Spleen	28	803	0.034869240348692404
213	Spleen	35	803	0.043586550435865505
214	Spleen	21	803	0.026151930261519303
215	Spleen	28	803	0.034869240348692404
216	Spleen	29	803	0.0361145703611457
217	Spleen	23	803	0.028642590286425903
218	Spleen	27	803	0.033623910336239106
219	Spleen	24	803	0.029887920298879204
220	Spleen	30	803	0.037359900373599
221	Spleen	30	803	0.037359900373599
222	Spleen	26	803	0.0323785803237858
223	Spleen	24	803	0.029887920298879204
224	Spleen	22	803	0.0273972602739726
225	Spleen	24	803	0.029887920298879204
226	Spleen	27	803	0.033623910336239106
227	Spleen	16	803	0.019925280199252802
228	Spleen	20	803	0.024906600249066
229	Spleen	29	803	0.0361145703611457
230	Spleen	34	803	0.04234122042341221
231	Spleen	25	803	0.031133250311332503
232	Spleen	30	803	0.037359900373599
233	Spleen	29	803	0.0361145703611457
234	Spleen	24	803	0.029887920298879204
235	Spleen	32	803	0.039850560398505604
236	Spleen	29	803	0.0361145703611457
237	Spleen	27	803	0.033623910336239106
238	Spleen	23	803	0.028642590286425903
239	Spleen	33	803	0.0410958904109589
240	Spleen	22	803	0.0273972602739726
241	Spleen	22	803	0.0273972602739726
242	Spleen	19	803	0.023661270236612703
243	Spleen	19	803	0.023661270236612703
244	Spleen	21	803	0.026151930261519303
245	Spleen	31	803	0.038605230386052306
246	Spleen	29	803	0.0361145703611457
247	Spleen	25	803	0.031133250311332503
248	Spleen	21	803	0.026151930261519303
249	Spleen	25	803	0.031133250311332503
250	Spleen	29	803	0.0361145703611457
251	Spleen	36	803	0.0448318804483188
252	Spleen	29	803	0.0361145703611457
253	Spleen	27	803	0.033623910336239106
254	Spleen	23	803	0.028642590286425903
255	Spleen	24	803	0.029887920298879204
256	Spleen	18	803	0.0224159402241594
257	Spleen	27	803	0.033623910336239106
258	Spleen	31	803	0.038605230386052306
259	Spleen	28	803	0.034869240348692404
260	Spleen	24	803	0.029887920298879204
261	Spleen	26	803	0.0323785803237858
262	Spleen	30	803	0.037359900373599
263	Spleen	23	803	0.028642590286425903
264	Spleen	23	803	0.028642590286425903
265	Spleen	30	803	0.037359900373599
266	Spleen	17	803	0.021170610211706103
267	Spleen	20	803	0.024906600249066
268	Spleen	30	803	0.037359900373599
269	Spleen	14	803	0.017434620174346202
270	Spleen	28	803	0.034869240348692404
271	Spleen	32	803	0.039850560398505604
272	Spleen	15	803	0.0186799501867995
273	Spleen	35	803	0.043586550435865505
274	Spleen	25	803	0.031133250311332503
275	Spleen	26	803	0.0323785803237858
276	Spleen	25	803	0.031133250311332503
277	Spleen	28	803	0.034869240348692404
278	Spleen	35	803	0.043586550435865505
279	Spleen	24	803	0.029887920298879204
280	Spleen	26	803	0.0323785803237858
281	Spleen	23	803	0.028642590286425903
282	Spleen	31	803	0.038605230386052306
283	Spleen	31	803	0.038605230386052306
284	Spleen	25	803	0.031133250311332503
285	Spleen	20	803	0.024906600249066
286	Spleen	32	803	0.039850560398505604
287	Spleen	24	803	0.029887920298879204
288	Spleen	24	803	0.029887920298879204
289	Spleen	30	803	0.037359900373599
290	Spleen	25	803	0.031133250311332503
291	Spleen	26	803	0.0323785803237858
292	Spleen	18	803	0.0224159402241594
293	Spleen	19	803	0.023661270236612703
294	Spleen	28	803	0.034869240348692404
295	Spleen	24	803	0.029887920298879204
296	Spleen	28	803	0.034869240348692404
297	Spleen	30	803	0.037359900373599
298	Spleen	28	803	0.034869240348692404
299	Spleen	25	803	0.031133250311332503
300	Spleen	28	803	0.034869240348692404
301	Spleen	22	803	0.0273972602739726
302	Spleen	25	803	0.031133250311332503
303	Spleen	23	803	0.028642590286425903
304	Spleen	26	803	0.0323785803237858
305	Spleen	26	803	0.0323785803237858
306	Spleen	29	803	0.0361145703611457
307	Spleen	23	803	0.028642590286425903
308	Spleen	27	803	0.033623910336239106
309	Spleen	21	803	0.026151930261519303
310	Spleen	24	803	0.029887920298879204
311	Spleen	22	803	0.0273972602739726
312	Spleen	22	803	0.0273972602739726
313	Spleen	15	803	0.0186799501867995
314	Spleen	19	803	0.023661270236612703
315	Spleen	21	803	0.026151930261519303
316	Spleen	29	803	0.0361145703611457
317	Spleen	26	803	0.0323785803237858
318	Spleen	30	803	0.037359900373599
319	Spleen	20	803	0.024906600249066
320	Spleen	20	803	0.024906600249066
321	Spleen	24	803	0.029887920298879204
322	Spleen	31	803	0.038605230386052306
323	Spleen	21	803	0.026151930261519303
324	Spleen	24	803	0.029887920298879204
325	Spleen	24	803	0.029887920298879204
326	Spleen	20	803	0.024906600249066
327	Spleen	25	803	0.031133250311332503
328	Spleen	19	803	0.023661270236612703
329	Spleen	31	803	0.038605230386052306
330	Spleen	29	803	0.0361145703611457
331	Spleen	25	803	0.031133250311332503
332	Spleen	22	803	0.0273972602739726
333	Spleen	23	803	0.028642590286425903
334	Spleen	26	803	0.0323785803237858
335	Spleen	26	803	0.0323785803237858
336	Spleen	27	803	0.033623910336239106
337	Spleen	32	803	0.039850560398505604
338	Spleen	24	803	0.029887920298879204
339	Spleen	23	803	0.028642590286425903
340	Spleen	27	803	0.033623910336239106
341	Spleen	28	803	0.034869240348692404
342	Spleen	26	803	0.0323785803237858
343	Spleen	23	803	0.028642590286425903
344	Spleen	25	803	0.031133250311332503
345	Spleen	28	803	0.034869240348692404
346	Spleen	24	803	0.029887920298879204
347	Spleen	25	803	0.031133250311332503
348	Spleen	24	803	0.029887920298879204
349	Spleen	31	803	0.038605230386052306
350	Spleen	21	803	0.026151930261519303
351	Spleen	24	803	0.029887920298879204
352	Spleen	26	803	0.0323785803237858
353	Spleen	25	803	0.031133250311332503
354	Spleen	26	803	0.0323785803237858
355	Spleen	25	803	0.031133250311332503
356	Spleen	25	803	0.031133250311332503
357	Spleen	26	803	0.0323785803237858
358	Spleen	26	803	0.0323785803237858
359	Spleen	26	803	0.0323785803237858
360	Spleen	20	803	0.024906600249066
361	Spleen	32	803	0.039850560398505604
362	Spleen	28	803	0.034869240348692404
363	Spleen	29	803	0.0361145703611457
364	Spleen	25	803	0.031133250311332503
365	Spleen	26	803	0.0323785803237858
366	Spleen	26	803	0.0323785803237858
367	Spleen	24	803	0.029887920298879204
368	Spleen	28	803	0.034869240348692404
369	Spleen	30	803	0.037359900373599
370	Spleen	24	803	0.029887920298879204
371	Spleen	20	803	0.024906600249066
372	Spleen	21	803	0.026151930261519303
373	Spleen	30	803	0.037359900373599
374	Spleen	33	803	0.0410958904109589
375	Spleen	19	803	0.023661270236612703
376	Spleen	19	803	0.023661270236612703
377	Spleen	31	803	0.038605230386052306
378	Spleen	19	803	0.023661270236612703
379	Spleen	19	803	0.023661270236612703
380	Spleen	26	803	0.0323785803237858
381	Spleen	22	803	0.0273972602739726
382	Spleen	29	803	0.0361145703611457
383	Spleen	25	803	0.031133250311332503
384	Spleen	24	803	0.029887920298879204
385	Spleen	16	803	0.019925280199252802
386	Spleen	31	803	0.038605230386052306
387	Spleen	31	803	0.038605230386052306
388	Spleen	27	803	0.033623910336239106
389	Spleen	28	803	0.034869240348692404
390	Spleen	28	803	0.034869240348692404
391	Spleen	21	803	0.026151930261519303
392	Spleen	27	803	0.033623910336239106
393	Spleen	24	803	0.029887920298879204
394	Spleen	33	803	0.0410958904109589
395	Spleen	25	803	0.031133250311332503
396	Spleen	28	803	0.034869240348692404
397	Spleen	22	803	0.0273972602739726
398	Spleen	29	803	0.0361145703611457
399	Spleen	27	803	0.033623910336239106
400	Spleen	22	803	0.0273972602739726
401	Spleen	26	803	0.0323785803237858
402	Spleen	21	803	0.026151930261519303
403	Spleen	33	803	0.0410958904109589
404	Spleen	27	803	0.033623910336239106
405	Spleen	16	803	0.019925280199252802
406	Spleen	24	803	0.029887920298879204
407	Spleen	42	803	0.052303860523038606
408	Spleen	23	803	0.028642590286425903
409	Spleen	27	803	0.033623910336239106
410	Spleen	25	803	0.031133250311332503
411	Spleen	25	803	0.031133250311332503
412	Spleen	25	803	0.031133250311332503
413	Spleen	27	803	0.033623910336239106
414	Spleen	18	803	0.0224159402241594
415	Spleen	31	803	0.038605230386052306
416	Spleen	40	803	0.049813200498132
417	Spleen	30	803	0.037359900373599
418	Spleen	29	803	0.0361145703611457
419	Spleen	23	803	0.028642590286425903
420	Spleen	34	803	0.04234122042341221
421	Spleen	31	803	0.038605230386052306
422	Spleen	21	803	0.026151930261519303
423	Spleen	19	803	0.023661270236612703
424	Spleen	21	803	0.026151930261519303
425	Spleen	30	803	0.037359900373599
426	Spleen	29	803	0.0361145703611457
427	Spleen	17	803	0.021170610211706103
428	Spleen	32	803	0.039850560398505604
429	Spleen	28	803	0.034869240348692404
430	Spleen	21	803	0.026151930261519303
431	Spleen	21	803	0.026151930261519303
432	Spleen	18	803	0.0224159402241594
433	Spleen	33	803	0.0410958904109589
434	Spleen	36	803	0.0448318804483188
435	Spleen	32	803	0.039850560398505604
436	Spleen	20	803	0.024906600249066
437	Spleen	17	803	0.021170610211706103
438	Spleen	26	803	0.0323785803237858
439	Spleen	23	803	0.028642590286425903
440	Spleen	30	803	0.037359900373599
441	Spleen	28	803	0.034869240348692404
442	Spleen	31	803	0.038605230386052306
443	Spleen	28	803	0.034869240348692404
444	Spleen	26	803	0.0323785803237858
445	Spleen	30	803	0.037359900373599
446	Spleen	19	803	0.023661270236612703
447	Spleen	34	803	0.04234122042341221
448	Spleen	30	803	0.037359900373599
449	Spleen	29	803	0.0361145703611457
450	Spleen	24	803	0.029887920298879204
451	Spleen	26	803	0.0323785803237858
452	Spleen	28	803	0.034869240348692404
453	Spleen	30	803	0.037359900373599
454	Spleen	20	803	0.024906600249066
455	Spleen	26	803	0.0323785803237858
456	Spleen	26	803	0.0323785803237858
457	Spleen	30	803	0.037359900373599
458	Spleen	24	803	0.029887920298879204
459	Spleen	20	803	0.024906600249066
460	Spleen	28	803	0.034869240348692404
461	Spleen	27	803	0.033623910336239106
462	Spleen	26	803	0.0323785803237858
463	Spleen	37	803	0.0460772104607721
464	Spleen	26	803	0.0323785803237858
465	Spleen	28	803	0.034869240348692404
466	Spleen	20	803	0.024906600249066
467	Spleen	35	803	0.043586550435865505
468	Spleen	38	803	0.047322540473225407
469	Spleen	26	803	0.0323785803237858
470	Spleen	25	803	0.031133250311332503
471	Spleen	29	803	0.0361145703611457
472	Spleen	22	803	0.0273972602739726
473	Spleen	19	803	0.023661270236612703
474	Spleen	21	803	0.026151930261519303
475	Spleen	23	803	0.028642590286425903
476	Spleen	26	803	0.0323785803237858
477	Spleen	32	803	0.039850560398505604
478	Spleen	24	803	0.029887920298879204
479	Spleen	31	803	0.038605230386052306
480	Spleen	24	803	0.029887920298879204
481	Spleen	31	803	0.038605230386052306
482	Spleen	21	803	0.026151930261519303
483	Spleen	29	803	0.0361145703611457
484	Spleen	25	803	0.031133250311332503
485	Spleen	30	803	0.037359900373599
486	Spleen	30	803	0.037359900373599
487	Spleen	31	803	0.038605230386052306
488	Spleen	27	803	0.033623910336239106
489	Spleen	27	803	0.033623910336239106
490	Spleen	28	803	0.034869240348692404
491	Spleen	21	803	0.026151930261519303
492	Spleen	31	803	0.038605230386052306
493	Spleen	20	803	0.024906600249066
494	Spleen	22	803	0.0273972602739726
495	Spleen	33	803	0.0410958904109589
496	Spleen	20	803	0.024906600249066
497	Spleen	29	803	0.0361145703611457
498	Spleen	20	803	0.024906600249066
499	Spleen	38	803	0.047322540473225407
500	Spleen	30	803	0.037359900373599
501	Spleen	20	803	0.024906600249066
502	Spleen	26	803	0.0323785803237858
503	Spleen	24	803	0.029887920298879204
504	Spleen	25	803	0.031133250311332503
505	Spleen	29	803	0.0361145703611457
506	Spleen	35	803	0.043586550435865505
507	Spleen	25	803	0.031133250311332503
508	Spleen	15	803	0.0186799501867995
509	Spleen	25	803	0.031133250311332503
510	Spleen	27	803	0.033623910336239106
511	Spleen	28	803	0.034869240348692404
512	Spleen	21	803	0.026151930261519303
513	Spleen	30	803	0.037359900373599
514	Spleen	22	803	0.0273972602739726
515	Spleen	22	803	0.0273972602739726
516	Spleen	20	803	0.024906600249066
517	Spleen	19	803	0.023661270236612703
518	Spleen	22	803	0.0273972602739726
519	Spleen	29	803	0.0361145703611457
520	Spleen	28	803	0.034869240348692404
521	Spleen	26	803	0.0323785803237858
522	Spleen	27	803	0.033623910336239106
523	Spleen	29	803	0.0361145703611457
524	Spleen	28	803	0.034869240348692404
525	Spleen	36	803	0.0448318804483188
526	Spleen	20	803	0.024906600249066
527	Spleen	28	803	0.034869240348692404
528	Spleen	22	803	0.0273972602739726
529	Spleen	29	803	0.0361145703611457
530	Spleen	27	803	0.033623910336239106
531	Spleen	34	803	0.04234122042341221
532	Spleen	18	803	0.0224159402241594
533	Spleen	22	803	0.0273972602739726
534	Spleen	21	803	0.026151930261519303
535	Spleen	29	803	0.0361145703611457
536	Spleen	18	803	0.0224159402241594
537	Spleen	26	803	0.0323785803237858
538	Spleen	27	803	0.033623910336239106
539	Spleen	29	803	0.0361145703611457
540	Spleen	21	803	0.026151930261519303
541	Spleen	28	803	0.034869240348692404
542	Spleen	25	803	0.031133250311332503
543	Spleen	23	803	0.028642590286425903
544	Spleen	24	803	0.029887920298879204
545	Spleen	25	803	0.031133250311332503
546	Spleen	23	803	0.028642590286425903
547	Spleen	24	803	0.029887920298879204
548	Spleen	24	803	0.029887920298879204
549	Spleen	17	803	0.021170610211706103
550	Spleen	20	803	0.024906600249066
551	Spleen	26	803	0.0323785803237858
552	Spleen	29	803	0.0361145703611457
553	Spleen	25	803	0.031133250311332503
554	Spleen	33	803	0.0410958904109589
555	Spleen	19	803	0.023661270236612703
556	Spleen	21	803	0.026151930261519303
557	Spleen	29	803	0.0361145703611457
558	Spleen	26	803	0.0323785803237858
559	Spleen	26	803	0.0323785803237858
560	Spleen	25	803	0.031133250311332503
561	Spleen	16	803	0.019925280199252802
562	Spleen	23	803	0.028642590286425903
563	Spleen	20	803	0.024906600249066
564	Spleen	21	803	0.026151930261519303
565	Spleen	24	803	0.029887920298879204
566	Spleen	28	803	0.034869240348692404
567	Spleen	32	803	0.039850560398505604
568	Spleen	24	803	0.029887920298879204
569	Spleen	28	803	0.034869240348692404
570	Spleen	34	803	0.04234122042341221
571	Spleen	24	803	0.029887920298879204
572	Spleen	19	803	0.023661270236612703
573	Spleen	22	803	0.0273972602739726
574	Spleen	25	803	0.031133250311332503
575	Spleen	31	803	0.038605230386052306
576	Spleen	26	803	0.0323785803237858
577	Spleen	24	803	0.029887920298879204
578	Spleen	25	803	0.031133250311332503
579	Spleen	21	803	0.026151930261519303
580	Spleen	31	803	0.038605230386052306
581	Spleen	25	803	0.031133250311332503
582	Spleen	24	803	0.029887920298879204
583	Spleen	25	803	0.031133250311332503
584	Spleen	25	803	0.031133250311332503
585	Spleen	24	803	0.029887920298879204
586	Spleen	29	803	0.0361145703611457
587	Spleen	24	803	0.029887920298879204
588	Spleen	17	803	0.021170610211706103
589	Spleen	27	803	0.033623910336239106
590	Spleen	25	803	0.031133250311332503
591	Spleen	29	803	0.0361145703611457
592	Spleen	22	803	0.0273972602739726
593	Spleen	27	803	0.033623910336239106
594	Spleen	24	803	0.029887920298879204
595	Spleen	28	803	0.034869240348692404
596	Spleen	32	803	0.039850560398505604
597	Spleen	24	803	0.029887920298879204
598	Spleen	22	803	0.0273972602739726
599	Spleen	18	803	0.0224159402241594
600	Spleen	18	803	0.0224159402241594
601	Spleen	26	803	0.0323785803237858
602	Spleen	33	803	0.0410958904109589
603	Spleen	24	803	0.029887920298879204
604	Spleen	26	803	0.0323785803237858
605	Spleen	21	803	0.026151930261519303
606	Spleen	17	803	0.021170610211706103
607	Spleen	22	803	0.0273972602739726
608	Spleen	28	803	0.034869240348692404
609	Spleen	26	803	0.0323785803237858
610	Spleen	30	803	0.037359900373599
611	Spleen	27	803	0.033623910336239106
612	Spleen	21	803	0.026151930261519303
613	Spleen	18	803	0.0224159402241594
614	Spleen	25	803	0.031133250311332503
615	Spleen	24	803	0.029887920298879204
616	Spleen	26	803	0.0323785803237858
617	Spleen	28	803	0.034869240348692404
618	Spleen	28	803	0.034869240348692404
619	Spleen	21	803	0.026151930261519303
620	Spleen	28	803	0.034869240348692404
621	Spleen	31	803	0.038605230386052306
622	Spleen	23	803	0.028642590286425903
623	Spleen	29	803	0.0361145703611457
624	Spleen	28	803	0.034869240348692404
625	Spleen	29	803	0.0361145703611457
626	Spleen	22	803	0.0273972602739726
627	Spleen	29	803	0.0361145703611457
628	Spleen	24	803	0.029887920298879204
629	Spleen	28	803	0.034869240348692404
630	Spleen	30	803	0.037359900373599
631	Spleen	29	803	0.0361145703611457
632	Spleen	26	803	0.0323785803237858
633	Spleen	31	803	0.038605230386052306
634	Spleen	32	803	0.039850560398505604
635	Spleen	28	803	0.034869240348692404
636	Spleen	18	803	0.0224159402241594
637	Spleen	29	803	0.0361145703611457
638	Spleen	24	803	0.029887920298879204
639	Spleen	24	803	0.029887920298879204
640	Spleen	22	803	0.0273972602739726
641	Spleen	23	803	0.028642590286425903
642	Spleen	24	803	0.029887920298879204
643	Spleen	27	803	0.033623910336239106
644	Spleen	28	803	0.034869240348692404
645	Spleen	35	803	0.043586550435865505
646	Spleen	29	803	0.0361145703611457
647	Spleen	26	803	0.0323785803237858
648	Spleen	22	803	0.0273972602739726
649	Spleen	23	803	0.028642590286425903
650	Spleen	29	803	0.0361145703611457
651	Spleen	31	803	0.038605230386052306
652	Spleen	21	803	0.026151930261519303
653	Spleen	26	803	0.0323785803237858
654	Spleen	28	803	0.034869240348692404
655	Spleen	27	803	0.033623910336239106
656	Spleen	21	803	0.026151930261519303
657	Spleen	27	803	0.033623910336239106
658	Spleen	31	803	0.038605230386052306
659	Spleen	20	803	0.024906600249066
660	Spleen	22	803	0.0273972602739726
661	Spleen	26	803	0.0323785803237858
662	Spleen	26	803	0.0323785803237858
663	Spleen	26	803	0.0323785803237858
664	Spleen	32	803	0.039850560398505604
665	Spleen	22	803	0.0273972602739726
666	Spleen	24	803	0.029887920298879204
667	Spleen	28	803	0.034869240348692404
668	Spleen	26	803	0.0323785803237858
669	Spleen	23	803	0.028642590286425903
670	Spleen	24	803	0.029887920298879204
671	Spleen	16	803	0.019925280199252802
672	Spleen	22	803	0.0273972602739726
673	Spleen	25	803	0.031133250311332503
674	Spleen	22	803	0.0273972602739726
675	Spleen	25	803	0.031133250311332503
676	Spleen	33	803	0.0410958904109589
677	Spleen	22	803	0.0273972602739726
678	Spleen	18	803	0.0224159402241594
679	Spleen	27	803	0.033623910336239106
680	Spleen	23	803	0.028642590286425903
681	Spleen	23	803	0.028642590286425903
682	Spleen	23	803	0.028642590286425903
683	Spleen	26	803	0.0323785803237858
684	Spleen	22	803	0.0273972602739726
685	Spleen	28	803	0.034869240348692404
686	Spleen	33	803	0.0410958904109589
687	Spleen	22	803	0.0273972602739726
688	Spleen	22	803	0.0273972602739726
689	Spleen	20	803	0.024906600249066
690	Spleen	20	803	0.024906600249066
691	Spleen	24	803	0.029887920298879204
692	Spleen	19	803	0.023661270236612703
693	Spleen	24	803	0.029887920298879204
694	Spleen	27	803	0.033623910336239106
695	Spleen	26	803	0.0323785803237858
696	Spleen	30	803	0.037359900373599
697	Spleen	20	803	0.024906600249066
698	Spleen	30	803	0.037359900373599
699	Spleen	22	803	0.0273972602739726
700	Spleen	18	803	0.0224159402241594
701	Spleen	21	803	0.026151930261519303
702	Spleen	29	803	0.0361145703611457
703	Spleen	24	803	0.029887920298879204
704	Spleen	30	803	0.037359900373599
705	Spleen	23	803	0.028642590286425903
706	Spleen	29	803	0.0361145703611457
707	Spleen	32	803	0.039850560398505604
708	Spleen	29	803	0.0361145703611457
709	Spleen	21	803	0.026151930261519303
710	Spleen	30	803	0.037359900373599
711	Spleen	29	803	0.0361145703611457
712	Spleen	30	803	0.037359900373599
713	Spleen	27	803	0.033623910336239106
714	Spleen	31	803	0.038605230386052306
715	Spleen	36	803	0.0448318804483188
716	Spleen	32	803	0.039850560398505604
717	Spleen	21	803	0.026151930261519303
718	Spleen	32	803	0.039850560398505604
719	Spleen	28	803	0.034869240348692404
720	Spleen	27	803	0.033623910336239106
721	Spleen	22	803	0.0273972602739726
722	Spleen	21	803	0.026151930261519303
723	Spleen	28	803	0.034869240348692404
724	Spleen	31	803	0.038605230386052306
725	Spleen	31	803	0.038605230386052306
726	Spleen	28	803	0.034869240348692404
727	Spleen	18	803	0.0224159402241594
728	Spleen	25	803	0.031133250311332503
729	Spleen	21	803	0.026151930261519303
730	Spleen	20	803	0.024906600249066
731	Spleen	23	803	0.028642590286425903
732	Spleen	31	803	0.038605230386052306
733	Spleen	30	803	0.037359900373599
734	Spleen	18	803	0.0224159402241594
735	Spleen	26	803	0.0323785803237858
736	Spleen	26	803	0.0323785803237858
737	Spleen	22	803	0.0273972602739726
738	Spleen	24	803	0.029887920298879204
739	Spleen	23	803	0.028642590286425903
740	Spleen	30	803	0.037359900373599
741	Spleen	32	803	0.039850560398505604
742	Spleen	26	803	0.0323785803237858
743	Spleen	27	803	0.033623910336239106
744	Spleen	27	803	0.033623910336239106
745	Spleen	25	803	0.031133250311332503
746	Spleen	35	803	0.043586550435865505
747	Spleen	22	803	0.0273972602739726
748	Spleen	22	803	0.0273972602739726
749	Spleen	32	803	0.039850560398505604
750	Spleen	27	803	0.033623910336239106
751	Spleen	27	803	0.033623910336239106
752	Spleen	23	803	0.028642590286425903
753	Spleen	33	803	0.0410958904109589
754	Spleen	21	803	0.026151930261519303
755	Spleen	24	803	0.029887920298879204
756	Spleen	24	803	0.029887920298879204
757	Spleen	27	803	0.033623910336239106
758	Spleen	27	803	0.033623910336239106
759	Spleen	19	803	0.023661270236612703
760	Spleen	16	803	0.019925280199252802
761	Spleen	26	803	0.0323785803237858
762	Spleen	26	803	0.0323785803237858
763	Spleen	19	803	0.023661270236612703
764	Spleen	28	803	0.034869240348692404
765	Spleen	24	803	0.029887920298879204
766	Spleen	29	803	0.0361145703611457
767	Spleen	19	803	0.023661270236612703
768	Spleen	23	803	0.028642590286425903
769	Spleen	19	803	0.023661270236612703
770	Spleen	20	803	0.024906600249066
771	Spleen	25	803	0.031133250311332503
772	Spleen	24	803	0.029887920298879204
773	Spleen	20	803	0.024906600249066
774	Spleen	23	803	0.028642590286425903
775	Spleen	28	803	0.034869240348692404
776	Spleen	26	803	0.0323785803237858
777	Spleen	30	803	0.037359900373599
778	Spleen	19	803	0.023661270236612703
779	Spleen	27	803	0.033623910336239106
780	Spleen	23	803	0.028642590286425903
781	Spleen	23	803	0.028642590286425903
782	Spleen	29	803	0.0361145703611457
783	Spleen	18	803	0.0224159402241594
784	Spleen	24	803	0.029887920298879204
785	Spleen	26	803	0.0323785803237858
786	Spleen	23	803	0.028642590286425903
787	Spleen	27	803	0.033623910336239106
788	Spleen	24	803	0.029887920298879204
789	Spleen	30	803	0.037359900373599
790	Spleen	23	803	0.028642590286425903
791	Spleen	26	803	0.0323785803237858
792	Spleen	26	803	0.0323785803237858
793	Spleen	31	803	0.038605230386052306
794	Spleen	25	803	0.031133250311332503
795	Spleen	26	803	0.0323785803237858
796	Spleen	35	803	0.043586550435865505
797	Spleen	24	803	0.029887920298879204
798	Spleen	23	803	0.028642590286425903
799	Spleen	26	803	0.0323785803237858
800	Spleen	24	803	0.029887920298879204
801	Spleen	28	803	0.034869240348692404
802	Spleen	21	803	0.026151930261519303
803	Spleen	28	803	0.034869240348692404
804	Spleen	26	803	0.0323785803237858
805	Spleen	24	803	0.029887920298879204
806	Spleen	26	803	0.0323785803237858
807	Spleen	21	803	0.026151930261519303
808	Spleen	38	803	0.047322540473225407
809	Spleen	32	803	0.039850560398505604
810	Spleen	28	803	0.034869240348692404
811	Spleen	27	803	0.033623910336239106
812	Spleen	31	803	0.038605230386052306
813	Spleen	21	803	0.026151930261519303
814	Spleen	23	803	0.028642590286425903
815	Spleen	25	803	0.031133250311332503
816	Spleen	21	803	0.026151930261519303
817	Spleen	22	803	0.0273972602739726
818	Spleen	33	803	0.0410958904109589
819	Spleen	25	803	0.031133250311332503
820	Spleen	29	803	0.0361145703611457
821	Spleen	29	803	0.0361145703611457
822	Spleen	20	803	0.024906600249066
823	Spleen	23	803	0.028642590286425903
824	Spleen	28	803	0.034869240348692404
825	Spleen	19	803	0.023661270236612703
826	Spleen	25	803	0.031133250311332503
827	Spleen	23	803	0.028642590286425903
828	Spleen	18	803	0.0224159402241594
829	Spleen	24	803	0.029887920298879204
830	Spleen	31	803	0.038605230386052306
831	Spleen	21	803	0.026151930261519303
832	Spleen	27	803	0.033623910336239106
833	Spleen	25	803	0.031133250311332503
834	Spleen	29	803	0.0361145703611457
835	Spleen	21	803	0.026151930261519303
836	Spleen	25	803	0.031133250311332503
837	Spleen	22	803	0.0273972602739726
838	Spleen	21	803	0.026151930261519303
839	Spleen	21	803	0.026151930261519303
840	Spleen	28	803	0.034869240348692404
841	Spleen	23	803	0.028642590286425903
842	Spleen	25	803	0.031133250311332503
843	Spleen	24	803	0.029887920298879204
844	Spleen	19	803	0.023661270236612703
845	Spleen	22	803	0.0273972602739726
846	Spleen	25	803	0.031133250311332503
847	Spleen	33	803	0.0410958904109589
848	Spleen	20	803	0.024906600249066
849	Spleen	21	803	0.026151930261519303
850	Spleen	18	803	0.0224159402241594
851	Spleen	34	803	0.04234122042341221
852	Spleen	23	803	0.028642590286425903
853	Spleen	21	803	0.026151930261519303
854	Spleen	29	803	0.0361145703611457
855	Spleen	28	803	0.034869240348692404
856	Spleen	25	803	0.031133250311332503
857	Spleen	27	803	0.033623910336239106
858	Spleen	24	803	0.029887920298879204
859	Spleen	19	803	0.023661270236612703
860	Spleen	25	803	0.031133250311332503
861	Spleen	32	803	0.039850560398505604
862	Spleen	33	803	0.0410958904109589
863	Spleen	28	803	0.034869240348692404
864	Spleen	20	803	0.024906600249066
865	Spleen	24	803	0.029887920298879204
866	Spleen	27	803	0.033623910336239106
867	Spleen	16	803	0.019925280199252802
868	Spleen	25	803	0.031133250311332503
869	Spleen	30	803	0.037359900373599
870	Spleen	24	803	0.029887920298879204
871	Spleen	23	803	0.028642590286425903
872	Spleen	23	803	0.028642590286425903
873	Spleen	29	803	0.0361145703611457
874	Spleen	23	803	0.028642590286425903
875	Spleen	18	803	0.0224159402241594
876	Spleen	23	803	0.028642590286425903
877	Spleen	27	803	0.033623910336239106
878	Spleen	18	803	0.0224159402241594
879	Spleen	19	803	0.023661270236612703
880	Spleen	23	803	0.028642590286425903
881	Spleen	30	803	0.037359900373599
882	Spleen	23	803	0.028642590286425903
883	Spleen	24	803	0.029887920298879204
884	Spleen	31	803	0.038605230386052306
885	Spleen	19	803	0.023661270236612703
886	Spleen	34	803	0.04234122042341221
887	Spleen	33	803	0.0410958904109589
888	Spleen	28	803	0.034869240348692404
889	Spleen	22	803	0.0273972602739726
890	Spleen	18	803	0.0224159402241594
891	Spleen	26	803	0.0323785803237858
892	Spleen	22	803	0.0273972602739726
893	Spleen	29	803	0.0361145703611457
894	Spleen	27	803	0.033623910336239106
895	Spleen	32	803	0.039850560398505604
896	Spleen	23	803	0.028642590286425903
897	Spleen	22	803	0.0273972602739726
898	Spleen	36	803	0.0448318804483188
899	Spleen	29	803	0.0361145703611457
900	Spleen	21	803	0.026151930261519303
901	Spleen	27	803	0.033623910336239106
902	Spleen	25	803	0.031133250311332503
903	Spleen	23	803	0.028642590286425903
904	Spleen	30	803	0.037359900373599
905	Spleen	23	803	0.028642590286425903
906	Spleen	24	803	0.029887920298879204
907	Spleen	30	803	0.037359900373599
908	Spleen	21	803	0.026151930261519303
909	Spleen	27	803	0.033623910336239106
910	Spleen	24	803	0.029887920298879204
911	Spleen	28	803	0.034869240348692404
912	Spleen	18	803	0.0224159402241594
913	Spleen	22	803	0.0273972602739726
914	Spleen	27	803	0.033623910336239106
915	Spleen	27	803	0.033623910336239106
916	Spleen	24	803	0.029887920298879204
917	Spleen	29	803	0.0361145703611457
918	Spleen	24	803	0.029887920298879204
919	Spleen	25	803	0.031133250311332503
920	Spleen	31	803	0.038605230386052306
921	Spleen	20	803	0.024906600249066
922	Spleen	29	803	0.0361145703611457
923	Spleen	28	803	0.034869240348692404
924	Spleen	25	803	0.031133250311332503
925	Spleen	20	803	0.024906600249066
926	Spleen	25	803	0.031133250311332503
927	Spleen	26	803	0.0323785803237858
928	Spleen	24	803	0.029887920298879204
929	Spleen	18	803	0.0224159402241594
930	Spleen	26	803	0.0323785803237858
931	Spleen	36	803	0.0448318804483188
932	Spleen	26	803	0.0323785803237858
933	Spleen	28	803	0.034869240348692404
934	Spleen	29	803	0.0361145703611457
935	Spleen	20	803	0.024906600249066
936	Spleen	30	803	0.037359900373599
937	Spleen	20	803	0.024906600249066
938	Spleen	32	803	0.039850560398505604
939	Spleen	30	803	0.037359900373599
940	Spleen	27	803	0.033623910336239106
941	Spleen	30	803	0.037359900373599
942	Spleen	22	803	0.0273972602739726
943	Spleen	33	803	0.0410958904109589
944	Spleen	24	803	0.029887920298879204
945	Spleen	22	803	0.0273972602739726
946	Spleen	22	803	0.0273972602739726
947	Spleen	25	803	0.031133250311332503
948	Spleen	28	803	0.034869240348692404
949	Spleen	19	803	0.023661270236612703
950	Spleen	25	803	0.031133250311332503
951	Spleen	24	803	0.029887920298879204
952	Spleen	37	803	0.0460772104607721
953	Spleen	26	803	0.0323785803237858
954	Spleen	25	803	0.031133250311332503
955	Spleen	28	803	0.034869240348692404
956	Spleen	31	803	0.038605230386052306
957	Spleen	39	803	0.048567870485678705
958	Spleen	26	803	0.0323785803237858
959	Spleen	22	803	0.0273972602739726
960	Spleen	20	803	0.024906600249066
961	Spleen	23	803	0.028642590286425903
962	Spleen	26	803	0.0323785803237858
963	Spleen	31	803	0.038605230386052306
964	Spleen	30	803	0.037359900373599
965	Spleen	27	803	0.033623910336239106
966	Spleen	24	803	0.029887920298879204
967	Spleen	21	803	0.026151930261519303
968	Spleen	28	803	0.034869240348692404
969	Spleen	27	803	0.033623910336239106
970	Spleen	19	803	0.023661270236612703
971	Spleen	28	803	0.034869240348692404
972	Spleen	23	803	0.028642590286425903
973	Spleen	26	803	0.0323785803237858
974	Spleen	16	803	0.019925280199252802
975	Spleen	30	803	0.037359900373599
976	Spleen	33	803	0.0410958904109589
977	Spleen	27	803	0.033623910336239106
978	Spleen	24	803	0.029887920298879204
979	Spleen	31	803	0.038605230386052306
980	Spleen	24	803	0.029887920298879204
981	Spleen	25	803	0.031133250311332503
982	Spleen	30	803	0.037359900373599
983	Spleen	21	803	0.026151930261519303
984	Spleen	28	803	0.034869240348692404
985	Spleen	23	803	0.028642590286425903
986	Spleen	19	803	0.023661270236612703
987	Spleen	24	803	0.029887920298879204
988	Spleen	15	803	0.0186799501867995
989	Spleen	20	803	0.024906600249066
990	Spleen	23	803	0.028642590286425903
991	Spleen	27	803	0.033623910336239106
992	Spleen	19	803	0.023661270236612703
993	Spleen	29	803	0.0361145703611457
994	Spleen	26	803	0.0323785803237858
995	Spleen	26	803	0.0323785803237858
996	Spleen	28	803	0.034869240348692404
997	Spleen	29	803	0.0361145703611457
998	Spleen	25	803	0.031133250311332503
999	Spleen	30	803	0.037359900373599
1000	Spleen	26	803	0.0323785803237858
1	Whole_Blood	103	3624	0.028421633554083885
2	Whole_Blood	113	3624	0.03118101545253863
3	Whole_Blood	122	3624	0.0336644591611479
4	Whole_Blood	112	3624	0.03090507726269316
5	Whole_Blood	121	3624	0.033388520971302425
6	Whole_Blood	101	3624	0.027869757174392936
7	Whole_Blood	110	3624	0.030353200883002206
8	Whole_Blood	125	3624	0.03449227373068433
9	Whole_Blood	113	3624	0.03118101545253863
10	Whole_Blood	103	3624	0.028421633554083885
11	Whole_Blood	113	3624	0.03118101545253863
12	Whole_Blood	115	3624	0.03173289183222958
13	Whole_Blood	121	3624	0.033388520971302425
14	Whole_Blood	115	3624	0.03173289183222958
15	Whole_Blood	122	3624	0.0336644591611479
16	Whole_Blood	99	3624	0.027317880794701987
17	Whole_Blood	130	3624	0.0358719646799117
18	Whole_Blood	114	3624	0.03145695364238411
19	Whole_Blood	102	3624	0.028145695364238412
20	Whole_Blood	105	3624	0.028973509933774833
21	Whole_Blood	105	3624	0.028973509933774833
22	Whole_Blood	112	3624	0.03090507726269316
23	Whole_Blood	111	3624	0.030629139072847682
24	Whole_Blood	115	3624	0.03173289183222958
25	Whole_Blood	110	3624	0.030353200883002206
26	Whole_Blood	116	3624	0.03200883002207505
27	Whole_Blood	107	3624	0.029525386313465785
28	Whole_Blood	86	3624	0.023730684326710817
29	Whole_Blood	102	3624	0.028145695364238412
30	Whole_Blood	116	3624	0.03200883002207505
31	Whole_Blood	116	3624	0.03200883002207505
32	Whole_Blood	122	3624	0.0336644591611479
33	Whole_Blood	134	3624	0.0369757174392936
34	Whole_Blood	112	3624	0.03090507726269316
35	Whole_Blood	129	3624	0.03559602649006623
36	Whole_Blood	99	3624	0.027317880794701987
37	Whole_Blood	134	3624	0.0369757174392936
38	Whole_Blood	114	3624	0.03145695364238411
39	Whole_Blood	111	3624	0.030629139072847682
40	Whole_Blood	118	3624	0.032560706401766004
41	Whole_Blood	103	3624	0.028421633554083885
42	Whole_Blood	114	3624	0.03145695364238411
43	Whole_Blood	91	3624	0.02511037527593819
44	Whole_Blood	99	3624	0.027317880794701987
45	Whole_Blood	120	3624	0.033112582781456956
46	Whole_Blood	112	3624	0.03090507726269316
47	Whole_Blood	119	3624	0.03283664459161148
48	Whole_Blood	113	3624	0.03118101545253863
49	Whole_Blood	124	3624	0.03421633554083885
50	Whole_Blood	96	3624	0.026490066225165563
51	Whole_Blood	96	3624	0.026490066225165563
52	Whole_Blood	107	3624	0.029525386313465785
53	Whole_Blood	130	3624	0.0358719646799117
54	Whole_Blood	102	3624	0.028145695364238412
55	Whole_Blood	124	3624	0.03421633554083885
56	Whole_Blood	113	3624	0.03118101545253863
57	Whole_Blood	102	3624	0.028145695364238412
58	Whole_Blood	104	3624	0.02869757174392936
59	Whole_Blood	95	3624	0.026214128035320087
60	Whole_Blood	101	3624	0.027869757174392936
61	Whole_Blood	102	3624	0.028145695364238412
62	Whole_Blood	115	3624	0.03173289183222958
63	Whole_Blood	96	3624	0.026490066225165563
64	Whole_Blood	110	3624	0.030353200883002206
65	Whole_Blood	109	3624	0.030077262693156734
66	Whole_Blood	105	3624	0.028973509933774833
67	Whole_Blood	102	3624	0.028145695364238412
68	Whole_Blood	105	3624	0.028973509933774833
69	Whole_Blood	105	3624	0.028973509933774833
70	Whole_Blood	118	3624	0.032560706401766004
71	Whole_Blood	93	3624	0.02566225165562914
72	Whole_Blood	117	3624	0.03228476821192053
73	Whole_Blood	115	3624	0.03173289183222958
74	Whole_Blood	106	3624	0.02924944812362031
75	Whole_Blood	112	3624	0.03090507726269316
76	Whole_Blood	96	3624	0.026490066225165563
77	Whole_Blood	112	3624	0.03090507726269316
78	Whole_Blood	110	3624	0.030353200883002206
79	Whole_Blood	110	3624	0.030353200883002206
80	Whole_Blood	100	3624	0.02759381898454746
81	Whole_Blood	120	3624	0.033112582781456956
82	Whole_Blood	94	3624	0.025938189845474614
83	Whole_Blood	103	3624	0.028421633554083885
84	Whole_Blood	99	3624	0.027317880794701987
85	Whole_Blood	104	3624	0.02869757174392936
86	Whole_Blood	106	3624	0.02924944812362031
87	Whole_Blood	101	3624	0.027869757174392936
88	Whole_Blood	115	3624	0.03173289183222958
89	Whole_Blood	109	3624	0.030077262693156734
90	Whole_Blood	105	3624	0.028973509933774833
91	Whole_Blood	107	3624	0.029525386313465785
92	Whole_Blood	112	3624	0.03090507726269316
93	Whole_Blood	106	3624	0.02924944812362031
94	Whole_Blood	116	3624	0.03200883002207505
95	Whole_Blood	108	3624	0.029801324503311258
96	Whole_Blood	120	3624	0.033112582781456956
97	Whole_Blood	106	3624	0.02924944812362031
98	Whole_Blood	112	3624	0.03090507726269316
99	Whole_Blood	103	3624	0.028421633554083885
100	Whole_Blood	114	3624	0.03145695364238411
101	Whole_Blood	118	3624	0.032560706401766004
102	Whole_Blood	100	3624	0.02759381898454746
103	Whole_Blood	117	3624	0.03228476821192053
104	Whole_Blood	121	3624	0.033388520971302425
105	Whole_Blood	109	3624	0.030077262693156734
106	Whole_Blood	109	3624	0.030077262693156734
107	Whole_Blood	115	3624	0.03173289183222958
108	Whole_Blood	100	3624	0.02759381898454746
109	Whole_Blood	108	3624	0.029801324503311258
110	Whole_Blood	107	3624	0.029525386313465785
111	Whole_Blood	110	3624	0.030353200883002206
112	Whole_Blood	108	3624	0.029801324503311258
113	Whole_Blood	121	3624	0.033388520971302425
114	Whole_Blood	114	3624	0.03145695364238411
115	Whole_Blood	73	3624	0.020143487858719646
116	Whole_Blood	112	3624	0.03090507726269316
117	Whole_Blood	100	3624	0.02759381898454746
118	Whole_Blood	105	3624	0.028973509933774833
119	Whole_Blood	114	3624	0.03145695364238411
120	Whole_Blood	118	3624	0.032560706401766004
121	Whole_Blood	109	3624	0.030077262693156734
122	Whole_Blood	107	3624	0.029525386313465785
123	Whole_Blood	120	3624	0.033112582781456956
124	Whole_Blood	124	3624	0.03421633554083885
125	Whole_Blood	111	3624	0.030629139072847682
126	Whole_Blood	109	3624	0.030077262693156734
127	Whole_Blood	120	3624	0.033112582781456956
128	Whole_Blood	115	3624	0.03173289183222958
129	Whole_Blood	121	3624	0.033388520971302425
130	Whole_Blood	113	3624	0.03118101545253863
131	Whole_Blood	121	3624	0.033388520971302425
132	Whole_Blood	109	3624	0.030077262693156734
133	Whole_Blood	121	3624	0.033388520971302425
134	Whole_Blood	116	3624	0.03200883002207505
135	Whole_Blood	118	3624	0.032560706401766004
136	Whole_Blood	107	3624	0.029525386313465785
137	Whole_Blood	101	3624	0.027869757174392936
138	Whole_Blood	98	3624	0.02704194260485651
139	Whole_Blood	123	3624	0.03394039735099338
140	Whole_Blood	101	3624	0.027869757174392936
141	Whole_Blood	111	3624	0.030629139072847682
142	Whole_Blood	102	3624	0.028145695364238412
143	Whole_Blood	113	3624	0.03118101545253863
144	Whole_Blood	94	3624	0.025938189845474614
145	Whole_Blood	127	3624	0.035044150110375274
146	Whole_Blood	108	3624	0.029801324503311258
147	Whole_Blood	101	3624	0.027869757174392936
148	Whole_Blood	129	3624	0.03559602649006623
149	Whole_Blood	110	3624	0.030353200883002206
150	Whole_Blood	111	3624	0.030629139072847682
151	Whole_Blood	114	3624	0.03145695364238411
152	Whole_Blood	116	3624	0.03200883002207505
153	Whole_Blood	106	3624	0.02924944812362031
154	Whole_Blood	111	3624	0.030629139072847682
155	Whole_Blood	119	3624	0.03283664459161148
156	Whole_Blood	101	3624	0.027869757174392936
157	Whole_Blood	91	3624	0.02511037527593819
158	Whole_Blood	107	3624	0.029525386313465785
159	Whole_Blood	114	3624	0.03145695364238411
160	Whole_Blood	110	3624	0.030353200883002206
161	Whole_Blood	109	3624	0.030077262693156734
162	Whole_Blood	117	3624	0.03228476821192053
163	Whole_Blood	114	3624	0.03145695364238411
164	Whole_Blood	105	3624	0.028973509933774833
165	Whole_Blood	92	3624	0.025386313465783666
166	Whole_Blood	123	3624	0.03394039735099338
167	Whole_Blood	105	3624	0.028973509933774833
168	Whole_Blood	108	3624	0.029801324503311258
169	Whole_Blood	110	3624	0.030353200883002206
170	Whole_Blood	96	3624	0.026490066225165563
171	Whole_Blood	104	3624	0.02869757174392936
172	Whole_Blood	122	3624	0.0336644591611479
173	Whole_Blood	116	3624	0.03200883002207505
174	Whole_Blood	123	3624	0.03394039735099338
175	Whole_Blood	122	3624	0.0336644591611479
176	Whole_Blood	116	3624	0.03200883002207505
177	Whole_Blood	105	3624	0.028973509933774833
178	Whole_Blood	117	3624	0.03228476821192053
179	Whole_Blood	94	3624	0.025938189845474614
180	Whole_Blood	107	3624	0.029525386313465785
181	Whole_Blood	108	3624	0.029801324503311258
182	Whole_Blood	115	3624	0.03173289183222958
183	Whole_Blood	107	3624	0.029525386313465785
184	Whole_Blood	97	3624	0.02676600441501104
185	Whole_Blood	114	3624	0.03145695364238411
186	Whole_Blood	116	3624	0.03200883002207505
187	Whole_Blood	92	3624	0.025386313465783666
188	Whole_Blood	135	3624	0.037251655629139076
189	Whole_Blood	110	3624	0.030353200883002206
190	Whole_Blood	99	3624	0.027317880794701987
191	Whole_Blood	102	3624	0.028145695364238412
192	Whole_Blood	116	3624	0.03200883002207505
193	Whole_Blood	119	3624	0.03283664459161148
194	Whole_Blood	102	3624	0.028145695364238412
195	Whole_Blood	108	3624	0.029801324503311258
196	Whole_Blood	111	3624	0.030629139072847682
197	Whole_Blood	120	3624	0.033112582781456956
198	Whole_Blood	115	3624	0.03173289183222958
199	Whole_Blood	101	3624	0.027869757174392936
200	Whole_Blood	107	3624	0.029525386313465785
201	Whole_Blood	110	3624	0.030353200883002206
202	Whole_Blood	112	3624	0.03090507726269316
203	Whole_Blood	99	3624	0.027317880794701987
204	Whole_Blood	104	3624	0.02869757174392936
205	Whole_Blood	104	3624	0.02869757174392936
206	Whole_Blood	126	3624	0.0347682119205298
207	Whole_Blood	104	3624	0.02869757174392936
208	Whole_Blood	116	3624	0.03200883002207505
209	Whole_Blood	130	3624	0.0358719646799117
210	Whole_Blood	110	3624	0.030353200883002206
211	Whole_Blood	103	3624	0.028421633554083885
212	Whole_Blood	125	3624	0.03449227373068433
213	Whole_Blood	109	3624	0.030077262693156734
214	Whole_Blood	101	3624	0.027869757174392936
215	Whole_Blood	111	3624	0.030629139072847682
216	Whole_Blood	107	3624	0.029525386313465785
217	Whole_Blood	104	3624	0.02869757174392936
218	Whole_Blood	115	3624	0.03173289183222958
219	Whole_Blood	108	3624	0.029801324503311258
220	Whole_Blood	113	3624	0.03118101545253863
221	Whole_Blood	115	3624	0.03173289183222958
222	Whole_Blood	108	3624	0.029801324503311258
223	Whole_Blood	123	3624	0.03394039735099338
224	Whole_Blood	133	3624	0.036699779249448124
225	Whole_Blood	105	3624	0.028973509933774833
226	Whole_Blood	116	3624	0.03200883002207505
227	Whole_Blood	119	3624	0.03283664459161148
228	Whole_Blood	109	3624	0.030077262693156734
229	Whole_Blood	99	3624	0.027317880794701987
230	Whole_Blood	112	3624	0.03090507726269316
231	Whole_Blood	124	3624	0.03421633554083885
232	Whole_Blood	107	3624	0.029525386313465785
233	Whole_Blood	101	3624	0.027869757174392936
234	Whole_Blood	95	3624	0.026214128035320087
235	Whole_Blood	118	3624	0.032560706401766004
236	Whole_Blood	118	3624	0.032560706401766004
237	Whole_Blood	120	3624	0.033112582781456956
238	Whole_Blood	113	3624	0.03118101545253863
239	Whole_Blood	106	3624	0.02924944812362031
240	Whole_Blood	120	3624	0.033112582781456956
241	Whole_Blood	116	3624	0.03200883002207505
242	Whole_Blood	109	3624	0.030077262693156734
243	Whole_Blood	95	3624	0.026214128035320087
244	Whole_Blood	106	3624	0.02924944812362031
245	Whole_Blood	117	3624	0.03228476821192053
246	Whole_Blood	113	3624	0.03118101545253863
247	Whole_Blood	105	3624	0.028973509933774833
248	Whole_Blood	115	3624	0.03173289183222958
249	Whole_Blood	104	3624	0.02869757174392936
250	Whole_Blood	103	3624	0.028421633554083885
251	Whole_Blood	110	3624	0.030353200883002206
252	Whole_Blood	108	3624	0.029801324503311258
253	Whole_Blood	95	3624	0.026214128035320087
254	Whole_Blood	101	3624	0.027869757174392936
255	Whole_Blood	110	3624	0.030353200883002206
256	Whole_Blood	108	3624	0.029801324503311258
257	Whole_Blood	132	3624	0.03642384105960265
258	Whole_Blood	107	3624	0.029525386313465785
259	Whole_Blood	99	3624	0.027317880794701987
260	Whole_Blood	114	3624	0.03145695364238411
261	Whole_Blood	100	3624	0.02759381898454746
262	Whole_Blood	128	3624	0.03532008830022075
263	Whole_Blood	111	3624	0.030629139072847682
264	Whole_Blood	100	3624	0.02759381898454746
265	Whole_Blood	112	3624	0.03090507726269316
266	Whole_Blood	109	3624	0.030077262693156734
267	Whole_Blood	114	3624	0.03145695364238411
268	Whole_Blood	108	3624	0.029801324503311258
269	Whole_Blood	114	3624	0.03145695364238411
270	Whole_Blood	102	3624	0.028145695364238412
271	Whole_Blood	121	3624	0.033388520971302425
272	Whole_Blood	94	3624	0.025938189845474614
273	Whole_Blood	107	3624	0.029525386313465785
274	Whole_Blood	123	3624	0.03394039735099338
275	Whole_Blood	109	3624	0.030077262693156734
276	Whole_Blood	132	3624	0.03642384105960265
277	Whole_Blood	105	3624	0.028973509933774833
278	Whole_Blood	100	3624	0.02759381898454746
279	Whole_Blood	103	3624	0.028421633554083885
280	Whole_Blood	96	3624	0.026490066225165563
281	Whole_Blood	128	3624	0.03532008830022075
282	Whole_Blood	110	3624	0.030353200883002206
283	Whole_Blood	117	3624	0.03228476821192053
284	Whole_Blood	113	3624	0.03118101545253863
285	Whole_Blood	114	3624	0.03145695364238411
286	Whole_Blood	107	3624	0.029525386313465785
287	Whole_Blood	115	3624	0.03173289183222958
288	Whole_Blood	106	3624	0.02924944812362031
289	Whole_Blood	107	3624	0.029525386313465785
290	Whole_Blood	115	3624	0.03173289183222958
291	Whole_Blood	120	3624	0.033112582781456956
292	Whole_Blood	117	3624	0.03228476821192053
293	Whole_Blood	100	3624	0.02759381898454746
294	Whole_Blood	126	3624	0.0347682119205298
295	Whole_Blood	98	3624	0.02704194260485651
296	Whole_Blood	101	3624	0.027869757174392936
297	Whole_Blood	128	3624	0.03532008830022075
298	Whole_Blood	110	3624	0.030353200883002206
299	Whole_Blood	118	3624	0.032560706401766004
300	Whole_Blood	117	3624	0.03228476821192053
301	Whole_Blood	109	3624	0.030077262693156734
302	Whole_Blood	118	3624	0.032560706401766004
303	Whole_Blood	125	3624	0.03449227373068433
304	Whole_Blood	98	3624	0.02704194260485651
305	Whole_Blood	109	3624	0.030077262693156734
306	Whole_Blood	113	3624	0.03118101545253863
307	Whole_Blood	108	3624	0.029801324503311258
308	Whole_Blood	107	3624	0.029525386313465785
309	Whole_Blood	111	3624	0.030629139072847682
310	Whole_Blood	114	3624	0.03145695364238411
311	Whole_Blood	97	3624	0.02676600441501104
312	Whole_Blood	98	3624	0.02704194260485651
313	Whole_Blood	110	3624	0.030353200883002206
314	Whole_Blood	125	3624	0.03449227373068433
315	Whole_Blood	104	3624	0.02869757174392936
316	Whole_Blood	107	3624	0.029525386313465785
317	Whole_Blood	106	3624	0.02924944812362031
318	Whole_Blood	115	3624	0.03173289183222958
319	Whole_Blood	110	3624	0.030353200883002206
320	Whole_Blood	133	3624	0.036699779249448124
321	Whole_Blood	118	3624	0.032560706401766004
322	Whole_Blood	124	3624	0.03421633554083885
323	Whole_Blood	109	3624	0.030077262693156734
324	Whole_Blood	110	3624	0.030353200883002206
325	Whole_Blood	108	3624	0.029801324503311258
326	Whole_Blood	114	3624	0.03145695364238411
327	Whole_Blood	98	3624	0.02704194260485651
328	Whole_Blood	105	3624	0.028973509933774833
329	Whole_Blood	105	3624	0.028973509933774833
330	Whole_Blood	130	3624	0.0358719646799117
331	Whole_Blood	110	3624	0.030353200883002206
332	Whole_Blood	99	3624	0.027317880794701987
333	Whole_Blood	100	3624	0.02759381898454746
334	Whole_Blood	123	3624	0.03394039735099338
335	Whole_Blood	104	3624	0.02869757174392936
336	Whole_Blood	112	3624	0.03090507726269316
337	Whole_Blood	109	3624	0.030077262693156734
338	Whole_Blood	110	3624	0.030353200883002206
339	Whole_Blood	109	3624	0.030077262693156734
340	Whole_Blood	127	3624	0.035044150110375274
341	Whole_Blood	109	3624	0.030077262693156734
342	Whole_Blood	108	3624	0.029801324503311258
343	Whole_Blood	108	3624	0.029801324503311258
344	Whole_Blood	107	3624	0.029525386313465785
345	Whole_Blood	116	3624	0.03200883002207505
346	Whole_Blood	115	3624	0.03173289183222958
347	Whole_Blood	104	3624	0.02869757174392936
348	Whole_Blood	112	3624	0.03090507726269316
349	Whole_Blood	91	3624	0.02511037527593819
350	Whole_Blood	93	3624	0.02566225165562914
351	Whole_Blood	105	3624	0.028973509933774833
352	Whole_Blood	117	3624	0.03228476821192053
353	Whole_Blood	107	3624	0.029525386313465785
354	Whole_Blood	103	3624	0.028421633554083885
355	Whole_Blood	97	3624	0.02676600441501104
356	Whole_Blood	96	3624	0.026490066225165563
357	Whole_Blood	119	3624	0.03283664459161148
358	Whole_Blood	96	3624	0.026490066225165563
359	Whole_Blood	115	3624	0.03173289183222958
360	Whole_Blood	104	3624	0.02869757174392936
361	Whole_Blood	105	3624	0.028973509933774833
362	Whole_Blood	106	3624	0.02924944812362031
363	Whole_Blood	118	3624	0.032560706401766004
364	Whole_Blood	108	3624	0.029801324503311258
365	Whole_Blood	107	3624	0.029525386313465785
366	Whole_Blood	114	3624	0.03145695364238411
367	Whole_Blood	97	3624	0.02676600441501104
368	Whole_Blood	114	3624	0.03145695364238411
369	Whole_Blood	104	3624	0.02869757174392936
370	Whole_Blood	107	3624	0.029525386313465785
371	Whole_Blood	119	3624	0.03283664459161148
372	Whole_Blood	99	3624	0.027317880794701987
373	Whole_Blood	102	3624	0.028145695364238412
374	Whole_Blood	122	3624	0.0336644591611479
375	Whole_Blood	108	3624	0.029801324503311258
376	Whole_Blood	117	3624	0.03228476821192053
377	Whole_Blood	94	3624	0.025938189845474614
378	Whole_Blood	102	3624	0.028145695364238412
379	Whole_Blood	88	3624	0.024282560706401765
380	Whole_Blood	120	3624	0.033112582781456956
381	Whole_Blood	112	3624	0.03090507726269316
382	Whole_Blood	114	3624	0.03145695364238411
383	Whole_Blood	109	3624	0.030077262693156734
384	Whole_Blood	106	3624	0.02924944812362031
385	Whole_Blood	114	3624	0.03145695364238411
386	Whole_Blood	101	3624	0.027869757174392936
387	Whole_Blood	123	3624	0.03394039735099338
388	Whole_Blood	117	3624	0.03228476821192053
389	Whole_Blood	120	3624	0.033112582781456956
390	Whole_Blood	120	3624	0.033112582781456956
391	Whole_Blood	117	3624	0.03228476821192053
392	Whole_Blood	116	3624	0.03200883002207505
393	Whole_Blood	122	3624	0.0336644591611479
394	Whole_Blood	133	3624	0.036699779249448124
395	Whole_Blood	103	3624	0.028421633554083885
396	Whole_Blood	117	3624	0.03228476821192053
397	Whole_Blood	113	3624	0.03118101545253863
398	Whole_Blood	102	3624	0.028145695364238412
399	Whole_Blood	104	3624	0.02869757174392936
400	Whole_Blood	102	3624	0.028145695364238412
401	Whole_Blood	127	3624	0.035044150110375274
402	Whole_Blood	117	3624	0.03228476821192053
403	Whole_Blood	98	3624	0.02704194260485651
404	Whole_Blood	112	3624	0.03090507726269316
405	Whole_Blood	113	3624	0.03118101545253863
406	Whole_Blood	121	3624	0.033388520971302425
407	Whole_Blood	110	3624	0.030353200883002206
408	Whole_Blood	110	3624	0.030353200883002206
409	Whole_Blood	105	3624	0.028973509933774833
410	Whole_Blood	117	3624	0.03228476821192053
411	Whole_Blood	128	3624	0.03532008830022075
412	Whole_Blood	120	3624	0.033112582781456956
413	Whole_Blood	125	3624	0.03449227373068433
414	Whole_Blood	123	3624	0.03394039735099338
415	Whole_Blood	94	3624	0.025938189845474614
416	Whole_Blood	100	3624	0.02759381898454746
417	Whole_Blood	110	3624	0.030353200883002206
418	Whole_Blood	124	3624	0.03421633554083885
419	Whole_Blood	119	3624	0.03283664459161148
420	Whole_Blood	114	3624	0.03145695364238411
421	Whole_Blood	99	3624	0.027317880794701987
422	Whole_Blood	118	3624	0.032560706401766004
423	Whole_Blood	115	3624	0.03173289183222958
424	Whole_Blood	124	3624	0.03421633554083885
425	Whole_Blood	98	3624	0.02704194260485651
426	Whole_Blood	113	3624	0.03118101545253863
427	Whole_Blood	98	3624	0.02704194260485651
428	Whole_Blood	112	3624	0.03090507726269316
429	Whole_Blood	118	3624	0.032560706401766004
430	Whole_Blood	112	3624	0.03090507726269316
431	Whole_Blood	123	3624	0.03394039735099338
432	Whole_Blood	120	3624	0.033112582781456956
433	Whole_Blood	94	3624	0.025938189845474614
434	Whole_Blood	92	3624	0.025386313465783666
435	Whole_Blood	111	3624	0.030629139072847682
436	Whole_Blood	131	3624	0.03614790286975717
437	Whole_Blood	101	3624	0.027869757174392936
438	Whole_Blood	119	3624	0.03283664459161148
439	Whole_Blood	104	3624	0.02869757174392936
440	Whole_Blood	120	3624	0.033112582781456956
441	Whole_Blood	119	3624	0.03283664459161148
442	Whole_Blood	110	3624	0.030353200883002206
443	Whole_Blood	110	3624	0.030353200883002206
444	Whole_Blood	110	3624	0.030353200883002206
445	Whole_Blood	109	3624	0.030077262693156734
446	Whole_Blood	119	3624	0.03283664459161148
447	Whole_Blood	105	3624	0.028973509933774833
448	Whole_Blood	111	3624	0.030629139072847682
449	Whole_Blood	112	3624	0.03090507726269316
450	Whole_Blood	123	3624	0.03394039735099338
451	Whole_Blood	123	3624	0.03394039735099338
452	Whole_Blood	117	3624	0.03228476821192053
453	Whole_Blood	106	3624	0.02924944812362031
454	Whole_Blood	102	3624	0.028145695364238412
455	Whole_Blood	114	3624	0.03145695364238411
456	Whole_Blood	97	3624	0.02676600441501104
457	Whole_Blood	110	3624	0.030353200883002206
458	Whole_Blood	115	3624	0.03173289183222958
459	Whole_Blood	102	3624	0.028145695364238412
460	Whole_Blood	108	3624	0.029801324503311258
461	Whole_Blood	122	3624	0.0336644591611479
462	Whole_Blood	109	3624	0.030077262693156734
463	Whole_Blood	131	3624	0.03614790286975717
464	Whole_Blood	105	3624	0.028973509933774833
465	Whole_Blood	134	3624	0.0369757174392936
466	Whole_Blood	109	3624	0.030077262693156734
467	Whole_Blood	106	3624	0.02924944812362031
468	Whole_Blood	118	3624	0.032560706401766004
469	Whole_Blood	114	3624	0.03145695364238411
470	Whole_Blood	120	3624	0.033112582781456956
471	Whole_Blood	97	3624	0.02676600441501104
472	Whole_Blood	115	3624	0.03173289183222958
473	Whole_Blood	102	3624	0.028145695364238412
474	Whole_Blood	117	3624	0.03228476821192053
475	Whole_Blood	116	3624	0.03200883002207505
476	Whole_Blood	109	3624	0.030077262693156734
477	Whole_Blood	115	3624	0.03173289183222958
478	Whole_Blood	118	3624	0.032560706401766004
479	Whole_Blood	119	3624	0.03283664459161148
480	Whole_Blood	115	3624	0.03173289183222958
481	Whole_Blood	101	3624	0.027869757174392936
482	Whole_Blood	116	3624	0.03200883002207505
483	Whole_Blood	103	3624	0.028421633554083885
484	Whole_Blood	120	3624	0.033112582781456956
485	Whole_Blood	97	3624	0.02676600441501104
486	Whole_Blood	107	3624	0.029525386313465785
487	Whole_Blood	115	3624	0.03173289183222958
488	Whole_Blood	94	3624	0.025938189845474614
489	Whole_Blood	107	3624	0.029525386313465785
490	Whole_Blood	115	3624	0.03173289183222958
491	Whole_Blood	111	3624	0.030629139072847682
492	Whole_Blood	107	3624	0.029525386313465785
493	Whole_Blood	98	3624	0.02704194260485651
494	Whole_Blood	110	3624	0.030353200883002206
495	Whole_Blood	100	3624	0.02759381898454746
496	Whole_Blood	109	3624	0.030077262693156734
497	Whole_Blood	111	3624	0.030629139072847682
498	Whole_Blood	108	3624	0.029801324503311258
499	Whole_Blood	111	3624	0.030629139072847682
500	Whole_Blood	103	3624	0.028421633554083885
501	Whole_Blood	116	3624	0.03200883002207505
502	Whole_Blood	115	3624	0.03173289183222958
503	Whole_Blood	107	3624	0.029525386313465785
504	Whole_Blood	129	3624	0.03559602649006623
505	Whole_Blood	102	3624	0.028145695364238412
506	Whole_Blood	132	3624	0.03642384105960265
507	Whole_Blood	90	3624	0.024834437086092714
508	Whole_Blood	127	3624	0.035044150110375274
509	Whole_Blood	111	3624	0.030629139072847682
510	Whole_Blood	130	3624	0.0358719646799117
511	Whole_Blood	111	3624	0.030629139072847682
512	Whole_Blood	109	3624	0.030077262693156734
513	Whole_Blood	117	3624	0.03228476821192053
514	Whole_Blood	113	3624	0.03118101545253863
515	Whole_Blood	109	3624	0.030077262693156734
516	Whole_Blood	105	3624	0.028973509933774833
517	Whole_Blood	112	3624	0.03090507726269316
518	Whole_Blood	101	3624	0.027869757174392936
519	Whole_Blood	124	3624	0.03421633554083885
520	Whole_Blood	113	3624	0.03118101545253863
521	Whole_Blood	113	3624	0.03118101545253863
522	Whole_Blood	120	3624	0.033112582781456956
523	Whole_Blood	116	3624	0.03200883002207505
524	Whole_Blood	108	3624	0.029801324503311258
525	Whole_Blood	112	3624	0.03090507726269316
526	Whole_Blood	116	3624	0.03200883002207505
527	Whole_Blood	94	3624	0.025938189845474614
528	Whole_Blood	127	3624	0.035044150110375274
529	Whole_Blood	103	3624	0.028421633554083885
530	Whole_Blood	109	3624	0.030077262693156734
531	Whole_Blood	107	3624	0.029525386313465785
532	Whole_Blood	104	3624	0.02869757174392936
533	Whole_Blood	134	3624	0.0369757174392936
534	Whole_Blood	92	3624	0.025386313465783666
535	Whole_Blood	119	3624	0.03283664459161148
536	Whole_Blood	111	3624	0.030629139072847682
537	Whole_Blood	106	3624	0.02924944812362031
538	Whole_Blood	111	3624	0.030629139072847682
539	Whole_Blood	106	3624	0.02924944812362031
540	Whole_Blood	129	3624	0.03559602649006623
541	Whole_Blood	98	3624	0.02704194260485651
542	Whole_Blood	103	3624	0.028421633554083885
543	Whole_Blood	131	3624	0.03614790286975717
544	Whole_Blood	120	3624	0.033112582781456956
545	Whole_Blood	114	3624	0.03145695364238411
546	Whole_Blood	106	3624	0.02924944812362031
547	Whole_Blood	109	3624	0.030077262693156734
548	Whole_Blood	126	3624	0.0347682119205298
549	Whole_Blood	123	3624	0.03394039735099338
550	Whole_Blood	114	3624	0.03145695364238411
551	Whole_Blood	118	3624	0.032560706401766004
552	Whole_Blood	107	3624	0.029525386313465785
553	Whole_Blood	94	3624	0.025938189845474614
554	Whole_Blood	107	3624	0.029525386313465785
555	Whole_Blood	103	3624	0.028421633554083885
556	Whole_Blood	103	3624	0.028421633554083885
557	Whole_Blood	111	3624	0.030629139072847682
558	Whole_Blood	108	3624	0.029801324503311258
559	Whole_Blood	105	3624	0.028973509933774833
560	Whole_Blood	105	3624	0.028973509933774833
561	Whole_Blood	100	3624	0.02759381898454746
562	Whole_Blood	117	3624	0.03228476821192053
563	Whole_Blood	113	3624	0.03118101545253863
564	Whole_Blood	99	3624	0.027317880794701987
565	Whole_Blood	99	3624	0.027317880794701987
566	Whole_Blood	126	3624	0.0347682119205298
567	Whole_Blood	102	3624	0.028145695364238412
568	Whole_Blood	107	3624	0.029525386313465785
569	Whole_Blood	118	3624	0.032560706401766004
570	Whole_Blood	114	3624	0.03145695364238411
571	Whole_Blood	97	3624	0.02676600441501104
572	Whole_Blood	108	3624	0.029801324503311258
573	Whole_Blood	105	3624	0.028973509933774833
574	Whole_Blood	122	3624	0.0336644591611479
575	Whole_Blood	102	3624	0.028145695364238412
576	Whole_Blood	97	3624	0.02676600441501104
577	Whole_Blood	106	3624	0.02924944812362031
578	Whole_Blood	111	3624	0.030629139072847682
579	Whole_Blood	119	3624	0.03283664459161148
580	Whole_Blood	121	3624	0.033388520971302425
581	Whole_Blood	107	3624	0.029525386313465785
582	Whole_Blood	131	3624	0.03614790286975717
583	Whole_Blood	123	3624	0.03394039735099338
584	Whole_Blood	130	3624	0.0358719646799117
585	Whole_Blood	101	3624	0.027869757174392936
586	Whole_Blood	117	3624	0.03228476821192053
587	Whole_Blood	126	3624	0.0347682119205298
588	Whole_Blood	97	3624	0.02676600441501104
589	Whole_Blood	114	3624	0.03145695364238411
590	Whole_Blood	106	3624	0.02924944812362031
591	Whole_Blood	89	3624	0.02455849889624724
592	Whole_Blood	115	3624	0.03173289183222958
593	Whole_Blood	108	3624	0.029801324503311258
594	Whole_Blood	111	3624	0.030629139072847682
595	Whole_Blood	108	3624	0.029801324503311258
596	Whole_Blood	115	3624	0.03173289183222958
597	Whole_Blood	92	3624	0.025386313465783666
598	Whole_Blood	112	3624	0.03090507726269316
599	Whole_Blood	125	3624	0.03449227373068433
600	Whole_Blood	112	3624	0.03090507726269316
601	Whole_Blood	93	3624	0.02566225165562914
602	Whole_Blood	111	3624	0.030629139072847682
603	Whole_Blood	102	3624	0.028145695364238412
604	Whole_Blood	103	3624	0.028421633554083885
605	Whole_Blood	110	3624	0.030353200883002206
606	Whole_Blood	112	3624	0.03090507726269316
607	Whole_Blood	121	3624	0.033388520971302425
608	Whole_Blood	116	3624	0.03200883002207505
609	Whole_Blood	101	3624	0.027869757174392936
610	Whole_Blood	98	3624	0.02704194260485651
611	Whole_Blood	104	3624	0.02869757174392936
612	Whole_Blood	108	3624	0.029801324503311258
613	Whole_Blood	108	3624	0.029801324503311258
614	Whole_Blood	116	3624	0.03200883002207505
615	Whole_Blood	124	3624	0.03421633554083885
616	Whole_Blood	93	3624	0.02566225165562914
617	Whole_Blood	115	3624	0.03173289183222958
618	Whole_Blood	104	3624	0.02869757174392936
619	Whole_Blood	105	3624	0.028973509933774833
620	Whole_Blood	100	3624	0.02759381898454746
621	Whole_Blood	132	3624	0.03642384105960265
622	Whole_Blood	114	3624	0.03145695364238411
623	Whole_Blood	113	3624	0.03118101545253863
624	Whole_Blood	108	3624	0.029801324503311258
625	Whole_Blood	107	3624	0.029525386313465785
626	Whole_Blood	117	3624	0.03228476821192053
627	Whole_Blood	98	3624	0.02704194260485651
628	Whole_Blood	112	3624	0.03090507726269316
629	Whole_Blood	120	3624	0.033112582781456956
630	Whole_Blood	107	3624	0.029525386313465785
631	Whole_Blood	117	3624	0.03228476821192053
632	Whole_Blood	105	3624	0.028973509933774833
633	Whole_Blood	105	3624	0.028973509933774833
634	Whole_Blood	115	3624	0.03173289183222958
635	Whole_Blood	128	3624	0.03532008830022075
636	Whole_Blood	109	3624	0.030077262693156734
637	Whole_Blood	116	3624	0.03200883002207505
638	Whole_Blood	117	3624	0.03228476821192053
639	Whole_Blood	103	3624	0.028421633554083885
640	Whole_Blood	108	3624	0.029801324503311258
641	Whole_Blood	113	3624	0.03118101545253863
642	Whole_Blood	106	3624	0.02924944812362031
643	Whole_Blood	119	3624	0.03283664459161148
644	Whole_Blood	124	3624	0.03421633554083885
645	Whole_Blood	125	3624	0.03449227373068433
646	Whole_Blood	103	3624	0.028421633554083885
647	Whole_Blood	103	3624	0.028421633554083885
648	Whole_Blood	109	3624	0.030077262693156734
649	Whole_Blood	117	3624	0.03228476821192053
650	Whole_Blood	116	3624	0.03200883002207505
651	Whole_Blood	103	3624	0.028421633554083885
652	Whole_Blood	107	3624	0.029525386313465785
653	Whole_Blood	110	3624	0.030353200883002206
654	Whole_Blood	104	3624	0.02869757174392936
655	Whole_Blood	125	3624	0.03449227373068433
656	Whole_Blood	111	3624	0.030629139072847682
657	Whole_Blood	117	3624	0.03228476821192053
658	Whole_Blood	125	3624	0.03449227373068433
659	Whole_Blood	111	3624	0.030629139072847682
660	Whole_Blood	109	3624	0.030077262693156734
661	Whole_Blood	115	3624	0.03173289183222958
662	Whole_Blood	124	3624	0.03421633554083885
663	Whole_Blood	104	3624	0.02869757174392936
664	Whole_Blood	115	3624	0.03173289183222958
665	Whole_Blood	108	3624	0.029801324503311258
666	Whole_Blood	105	3624	0.028973509933774833
667	Whole_Blood	104	3624	0.02869757174392936
668	Whole_Blood	118	3624	0.032560706401766004
669	Whole_Blood	105	3624	0.028973509933774833
670	Whole_Blood	99	3624	0.027317880794701987
671	Whole_Blood	102	3624	0.028145695364238412
672	Whole_Blood	105	3624	0.028973509933774833
673	Whole_Blood	108	3624	0.029801324503311258
674	Whole_Blood	117	3624	0.03228476821192053
675	Whole_Blood	107	3624	0.029525386313465785
676	Whole_Blood	94	3624	0.025938189845474614
677	Whole_Blood	110	3624	0.030353200883002206
678	Whole_Blood	113	3624	0.03118101545253863
679	Whole_Blood	129	3624	0.03559602649006623
680	Whole_Blood	111	3624	0.030629139072847682
681	Whole_Blood	126	3624	0.0347682119205298
682	Whole_Blood	108	3624	0.029801324503311258
683	Whole_Blood	115	3624	0.03173289183222958
684	Whole_Blood	116	3624	0.03200883002207505
685	Whole_Blood	118	3624	0.032560706401766004
686	Whole_Blood	129	3624	0.03559602649006623
687	Whole_Blood	111	3624	0.030629139072847682
688	Whole_Blood	131	3624	0.03614790286975717
689	Whole_Blood	108	3624	0.029801324503311258
690	Whole_Blood	117	3624	0.03228476821192053
691	Whole_Blood	100	3624	0.02759381898454746
692	Whole_Blood	125	3624	0.03449227373068433
693	Whole_Blood	123	3624	0.03394039735099338
694	Whole_Blood	114	3624	0.03145695364238411
695	Whole_Blood	117	3624	0.03228476821192053
696	Whole_Blood	108	3624	0.029801324503311258
697	Whole_Blood	115	3624	0.03173289183222958
698	Whole_Blood	110	3624	0.030353200883002206
699	Whole_Blood	115	3624	0.03173289183222958
700	Whole_Blood	101	3624	0.027869757174392936
701	Whole_Blood	116	3624	0.03200883002207505
702	Whole_Blood	116	3624	0.03200883002207505
703	Whole_Blood	114	3624	0.03145695364238411
704	Whole_Blood	119	3624	0.03283664459161148
705	Whole_Blood	115	3624	0.03173289183222958
706	Whole_Blood	106	3624	0.02924944812362031
707	Whole_Blood	109	3624	0.030077262693156734
708	Whole_Blood	99	3624	0.027317880794701987
709	Whole_Blood	114	3624	0.03145695364238411
710	Whole_Blood	118	3624	0.032560706401766004
711	Whole_Blood	107	3624	0.029525386313465785
712	Whole_Blood	116	3624	0.03200883002207505
713	Whole_Blood	120	3624	0.033112582781456956
714	Whole_Blood	114	3624	0.03145695364238411
715	Whole_Blood	101	3624	0.027869757174392936
716	Whole_Blood	104	3624	0.02869757174392936
717	Whole_Blood	118	3624	0.032560706401766004
718	Whole_Blood	139	3624	0.03835540838852097
719	Whole_Blood	99	3624	0.027317880794701987
720	Whole_Blood	108	3624	0.029801324503311258
721	Whole_Blood	106	3624	0.02924944812362031
722	Whole_Blood	108	3624	0.029801324503311258
723	Whole_Blood	91	3624	0.02511037527593819
724	Whole_Blood	107	3624	0.029525386313465785
725	Whole_Blood	98	3624	0.02704194260485651
726	Whole_Blood	115	3624	0.03173289183222958
727	Whole_Blood	105	3624	0.028973509933774833
728	Whole_Blood	142	3624	0.039183222958057394
729	Whole_Blood	105	3624	0.028973509933774833
730	Whole_Blood	92	3624	0.025386313465783666
731	Whole_Blood	115	3624	0.03173289183222958
732	Whole_Blood	117	3624	0.03228476821192053
733	Whole_Blood	93	3624	0.02566225165562914
734	Whole_Blood	111	3624	0.030629139072847682
735	Whole_Blood	106	3624	0.02924944812362031
736	Whole_Blood	106	3624	0.02924944812362031
737	Whole_Blood	122	3624	0.0336644591611479
738	Whole_Blood	120	3624	0.033112582781456956
739	Whole_Blood	108	3624	0.029801324503311258
740	Whole_Blood	92	3624	0.025386313465783666
741	Whole_Blood	117	3624	0.03228476821192053
742	Whole_Blood	111	3624	0.030629139072847682
743	Whole_Blood	116	3624	0.03200883002207505
744	Whole_Blood	99	3624	0.027317880794701987
745	Whole_Blood	116	3624	0.03200883002207505
746	Whole_Blood	107	3624	0.029525386313465785
747	Whole_Blood	105	3624	0.028973509933774833
748	Whole_Blood	108	3624	0.029801324503311258
749	Whole_Blood	114	3624	0.03145695364238411
750	Whole_Blood	96	3624	0.026490066225165563
751	Whole_Blood	109	3624	0.030077262693156734
752	Whole_Blood	114	3624	0.03145695364238411
753	Whole_Blood	109	3624	0.030077262693156734
754	Whole_Blood	114	3624	0.03145695364238411
755	Whole_Blood	94	3624	0.025938189845474614
756	Whole_Blood	125	3624	0.03449227373068433
757	Whole_Blood	122	3624	0.0336644591611479
758	Whole_Blood	117	3624	0.03228476821192053
759	Whole_Blood	98	3624	0.02704194260485651
760	Whole_Blood	118	3624	0.032560706401766004
761	Whole_Blood	99	3624	0.027317880794701987
762	Whole_Blood	100	3624	0.02759381898454746
763	Whole_Blood	112	3624	0.03090507726269316
764	Whole_Blood	119	3624	0.03283664459161148
765	Whole_Blood	106	3624	0.02924944812362031
766	Whole_Blood	102	3624	0.028145695364238412
767	Whole_Blood	100	3624	0.02759381898454746
768	Whole_Blood	125	3624	0.03449227373068433
769	Whole_Blood	117	3624	0.03228476821192053
770	Whole_Blood	99	3624	0.027317880794701987
771	Whole_Blood	114	3624	0.03145695364238411
772	Whole_Blood	105	3624	0.028973509933774833
773	Whole_Blood	92	3624	0.025386313465783666
774	Whole_Blood	104	3624	0.02869757174392936
775	Whole_Blood	106	3624	0.02924944812362031
776	Whole_Blood	108	3624	0.029801324503311258
777	Whole_Blood	110	3624	0.030353200883002206
778	Whole_Blood	113	3624	0.03118101545253863
779	Whole_Blood	127	3624	0.035044150110375274
780	Whole_Blood	103	3624	0.028421633554083885
781	Whole_Blood	114	3624	0.03145695364238411
782	Whole_Blood	116	3624	0.03200883002207505
783	Whole_Blood	105	3624	0.028973509933774833
784	Whole_Blood	132	3624	0.03642384105960265
785	Whole_Blood	103	3624	0.028421633554083885
786	Whole_Blood	117	3624	0.03228476821192053
787	Whole_Blood	107	3624	0.029525386313465785
788	Whole_Blood	100	3624	0.02759381898454746
789	Whole_Blood	122	3624	0.0336644591611479
790	Whole_Blood	95	3624	0.026214128035320087
791	Whole_Blood	107	3624	0.029525386313465785
792	Whole_Blood	98	3624	0.02704194260485651
793	Whole_Blood	117	3624	0.03228476821192053
794	Whole_Blood	134	3624	0.0369757174392936
795	Whole_Blood	124	3624	0.03421633554083885
796	Whole_Blood	115	3624	0.03173289183222958
797	Whole_Blood	100	3624	0.02759381898454746
798	Whole_Blood	112	3624	0.03090507726269316
799	Whole_Blood	129	3624	0.03559602649006623
800	Whole_Blood	118	3624	0.032560706401766004
801	Whole_Blood	113	3624	0.03118101545253863
802	Whole_Blood	103	3624	0.028421633554083885
803	Whole_Blood	125	3624	0.03449227373068433
804	Whole_Blood	112	3624	0.03090507726269316
805	Whole_Blood	103	3624	0.028421633554083885
806	Whole_Blood	103	3624	0.028421633554083885
807	Whole_Blood	113	3624	0.03118101545253863
808	Whole_Blood	112	3624	0.03090507726269316
809	Whole_Blood	125	3624	0.03449227373068433
810	Whole_Blood	110	3624	0.030353200883002206
811	Whole_Blood	107	3624	0.029525386313465785
812	Whole_Blood	109	3624	0.030077262693156734
813	Whole_Blood	118	3624	0.032560706401766004
814	Whole_Blood	103	3624	0.028421633554083885
815	Whole_Blood	112	3624	0.03090507726269316
816	Whole_Blood	111	3624	0.030629139072847682
817	Whole_Blood	125	3624	0.03449227373068433
818	Whole_Blood	125	3624	0.03449227373068433
819	Whole_Blood	96	3624	0.026490066225165563
820	Whole_Blood	110	3624	0.030353200883002206
821	Whole_Blood	106	3624	0.02924944812362031
822	Whole_Blood	107	3624	0.029525386313465785
823	Whole_Blood	93	3624	0.02566225165562914
824	Whole_Blood	96	3624	0.026490066225165563
825	Whole_Blood	109	3624	0.030077262693156734
826	Whole_Blood	128	3624	0.03532008830022075
827	Whole_Blood	109	3624	0.030077262693156734
828	Whole_Blood	119	3624	0.03283664459161148
829	Whole_Blood	104	3624	0.02869757174392936
830	Whole_Blood	99	3624	0.027317880794701987
831	Whole_Blood	112	3624	0.03090507726269316
832	Whole_Blood	109	3624	0.030077262693156734
833	Whole_Blood	124	3624	0.03421633554083885
834	Whole_Blood	114	3624	0.03145695364238411
835	Whole_Blood	99	3624	0.027317880794701987
836	Whole_Blood	104	3624	0.02869757174392936
837	Whole_Blood	114	3624	0.03145695364238411
838	Whole_Blood	108	3624	0.029801324503311258
839	Whole_Blood	108	3624	0.029801324503311258
840	Whole_Blood	94	3624	0.025938189845474614
841	Whole_Blood	112	3624	0.03090507726269316
842	Whole_Blood	106	3624	0.02924944812362031
843	Whole_Blood	106	3624	0.02924944812362031
844	Whole_Blood	104	3624	0.02869757174392936
845	Whole_Blood	116	3624	0.03200883002207505
846	Whole_Blood	117	3624	0.03228476821192053
847	Whole_Blood	99	3624	0.027317880794701987
848	Whole_Blood	109	3624	0.030077262693156734
849	Whole_Blood	97	3624	0.02676600441501104
850	Whole_Blood	101	3624	0.027869757174392936
851	Whole_Blood	106	3624	0.02924944812362031
852	Whole_Blood	116	3624	0.03200883002207505
853	Whole_Blood	98	3624	0.02704194260485651
854	Whole_Blood	102	3624	0.028145695364238412
855	Whole_Blood	126	3624	0.0347682119205298
856	Whole_Blood	100	3624	0.02759381898454746
857	Whole_Blood	117	3624	0.03228476821192053
858	Whole_Blood	109	3624	0.030077262693156734
859	Whole_Blood	113	3624	0.03118101545253863
860	Whole_Blood	94	3624	0.025938189845474614
861	Whole_Blood	106	3624	0.02924944812362031
862	Whole_Blood	107	3624	0.029525386313465785
863	Whole_Blood	111	3624	0.030629139072847682
864	Whole_Blood	111	3624	0.030629139072847682
865	Whole_Blood	115	3624	0.03173289183222958
866	Whole_Blood	99	3624	0.027317880794701987
867	Whole_Blood	109	3624	0.030077262693156734
868	Whole_Blood	107	3624	0.029525386313465785
869	Whole_Blood	116	3624	0.03200883002207505
870	Whole_Blood	102	3624	0.028145695364238412
871	Whole_Blood	124	3624	0.03421633554083885
872	Whole_Blood	99	3624	0.027317880794701987
873	Whole_Blood	107	3624	0.029525386313465785
874	Whole_Blood	110	3624	0.030353200883002206
875	Whole_Blood	112	3624	0.03090507726269316
876	Whole_Blood	97	3624	0.02676600441501104
877	Whole_Blood	133	3624	0.036699779249448124
878	Whole_Blood	112	3624	0.03090507726269316
879	Whole_Blood	119	3624	0.03283664459161148
880	Whole_Blood	120	3624	0.033112582781456956
881	Whole_Blood	116	3624	0.03200883002207505
882	Whole_Blood	119	3624	0.03283664459161148
883	Whole_Blood	99	3624	0.027317880794701987
884	Whole_Blood	111	3624	0.030629139072847682
885	Whole_Blood	112	3624	0.03090507726269316
886	Whole_Blood	111	3624	0.030629139072847682
887	Whole_Blood	116	3624	0.03200883002207505
888	Whole_Blood	118	3624	0.032560706401766004
889	Whole_Blood	114	3624	0.03145695364238411
890	Whole_Blood	118	3624	0.032560706401766004
891	Whole_Blood	115	3624	0.03173289183222958
892	Whole_Blood	107	3624	0.029525386313465785
893	Whole_Blood	104	3624	0.02869757174392936
894	Whole_Blood	107	3624	0.029525386313465785
895	Whole_Blood	100	3624	0.02759381898454746
896	Whole_Blood	106	3624	0.02924944812362031
897	Whole_Blood	120	3624	0.033112582781456956
898	Whole_Blood	122	3624	0.0336644591611479
899	Whole_Blood	107	3624	0.029525386313465785
900	Whole_Blood	120	3624	0.033112582781456956
901	Whole_Blood	111	3624	0.030629139072847682
902	Whole_Blood	114	3624	0.03145695364238411
903	Whole_Blood	124	3624	0.03421633554083885
904	Whole_Blood	113	3624	0.03118101545253863
905	Whole_Blood	104	3624	0.02869757174392936
906	Whole_Blood	100	3624	0.02759381898454746
907	Whole_Blood	111	3624	0.030629139072847682
908	Whole_Blood	108	3624	0.029801324503311258
909	Whole_Blood	131	3624	0.03614790286975717
910	Whole_Blood	113	3624	0.03118101545253863
911	Whole_Blood	109	3624	0.030077262693156734
912	Whole_Blood	105	3624	0.028973509933774833
913	Whole_Blood	131	3624	0.03614790286975717
914	Whole_Blood	125	3624	0.03449227373068433
915	Whole_Blood	91	3624	0.02511037527593819
916	Whole_Blood	107	3624	0.029525386313465785
917	Whole_Blood	110	3624	0.030353200883002206
918	Whole_Blood	106	3624	0.02924944812362031
919	Whole_Blood	96	3624	0.026490066225165563
920	Whole_Blood	99	3624	0.027317880794701987
921	Whole_Blood	101	3624	0.027869757174392936
922	Whole_Blood	100	3624	0.02759381898454746
923	Whole_Blood	113	3624	0.03118101545253863
924	Whole_Blood	104	3624	0.02869757174392936
925	Whole_Blood	113	3624	0.03118101545253863
926	Whole_Blood	93	3624	0.02566225165562914
927	Whole_Blood	107	3624	0.029525386313465785
928	Whole_Blood	131	3624	0.03614790286975717
929	Whole_Blood	108	3624	0.029801324503311258
930	Whole_Blood	114	3624	0.03145695364238411
931	Whole_Blood	116	3624	0.03200883002207505
932	Whole_Blood	100	3624	0.02759381898454746
933	Whole_Blood	106	3624	0.02924944812362031
934	Whole_Blood	112	3624	0.03090507726269316
935	Whole_Blood	102	3624	0.028145695364238412
936	Whole_Blood	139	3624	0.03835540838852097
937	Whole_Blood	120	3624	0.033112582781456956
938	Whole_Blood	119	3624	0.03283664459161148
939	Whole_Blood	109	3624	0.030077262693156734
940	Whole_Blood	112	3624	0.03090507726269316
941	Whole_Blood	107	3624	0.029525386313465785
942	Whole_Blood	110	3624	0.030353200883002206
943	Whole_Blood	128	3624	0.03532008830022075
944	Whole_Blood	102	3624	0.028145695364238412
945	Whole_Blood	99	3624	0.027317880794701987
946	Whole_Blood	98	3624	0.02704194260485651
947	Whole_Blood	105	3624	0.028973509933774833
948	Whole_Blood	104	3624	0.02869757174392936
949	Whole_Blood	104	3624	0.02869757174392936
950	Whole_Blood	105	3624	0.028973509933774833
951	Whole_Blood	94	3624	0.025938189845474614
952	Whole_Blood	105	3624	0.028973509933774833
953	Whole_Blood	104	3624	0.02869757174392936
954	Whole_Blood	105	3624	0.028973509933774833
955	Whole_Blood	120	3624	0.033112582781456956
956	Whole_Blood	105	3624	0.028973509933774833
957	Whole_Blood	91	3624	0.02511037527593819
958	Whole_Blood	96	3624	0.026490066225165563
959	Whole_Blood	128	3624	0.03532008830022075
960	Whole_Blood	121	3624	0.033388520971302425
961	Whole_Blood	123	3624	0.03394039735099338
962	Whole_Blood	104	3624	0.02869757174392936
963	Whole_Blood	111	3624	0.030629139072847682
964	Whole_Blood	105	3624	0.028973509933774833
965	Whole_Blood	127	3624	0.035044150110375274
966	Whole_Blood	98	3624	0.02704194260485651
967	Whole_Blood	110	3624	0.030353200883002206
968	Whole_Blood	103	3624	0.028421633554083885
969	Whole_Blood	112	3624	0.03090507726269316
970	Whole_Blood	125	3624	0.03449227373068433
971	Whole_Blood	110	3624	0.030353200883002206
972	Whole_Blood	114	3624	0.03145695364238411
973	Whole_Blood	130	3624	0.0358719646799117
974	Whole_Blood	99	3624	0.027317880794701987
975	Whole_Blood	106	3624	0.02924944812362031
976	Whole_Blood	99	3624	0.027317880794701987
977	Whole_Blood	115	3624	0.03173289183222958
978	Whole_Blood	117	3624	0.03228476821192053
979	Whole_Blood	113	3624	0.03118101545253863
980	Whole_Blood	108	3624	0.029801324503311258
981	Whole_Blood	108	3624	0.029801324503311258
982	Whole_Blood	107	3624	0.029525386313465785
983	Whole_Blood	109	3624	0.030077262693156734
984	Whole_Blood	108	3624	0.029801324503311258
985	Whole_Blood	108	3624	0.029801324503311258
986	Whole_Blood	97	3624	0.02676600441501104
987	Whole_Blood	109	3624	0.030077262693156734
988	Whole_Blood	92	3624	0.025386313465783666
989	Whole_Blood	115	3624	0.03173289183222958
990	Whole_Blood	105	3624	0.028973509933774833
991	Whole_Blood	123	3624	0.03394039735099338
992	Whole_Blood	105	3624	0.028973509933774833
993	Whole_Blood	118	3624	0.032560706401766004
994	Whole_Blood	114	3624	0.03145695364238411
995	Whole_Blood	100	3624	0.02759381898454746
996	Whole_Blood	104	3624	0.02869757174392936
997	Whole_Blood	117	3624	0.03228476821192053
998	Whole_Blood	129	3624	0.03559602649006623
999	Whole_Blood	114	3624	0.03145695364238411
1000	Whole_Blood	108	3624	0.029801324503311258
