permutation_id	var_all	var_mpra_hit	var_ratio	tissue
observed	35012	522	0.0149	Adipose
observed	33507	508	0.0152	Adrenal_Gland
observed	28792	482	0.0167	Liver
observed	5074	92	0.0181	Muscle
observed	36560	496	0.0136	Pancreas_Body
observed	7259	70	0.00964	Skin
observed	10972	173	0.0158	Spleen
observed	47193	789	0.0167	Whole_Blood
1	36237	100	0.0027596103430195655	Adipose
10	36269	96	0.002646888527392539	Adipose
100	36235	76	0.0020974196219125155	Adipose
1000	36269	111	0.0030604648597976234	Adipose
101	36231	94	0.0025944633049046397	Adipose
102	36253	90	0.0024825531680136817	Adipose
103	36250	98	0.002703448275862069	Adipose
104	36263	83	0.002288834349061026	Adipose
105	36276	77	0.002122615503363105	Adipose
106	36261	104	0.002868095198698326	Adipose
107	36268	103	0.002839969118782398	Adipose
108	36276	83	0.0022880141140147756	Adipose
109	36274	88	0.0024259800408005733	Adipose
11	36259	111	0.003061308916406961	Adipose
110	36274	108	0.002977339140982522	Adipose
111	36270	89	0.002453818582850841	Adipose
112	36280	92	0.002535832414553473	Adipose
113	36244	99	0.0027314865908840084	Adipose
114	36273	111	0.0030601273674634023	Adipose
115	36252	83	0.002289528853580492	Adipose
116	36286	78	0.002149589373312021	Adipose
117	36259	90	0.0024821423646542926	Adipose
118	36243	78	0.00215213972353282	Adipose
119	36246	79	0.0021795508469900126	Adipose
12	36237	92	0.0025388415155780004	Adipose
120	36250	93	0.0025655172413793104	Adipose
121	36237	98	0.0027044181361591743	Adipose
122	36266	88	0.0024265151932939943	Adipose
123	36289	86	0.0023698641461599936	Adipose
124	36260	88	0.0024269167126309984	Adipose
125	36234	114	0.0031462162609703593	Adipose
126	36262	96	0.002647399481550935	Adipose
127	36241	101	0.0027868988162578294	Adipose
128	36250	99	0.0027310344827586206	Adipose
129	36231	94	0.0025944633049046397	Adipose
13	36227	105	0.0028983907030667735	Adipose
130	36266	98	0.002702255556168312	Adipose
131	36254	103	0.002841065813427484	Adipose
132	36200	80	0.0022099447513812156	Adipose
133	36249	92	0.002538001048304781	Adipose
134	36256	90	0.0024823477493380406	Adipose
135	36269	95	0.002619316771898867	Adipose
136	36288	95	0.0026179453262786595	Adipose
137	36274	92	0.002536251860836963	Adipose
138	36289	80	0.002204524787125575	Adipose
139	36265	82	0.0022611333241417345	Adipose
14	36233	112	0.0030911047939723457	Adipose
140	36224	102	0.0028158127208480566	Adipose
141	36212	83	0.0022920578813652934	Adipose
142	36251	89	0.0024551046867672616	Adipose
143	36243	101	0.002786745026625831	Adipose
144	36231	98	0.002704865998730369	Adipose
145	36264	102	0.0028127068166776967	Adipose
146	36318	86	0.0023679718046147914	Adipose
147	36266	99	0.0027298295924557438	Adipose
148	36277	91	0.0025084764451305235	Adipose
149	36269	92	0.00253660150541785	Adipose
15	36242	111	0.0030627448816290493	Adipose
150	36259	97	0.002675197881905182	Adipose
151	36259	89	0.002454563005047023	Adipose
152	36225	92	0.0025396825396825397	Adipose
153	36241	104	0.002869677989017963	Adipose
154	36264	92	0.0025369512464151777	Adipose
155	36261	93	0.00256473897575908	Adipose
156	36263	71	0.0019579185395582274	Adipose
157	36258	110	0.0030338132274256714	Adipose
158	36266	79	0.0021783488667071085	Adipose
159	36237	100	0.0027596103430195655	Adipose
16	36260	86	0.0023717595146166576	Adipose
160	36268	88	0.0024263813830373883	Adipose
161	36271	95	0.0026191723415400735	Adipose
162	36246	101	0.0027865143739998896	Adipose
163	36269	78	0.002150596928506438	Adipose
164	36239	87	0.0024007284969232044	Adipose
165	36229	113	0.0031190482762427888	Adipose
166	36243	100	0.002759153491708744	Adipose
167	36244	82	0.0022624434389140274	Adipose
168	36278	87	0.002398147637686752	Adipose
169	36278	98	0.00270136170681956	Adipose
17	36272	96	0.002646669607410675	Adipose
170	36245	94	0.002593461167057525	Adipose
171	36263	88	0.0024267159363538593	Adipose
172	36259	86	0.002371824926225213	Adipose
173	36229	93	0.0025670043335449502	Adipose
174	36240	106	0.002924944812362031	Adipose
175	36230	99	0.0027325420921887936	Adipose
176	36263	88	0.0024267159363538593	Adipose
177	36261	81	0.0022338049143708115	Adipose
178	36282	78	0.002149826360178601	Adipose
179	36239	92	0.0025387013990452274	Adipose
18	36254	82	0.002261819385447123	Adipose
180	36247	97	0.002676083537947968	Adipose
181	36259	90	0.0024821423646542926	Adipose
182	36217	88	0.0024297981610845736	Adipose
183	36261	105	0.002895673037147348	Adipose
184	36219	95	0.002622932714873409	Adipose
185	36292	96	0.0026452110657996255	Adipose
186	36265	98	0.0027023300703157313	Adipose
187	36303	95	0.0026168636200864944	Adipose
188	36270	83	0.002288392610973256	Adipose
189	36267	94	0.0025918879422064133	Adipose
19	36293	82	0.0022593888628661173	Adipose
190	36246	92	0.0025382111129503945	Adipose
191	36275	88	0.0024259131633356306	Adipose
192	36241	100	0.002759305758671118	Adipose
193	36283	90	0.0024805005098806603	Adipose
194	36218	79	0.002181235849577558	Adipose
195	36191	99	0.0027354867232184795	Adipose
196	36281	74	0.0020396350706981614	Adipose
197	36287	103	0.0028384821010279163	Adipose
198	36233	95	0.0026219192448872575	Adipose
199	36239	80	0.0022075664339523716	Adipose
2	36236	102	0.002814880229605917	Adipose
20	36262	109	0.003005901494677624	Adipose
200	36263	116	0.0031988528251937235	Adipose
201	36220	96	0.002650469353948095	Adipose
202	36232	92	0.0025391918745860014	Adipose
203	36237	86	0.0023732648949968266	Adipose
204	36271	87	0.0023986104601472252	Adipose
205	36300	83	0.002286501377410468	Adipose
206	36281	98	0.0027011383368705385	Adipose
207	36262	97	0.002674976559483757	Adipose
208	36316	96	0.0026434629364467453	Adipose
209	36271	93	0.0025640318711918613	Adipose
21	36274	106	0.002922203230964327	Adipose
210	36224	82	0.0022636925795053004	Adipose
211	36246	91	0.002510621861722673	Adipose
212	36233	96	0.002649518394833439	Adipose
213	36265	78	0.0021508341375982352	Adipose
214	36270	96	0.0026468155500413565	Adipose
215	36212	84	0.0023196730365624657	Adipose
216	36252	96	0.0026481297583581596	Adipose
217	36296	79	0.0021765483799867755	Adipose
218	36217	90	0.0024850208465637684	Adipose
219	36294	108	0.002975698462555794	Adipose
22	36244	86	0.0023728065334951993	Adipose
220	36252	93	0.002565375703409467	Adipose
221	36246	77	0.0021243723445345695	Adipose
222	36300	105	0.002892561983471074	Adipose
223	36273	75	0.0020676536266644612	Adipose
224	36249	93	0.002565588016221137	Adipose
225	36283	88	0.002425378276327757	Adipose
226	36261	106	0.0029232508755963706	Adipose
227	36274	76	0.0020951645806914043	Adipose
228	36245	92	0.002538281142226514	Adipose
229	36252	78	0.0021516054286660046	Adipose
23	36278	90	0.0024808423838138817	Adipose
230	36251	82	0.0022620065653361286	Adipose
231	36260	105	0.0028957528957528956	Adipose
232	36260	101	0.002785438499724214	Adipose
233	36252	84	0.0023171135385633896	Adipose
234	36269	95	0.002619316771898867	Adipose
235	36258	95	0.0026201114236858074	Adipose
236	36237	93	0.0025664376190081962	Adipose
237	36239	93	0.0025662959794696323	Adipose
238	36260	95	0.0026199669056811915	Adipose
239	36271	83	0.002288329519450801	Adipose
24	36245	90	0.0024831011173955028	Adipose
240	36251	88	0.002427519240848528	Adipose
241	36235	95	0.0026217745273906445	Adipose
242	36208	107	0.0029551480335837385	Adipose
243	36301	85	0.002341533291093909	Adipose
244	36272	85	0.002343405381561535	Adipose
245	36240	89	0.002455849889624724	Adipose
246	36237	83	0.0022904765847062396	Adipose
247	36281	81	0.0022325735233317714	Adipose
248	36229	100	0.002760219713489194	Adipose
249	36260	105	0.0028957528957528956	Adipose
25	36268	98	0.002702106540200728	Adipose
250	36276	93	0.0025636784651008934	Adipose
251	36272	86	0.0023709748566387297	Adipose
252	36265	91	0.002509306493864608	Adipose
253	36261	92	0.0025371611373100574	Adipose
254	36262	85	0.0023440516242898904	Adipose
255	36277	83	0.002287951043360807	Adipose
256	36232	81	0.0022355928461028924	Adipose
257	36286	101	0.0027834426500578735	Adipose
258	36269	87	0.0023987427279494886	Adipose
259	36279	79	0.0021775682901954297	Adipose
26	36223	94	0.0025950363029014715	Adipose
260	36268	94	0.002591816477335392	Adipose
261	36223	87	0.002401788918642851	Adipose
262	36268	102	0.0028123966030660637	Adipose
263	36238	73	0.002014459959158894	Adipose
264	36312	102	0.0028089887640449437	Adipose
265	36287	83	0.002287320528012787	Adipose
266	36255	86	0.0023720866087436217	Adipose
267	36253	89	0.002454969243924641	Adipose
268	36265	92	0.0025368812905004826	Adipose
269	36235	104	0.0028701531668276527	Adipose
27	36273	94	0.0025914592120861247	Adipose
270	36238	74	0.0020420553010651802	Adipose
271	36248	107	0.0029518870006621056	Adipose
272	36239	77	0.002124782692679158	Adipose
273	36263	75	0.0020682238093924937	Adipose
274	36263	79	0.00217852907922676	Adipose
275	36271	79	0.0021780485787543766	Adipose
276	36244	101	0.0027866681381745946	Adipose
277	36208	81	0.0022370746796288115	Adipose
278	36236	85	0.0023457335246715974	Adipose
279	36265	93	0.0025644560871363573	Adipose
28	36272	103	0.0028396559329510367	Adipose
280	36244	84	0.002317624986204613	Adipose
281	36230	108	0.0029809550096605024	Adipose
282	36285	101	0.002783519360617335	Adipose
283	36261	82	0.002261382752819834	Adipose
284	36238	108	0.0029802969258789116	Adipose
285	36233	86	0.0023735268953716227	Adipose
286	36279	93	0.0025634664682047466	Adipose
287	36262	90	0.0024819370139540016	Adipose
288	36271	89	0.002453750930495437	Adipose
289	36247	81	0.002234667696636963	Adipose
29	36245	87	0.002400331080148986	Adipose
290	36248	83	0.002289781505186493	Adipose
291	36247	97	0.002676083537947968	Adipose
292	36278	90	0.0024808423838138817	Adipose
293	36258	99	0.002730431904683104	Adipose
294	36245	95	0.0026210511794730307	Adipose
295	36240	78	0.002152317880794702	Adipose
296	36260	94	0.002592388306674021	Adipose
297	36265	98	0.0027023300703157313	Adipose
298	36243	85	0.0023452804679524324	Adipose
299	36238	90	0.0024835807715657596	Adipose
3	36262	97	0.002674976559483757	Adipose
30	36244	102	0.0028142589118198874	Adipose
300	36226	103	0.002843261745707503	Adipose
301	36242	83	0.0022901605871640637	Adipose
302	36291	96	0.002645283954699512	Adipose
303	36279	105	0.002894236335069875	Adipose
304	36243	88	0.0024280550727036943	Adipose
305	36224	96	0.00265017667844523	Adipose
306	36247	89	0.0024553756172924655	Adipose
307	36289	100	0.002755655983906969	Adipose
308	36268	106	0.0029226866659313997	Adipose
309	36240	99	0.002731788079470199	Adipose
31	36244	108	0.0029798035536916455	Adipose
310	36271	97	0.002674312811888285	Adipose
311	36311	94	0.002588747211588775	Adipose
312	36217	98	0.002705911588480548	Adipose
313	36230	101	0.0027877449627380624	Adipose
314	36244	80	0.002207261891623441	Adipose
315	36255	96	0.002647910633016136	Adipose
316	36258	94	0.002592531303436483	Adipose
317	36263	98	0.002702479110939525	Adipose
318	36268	80	0.0022058012573067166	Adipose
319	36246	100	0.002758925122772168	Adipose
32	36258	98	0.00270285178443378	Adipose
320	36233	109	0.003008307344133801	Adipose
321	36215	81	0.00223664227530029	Adipose
322	36211	97	0.0026787440280577725	Adipose
323	36260	100	0.0027578599007170436	Adipose
324	36259	101	0.002785515320334262	Adipose
325	36256	87	0.002399602824360106	Adipose
326	36261	81	0.0022338049143708115	Adipose
327	36273	105	0.0028947150773302455	Adipose
328	36284	103	0.0028387167897695955	Adipose
329	36239	101	0.0027870526228648694	Adipose
33	36269	117	0.003225895392759657	Adipose
330	36251	98	0.002703373700035861	Adipose
331	36224	92	0.0025397526501766783	Adipose
332	36275	108	0.0029772570640937287	Adipose
333	36216	96	0.0026507620941020544	Adipose
334	36264	86	0.002371497904257666	Adipose
335	36223	108	0.002981531071418712	Adipose
336	36225	77	0.0021256038647342996	Adipose
337	36254	98	0.0027031499972416835	Adipose
338	36267	89	0.002454021562301817	Adipose
339	36275	85	0.002343211578221916	Adipose
34	36298	83	0.0022866273623891125	Adipose
340	36247	97	0.002676083537947968	Adipose
341	36247	88	0.002427787127210528	Adipose
342	36251	89	0.0024551046867672616	Adipose
343	36266	88	0.0024265151932939943	Adipose
344	36266	95	0.0026195334473060167	Adipose
345	36260	93	0.0025648097076668504	Adipose
346	36275	99	0.0027291523087525846	Adipose
347	36250	80	0.002206896551724138	Adipose
348	36254	93	0.0025652341810558834	Adipose
349	36275	87	0.0023983459682977255	Adipose
35	36233	92	0.0025391217950487127	Adipose
350	36279	92	0.0025359023126326524	Adipose
351	36260	88	0.0024269167126309984	Adipose
352	36250	94	0.002593103448275862	Adipose
353	36267	99	0.00272975432211101	Adipose
354	36290	104	0.0028658032515844587	Adipose
355	36235	98	0.0027045674072029807	Adipose
356	36265	99	0.0027299048669516064	Adipose
357	36269	101	0.0027847473048609006	Adipose
358	36279	98	0.002701287246065217	Adipose
359	36252	84	0.0023171135385633896	Adipose
36	36261	98	0.002702628168004192	Adipose
360	36255	95	0.0026203282305888843	Adipose
361	36262	97	0.002674976559483757	Adipose
362	36250	75	0.0020689655172413794	Adipose
363	36250	78	0.0021517241379310345	Adipose
364	36244	92	0.0025383511753669574	Adipose
365	36261	97	0.0026750503295551696	Adipose
366	36201	113	0.003121460733128919	Adipose
367	36286	91	0.0025078542688640247	Adipose
368	36279	86	0.0023705173792000884	Adipose
369	36270	107	0.0029500964984835953	Adipose
37	36285	92	0.0025354829819484634	Adipose
370	36270	99	0.002729528535980149	Adipose
371	36309	90	0.0024787242832355616	Adipose
372	36244	86	0.0023728065334951993	Adipose
373	36275	94	0.0025913163335630597	Adipose
374	36254	91	0.0025100678545815634	Adipose
375	36286	88	0.00242517775450587	Adipose
376	36255	106	0.00292373465728865	Adipose
377	36248	97	0.0026760097108806005	Adipose
378	36208	109	0.003010384445426425	Adipose
379	36248	113	0.0031174133745310085	Adipose
38	36237	90	0.002483649308717609	Adipose
380	36274	106	0.002922203230964327	Adipose
381	36232	81	0.0022355928461028924	Adipose
382	36223	100	0.0027606769179802887	Adipose
383	36255	92	0.0025375810233071302	Adipose
384	36220	99	0.002733296521258973	Adipose
385	36215	97	0.002678448156841088	Adipose
386	36232	83	0.0022907926694634576	Adipose
387	36262	93	0.0025646682477524683	Adipose
388	36239	106	0.0029250255249868924	Adipose
389	36254	85	0.002344568875158603	Adipose
39	36246	54	0.0014898195662969708	Adipose
390	36289	72	0.0019840723084130177	Adipose
391	36262	107	0.0029507473388119794	Adipose
392	36277	99	0.00272900184690024	Adipose
393	36278	110	0.0030321406913280777	Adipose
394	36275	104	0.002866988283942109	Adipose
395	36281	104	0.0028665141534136326	Adipose
396	36253	78	0.002151546078945191	Adipose
397	36282	82	0.0022600738658287854	Adipose
398	36244	85	0.0023452157598499064	Adipose
399	36230	97	0.0026773392216395252	Adipose
4	36241	90	0.0024833751828040066	Adipose
40	36274	97	0.0026740916358824504	Adipose
400	36265	100	0.002757479663587481	Adipose
401	36249	98	0.002703522855802919	Adipose
402	36218	92	0.0025401733944447513	Adipose
403	36237	89	0.0024560532052874135	Adipose
404	36277	92	0.002536042120351738	Adipose
405	36270	100	0.0027570995312930797	Adipose
406	36243	103	0.002841928096460006	Adipose
407	36233	81	0.002235531145640714	Adipose
408	36262	81	0.0022337433125586012	Adipose
409	36280	92	0.002535832414553473	Adipose
41	36262	105	0.002895593182946335	Adipose
410	36217	82	0.002264130104646989	Adipose
411	36237	95	0.0026216298258685874	Adipose
412	36251	87	0.002399933794929795	Adipose
413	36251	82	0.0022620065653361286	Adipose
414	36255	89	0.0024548338160253758	Adipose
415	36262	92	0.0025370911698196458	Adipose
416	36224	71	0.0019600265017667845	Adipose
417	36216	82	0.002264192622045505	Adipose
418	36202	96	0.0026517871940776754	Adipose
419	36254	96	0.0026479836707673635	Adipose
42	36256	98	0.002703000882612533	Adipose
420	36288	95	0.0026179453262786595	Adipose
421	36264	99	0.0027299801455989412	Adipose
422	36239	78	0.0021523772731035624	Adipose
423	36242	80	0.002207383698471387	Adipose
424	36251	102	0.002813715483710794	Adipose
425	36258	84	0.0023167301009432402	Adipose
426	36254	74	0.0020411540795498427	Adipose
427	36247	90	0.0024829641073744035	Adipose
428	36245	101	0.0027865912539660645	Adipose
429	36221	93	0.002567571298418045	Adipose
43	36282	101	0.002783749517667163	Adipose
430	36262	74	0.0020407037670288454	Adipose
431	36233	96	0.002649518394833439	Adipose
432	36258	94	0.002592531303436483	Adipose
433	36234	78	0.002152674283821825	Adipose
434	36245	99	0.002731411229135053	Adipose
435	36262	90	0.0024819370139540016	Adipose
436	36236	108	0.0029804614195827355	Adipose
437	36277	92	0.002536042120351738	Adipose
438	36291	90	0.0024799537075307927	Adipose
439	36280	92	0.002535832414553473	Adipose
44	36207	79	0.0021818985279089677	Adipose
440	36192	103	0.0028459328028293544	Adipose
441	36259	98	0.002702777241512452	Adipose
442	36281	83	0.0022876987955128027	Adipose
443	36261	83	0.0022889605912688564	Adipose
444	36243	75	0.002069365118781558	Adipose
445	36283	87	0.002397817159551305	Adipose
446	36291	101	0.002783059160673445	Adipose
447	36261	100	0.0027577838449022365	Adipose
448	36236	99	0.0027320896346175075	Adipose
449	36242	93	0.0025660835494729873	Adipose
45	36271	92	0.0025364616360177552	Adipose
450	36265	80	0.0022059837308699847	Adipose
451	36260	86	0.0023717595146166576	Adipose
452	36260	95	0.0026199669056811915	Adipose
453	36263	80	0.002206105396685327	Adipose
454	36235	78	0.0021526148751207395	Adipose
455	36280	68	0.0018743109151047408	Adipose
456	36233	87	0.002401126045317804	Adipose
457	36262	96	0.002647399481550935	Adipose
458	36235	95	0.0026217745273906445	Adipose
459	36236	103	0.002842477094602053	Adipose
46	36236	92	0.0025389115796445524	Adipose
460	36267	87	0.0023988750103399784	Adipose
461	36230	96	0.002649737786364891	Adipose
462	36245	96	0.0026486411918885365	Adipose
463	36275	100	0.0027567195037904893	Adipose
464	36280	91	0.002508269018743109	Adipose
465	36244	90	0.002483169628076371	Adipose
466	36235	73	0.0020146267421001793	Adipose
467	36244	94	0.002593532722657543	Adipose
468	36242	89	0.002455714364549418	Adipose
469	36228	92	0.0025394722314232084	Adipose
47	36253	101	0.0027859763329931317	Adipose
470	36237	85	0.002345668791566631	Adipose
471	36257	109	0.0030063160217337344	Adipose
472	36278	85	0.0023430178069353325	Adipose
473	36253	72	0.001986042534410945	Adipose
474	36234	95	0.002621846884141966	Adipose
475	36241	72	0.001986700146243205	Adipose
476	36246	95	0.0026209788666335596	Adipose
477	36262	97	0.002674976559483757	Adipose
478	36263	88	0.0024267159363538593	Adipose
479	36285	83	0.002287446603279592	Adipose
48	36240	96	0.0026490066225165563	Adipose
480	36259	101	0.002785515320334262	Adipose
481	36259	101	0.002785515320334262	Adipose
482	36259	89	0.002454563005047023	Adipose
483	36262	92	0.0025370911698196458	Adipose
484	36291	92	0.002535063789920366	Adipose
485	36257	100	0.002758088093333701	Adipose
486	36259	92	0.0025373010838688325	Adipose
487	36279	92	0.0025359023126326524	Adipose
488	36270	80	0.0022056796250344637	Adipose
489	36233	111	0.0030635056440261638	Adipose
49	36209	91	0.0025131873291170705	Adipose
490	36251	76	0.002096493889823729	Adipose
491	36275	99	0.0027291523087525846	Adipose
492	36284	95	0.0026182339323117627	Adipose
493	36246	103	0.002841692876455333	Adipose
494	36271	92	0.0025364616360177552	Adipose
495	36234	99	0.00273224043715847	Adipose
496	36285	101	0.002783519360617335	Adipose
497	36296	96	0.0026449195503636764	Adipose
498	36236	85	0.0023457335246715974	Adipose
499	36286	91	0.0025078542688640247	Adipose
5	36303	81	0.002231220560284274	Adipose
50	36204	96	0.002651640702684786	Adipose
500	36276	93	0.0025636784651008934	Adipose
501	36268	86	0.0023712363516047203	Adipose
502	36234	93	0.002566650107633714	Adipose
503	36256	102	0.0028133274492497793	Adipose
504	36231	84	0.002318456570340316	Adipose
505	36279	80	0.002205132445767524	Adipose
506	36212	87	0.002402518502153982	Adipose
507	36239	93	0.0025662959794696323	Adipose
508	36206	95	0.0026238744959398994	Adipose
509	36267	93	0.0025643146662254943	Adipose
51	36230	88	0.002428926304167817	Adipose
510	36245	81	0.0022347910056559526	Adipose
511	36254	93	0.0025652341810558834	Adipose
512	36265	77	0.0021232593409623605	Adipose
513	36265	82	0.0022611333241417345	Adipose
514	36255	92	0.0025375810233071302	Adipose
515	36243	62	0.001710675164859421	Adipose
516	36250	74	0.0020413793103448274	Adipose
517	36207	101	0.0027895158394785537	Adipose
518	36254	94	0.0025928173442930436	Adipose
519	36253	81	0.0022342978512123134	Adipose
52	36230	108	0.0029809550096605024	Adipose
520	36247	81	0.002234667696636963	Adipose
521	36250	98	0.002703448275862069	Adipose
522	36261	103	0.0028405173602493038	Adipose
523	36257	80	0.002206470474666961	Adipose
524	36268	89	0.002453953898753722	Adipose
525	36241	94	0.002593747413150851	Adipose
526	36229	102	0.0028154241077589775	Adipose
527	36276	109	0.003004741426838681	Adipose
528	36237	77	0.0021248999641250653	Adipose
529	36253	66	0.0018205389898767	Adipose
53	36304	93	0.0025617011899515207	Adipose
530	36254	88	0.0024273183648700833	Adipose
531	36258	98	0.00270285178443378	Adipose
532	36242	89	0.002455714364549418	Adipose
533	36225	83	0.002291235334713596	Adipose
534	36268	98	0.002702106540200728	Adipose
535	36255	103	0.0028409874500068956	Adipose
536	36275	89	0.0024534803583735353	Adipose
537	36244	108	0.0029798035536916455	Adipose
538	36206	89	0.002458156106722643	Adipose
539	36245	98	0.0027038212167195476	Adipose
54	36271	76	0.0020953378732320588	Adipose
540	36252	78	0.0021516054286660046	Adipose
541	36233	83	0.0022907294455330775	Adipose
542	36255	103	0.0028409874500068956	Adipose
543	36247	96	0.0026484950478660304	Adipose
544	36254	94	0.0025928173442930436	Adipose
545	36241	104	0.002869677989017963	Adipose
546	36231	99	0.0027324666721868012	Adipose
547	36241	95	0.0026213404707375624	Adipose
548	36271	84	0.002315899754624907	Adipose
549	36262	69	0.0019028183773647344	Adipose
55	36249	89	0.002455240144555712	Adipose
550	36276	104	0.0028669092512956223	Adipose
551	36255	93	0.0025651634257343814	Adipose
552	36260	85	0.002344180915609487	Adipose
553	36243	93	0.0025660127472891315	Adipose
554	36282	108	0.0029766826525549858	Adipose
555	36257	120	0.0033097057120004413	Adipose
556	36281	86	0.0023703867037843497	Adipose
557	36268	84	0.0023160913201720527	Adipose
558	36263	92	0.0025370212061881256	Adipose
559	36258	89	0.0024546307021898616	Adipose
56	36256	81	0.0022341129744042365	Adipose
560	36252	108	0.0029791459781529296	Adipose
561	36275	80	0.0022053756030323913	Adipose
562	36279	79	0.0021775682901954297	Adipose
563	36235	100	0.0027597626604112047	Adipose
564	36271	86	0.002371040224973119	Adipose
565	36294	98	0.0027001708271339616	Adipose
566	36256	87	0.002399602824360106	Adipose
567	36251	79	0.0021792502275799286	Adipose
568	36299	96	0.0026447009559492	Adipose
569	36223	95	0.002622643072081274	Adipose
57	36260	108	0.002978488692774407	Adipose
570	36265	66	0.0018199365779677376	Adipose
571	36222	83	0.0022914251007674896	Adipose
572	36293	91	0.0025073705673270327	Adipose
573	36269	83	0.0022884557059747995	Adipose
574	36221	90	0.0024847464178239143	Adipose
575	36248	81	0.002234606047230192	Adipose
576	36233	106	0.0029255098942952557	Adipose
577	36262	105	0.002895593182946335	Adipose
578	36231	100	0.002760067345643234	Adipose
579	36250	99	0.0027310344827586206	Adipose
58	36293	94	0.0025900311354806714	Adipose
580	36248	105	0.0028967115427058045	Adipose
581	36260	94	0.002592388306674021	Adipose
582	36250	91	0.002510344827586207	Adipose
583	36261	110	0.0030335622293924604	Adipose
584	36237	89	0.0024560532052874135	Adipose
585	36260	93	0.0025648097076668504	Adipose
586	36249	92	0.002538001048304781	Adipose
587	36233	83	0.0022907294455330775	Adipose
588	36245	102	0.00281418126638157	Adipose
589	36225	106	0.0029261559696342307	Adipose
59	36246	106	0.002924460630138498	Adipose
590	36275	92	0.0025361819434872503	Adipose
591	36265	96	0.002647180477043982	Adipose
592	36270	82	0.0022608216156603253	Adipose
593	36210	114	0.003148301574150787	Adipose
594	36307	85	0.0023411463354174127	Adipose
595	36275	84	0.002315644383184011	Adipose
596	36251	101	0.002786130037792061	Adipose
597	36297	97	0.002672397167810012	Adipose
598	36261	96	0.002647472491106147	Adipose
599	36249	96	0.002648348919970206	Adipose
6	36282	83	0.002287635742241332	Adipose
60	36222	91	0.002512285351443874	Adipose
600	36251	96	0.0026482028081983946	Adipose
601	36235	107	0.002952946046639989	Adipose
602	36250	88	0.0024275862068965518	Adipose
603	36249	100	0.0027586967916356313	Adipose
604	36249	88	0.0024276531766393556	Adipose
605	36261	67	0.0018477151760844985	Adipose
606	36228	85	0.0023462515181627472	Adipose
607	36292	83	0.0022870054006392596	Adipose
608	36238	90	0.0024835807715657596	Adipose
609	36253	82	0.0022618817753013542	Adipose
61	36241	99	0.002731712701084407	Adipose
610	36287	92	0.0025353432358695954	Adipose
611	36213	92	0.002540524121171955	Adipose
612	36257	93	0.002565021926800342	Adipose
613	36236	98	0.002704492769621371	Adipose
614	36252	86	0.0023722829085291845	Adipose
615	36252	107	0.002951561293170032	Adipose
616	36248	100	0.002758772897815052	Adipose
617	36251	75	0.0020689084439049956	Adipose
618	36246	96	0.002648568117861281	Adipose
619	36219	104	0.0028714210773351004	Adipose
62	36254	92	0.0025376510178187236	Adipose
620	36258	85	0.0023443102211925643	Adipose
621	36231	107	0.00295327205983826	Adipose
622	36227	79	0.002180693957545477	Adipose
623	36235	89	0.002456188767765972	Adipose
624	36246	97	0.002676157369089003	Adipose
625	36278	91	0.0025084072991895913	Adipose
626	36225	102	0.002815734989648033	Adipose
627	36255	105	0.0028961522548613984	Adipose
628	36219	81	0.0022363952621552224	Adipose
629	36269	82	0.002260883950481127	Adipose
63	36218	99	0.0027334474570655477	Adipose
630	36213	91	0.0025129097285505205	Adipose
631	36253	88	0.0024273853198355996	Adipose
632	36248	99	0.002731185168836901	Adipose
633	36256	96	0.00264783759929391	Adipose
634	36292	75	0.0020665711451559573	Adipose
635	36260	74	0.0020408163265306124	Adipose
636	36273	94	0.0025914592120861247	Adipose
637	36232	102	0.0028151909913888278	Adipose
638	36232	107	0.0029531905497902407	Adipose
639	36277	90	0.002480910769909309	Adipose
64	36242	108	0.002979967992936372	Adipose
640	36272	78	0.002150419056021173	Adipose
641	36233	96	0.002649518394833439	Adipose
642	36267	93	0.0025643146662254943	Adipose
643	36243	86	0.0023728720028695196	Adipose
644	36243	101	0.002786745026625831	Adipose
645	36268	94	0.002591816477335392	Adipose
646	36261	84	0.002316538429717879	Adipose
647	36285	103	0.002838638555877084	Adipose
648	36277	98	0.0027014361716790254	Adipose
649	36259	93	0.0025648804434761025	Adipose
65	36252	87	0.002399867593512082	Adipose
650	36259	102	0.002813094679941532	Adipose
651	36264	101	0.002785131259651445	Adipose
652	36277	123	0.0033905780522093887	Adipose
653	36228	76	0.002097824886827868	Adipose
654	36274	111	0.0030600430060098143	Adipose
655	36251	118	0.0032550826184105266	Adipose
656	36256	79	0.0021789496910856136	Adipose
657	36261	100	0.0027577838449022365	Adipose
658	36252	92	0.0025377910184265695	Adipose
659	36251	79	0.0021792502275799286	Adipose
66	36294	108	0.002975698462555794	Adipose
660	36231	96	0.0026496646518175044	Adipose
661	36250	99	0.0027310344827586206	Adipose
662	36241	98	0.002704119643497696	Adipose
663	36275	103	0.002839421088904204	Adipose
664	36244	97	0.002676305043593422	Adipose
665	36207	87	0.0024028502775706355	Adipose
666	36240	85	0.002345474613686534	Adipose
667	36249	91	0.0025104140803884245	Adipose
668	36254	91	0.0025100678545815634	Adipose
669	36209	115	0.0031760059653677263	Adipose
67	36234	110	0.0030358227079538553	Adipose
670	36271	105	0.002894874693281134	Adipose
671	36283	96	0.002645867210539371	Adipose
672	36264	92	0.0025369512464151777	Adipose
673	36268	82	0.0022609462887393846	Adipose
674	36240	95	0.0026214128035320088	Adipose
675	36238	90	0.0024835807715657596	Adipose
676	36264	78	0.0021508934480476507	Adipose
677	36250	86	0.0023724137931034482	Adipose
678	36274	85	0.002343276175773281	Adipose
679	36212	98	0.0027062852093228764	Adipose
68	36249	89	0.002455240144555712	Adipose
680	36232	104	0.002870390814749393	Adipose
681	36211	101	0.0027892076993178867	Adipose
682	36242	83	0.0022901605871640637	Adipose
683	36261	100	0.0027577838449022365	Adipose
684	36247	95	0.0026209065577840925	Adipose
685	36236	91	0.002511314714648416	Adipose
686	36271	89	0.002453750930495437	Adipose
687	36240	81	0.0022350993377483444	Adipose
688	36276	99	0.002729077075752564	Adipose
689	36255	85	0.00234450420631637	Adipose
69	36271	99	0.0027294532822364974	Adipose
690	36256	103	0.002840909090909091	Adipose
691	36274	95	0.0026189557258642555	Adipose
692	36234	94	0.0025942484958878403	Adipose
693	36242	101	0.0027868219193201258	Adipose
694	36287	88	0.0024251109212665694	Adipose
695	36233	87	0.002401126045317804	Adipose
696	36256	90	0.0024823477493380406	Adipose
697	36251	91	0.002510275578604728	Adipose
698	36266	98	0.002702255556168312	Adipose
699	36246	101	0.0027865143739998896	Adipose
7	36273	87	0.002398478206930775	Adipose
70	36235	101	0.0027873602870153165	Adipose
700	36267	88	0.002426448286320898	Adipose
701	36247	97	0.002676083537947968	Adipose
702	36259	82	0.002261507487796133	Adipose
703	36220	100	0.0027609055770292656	Adipose
704	36221	92	0.002539963004886668	Adipose
705	36316	77	0.002120277563608327	Adipose
706	36265	112	0.0030883772232179786	Adipose
707	36275	95	0.002618883528600965	Adipose
708	36270	93	0.002564102564102564	Adipose
709	36272	87	0.002398544331715924	Adipose
71	36216	89	0.0024574773580737794	Adipose
710	36236	83	0.0022905397946793244	Adipose
711	36239	106	0.0029250255249868924	Adipose
712	36250	75	0.0020689655172413794	Adipose
713	36238	92	0.0025387714553783323	Adipose
714	36250	98	0.002703448275862069	Adipose
715	36290	90	0.002480022044640397	Adipose
716	36250	103	0.0028413793103448277	Adipose
717	36270	100	0.0027570995312930797	Adipose
718	36240	88	0.0024282560706401766	Adipose
719	36259	83	0.002289086847403403	Adipose
72	36282	97	0.002673502012016978	Adipose
720	36227	87	0.002401523725398184	Adipose
721	36244	105	0.0028970312327557665	Adipose
722	36227	112	0.0030916167499378915	Adipose
723	36246	99	0.002731335871544446	Adipose
724	36246	86	0.0023726756055840645	Adipose
725	36283	102	0.0028112339111980816	Adipose
726	36233	99	0.002732315844671984	Adipose
727	36275	91	0.002508614748449345	Adipose
728	36261	79	0.002178649237472767	Adipose
729	36295	91	0.002507232401157184	Adipose
73	36236	85	0.0023457335246715974	Adipose
730	36261	92	0.0025371611373100574	Adipose
731	36283	86	0.0023702560427748534	Adipose
732	36255	84	0.002316921803889119	Adipose
733	36262	103	0.0028404390270806907	Adipose
734	36256	96	0.00264783759929391	Adipose
735	36317	82	0.0022578957513010437	Adipose
736	36244	101	0.0027866681381745946	Adipose
737	36266	92	0.0025368113384437213	Adipose
738	36239	89	0.0024559176577720137	Adipose
739	36261	103	0.0028405173602493038	Adipose
74	36266	97	0.00267468151988088	Adipose
740	36257	84	0.0023167939984003088	Adipose
741	36255	98	0.0027030754378706387	Adipose
742	36230	82	0.002263317692520011	Adipose
743	36236	104	0.0028700739595981894	Adipose
744	36273	88	0.002426046921952968	Adipose
745	36269	111	0.0030604648597976234	Adipose
746	36252	93	0.002565375703409467	Adipose
747	36267	85	0.00234372845837814	Adipose
748	36265	103	0.0028402040534951053	Adipose
749	36236	108	0.0029804614195827355	Adipose
75	36287	101	0.0027833659437264033	Adipose
750	36291	88	0.0024248436251412195	Adipose
751	36230	83	0.0022909191277946453	Adipose
752	36254	74	0.0020411540795498427	Adipose
753	36259	100	0.002757935960726992	Adipose
754	36231	91	0.002511661284535343	Adipose
755	36282	104	0.0028664351469048013	Adipose
756	36213	97	0.0026785960842791263	Adipose
757	36267	105	0.0028951939779965257	Adipose
758	36231	91	0.002511661284535343	Adipose
759	36238	108	0.0029802969258789116	Adipose
76	36257	115	0.0031718013073337562	Adipose
760	36276	93	0.0025636784651008934	Adipose
761	36252	80	0.0022067747986317995	Adipose
762	36262	91	0.0025095140918868237	Adipose
763	36245	93	0.0025658711546420196	Adipose
764	36259	91	0.0025097217242615625	Adipose
765	36298	91	0.0025070251804507134	Adipose
766	36253	79	0.0021791300030342318	Adipose
767	36269	100	0.002757175549367228	Adipose
768	36252	85	0.002344698223546287	Adipose
769	36250	106	0.002924137931034483	Adipose
77	36259	96	0.0026476185222979124	Adipose
770	36248	81	0.002234606047230192	Adipose
771	36247	105	0.0028967914586034704	Adipose
772	36230	95	0.002622136351090257	Adipose
773	36226	76	0.0020979407055705846	Adipose
774	36218	83	0.002291678171075156	Adipose
775	36301	102	0.002809839949312691	Adipose
776	36258	99	0.002730431904683104	Adipose
777	36269	94	0.0025917450164051944	Adipose
778	36256	93	0.002565092674315975	Adipose
779	36227	99	0.0027327683771772434	Adipose
78	36251	88	0.002427519240848528	Adipose
780	36256	95	0.0026202559576345985	Adipose
781	36272	87	0.002398544331715924	Adipose
782	36270	103	0.002839812517231872	Adipose
783	36213	103	0.002844282440007732	Adipose
784	36265	90	0.002481731697228733	Adipose
785	36281	99	0.002728700972961054	Adipose
786	36251	105	0.002896471821466994	Adipose
787	36261	101	0.002785361683351259	Adipose
788	36251	95	0.002620617362279661	Adipose
789	36288	79	0.0021770282186948852	Adipose
79	36232	92	0.0025391918745860014	Adipose
790	36257	100	0.002758088093333701	Adipose
791	36276	92	0.0025361120299922813	Adipose
792	36258	106	0.0029234927464283746	Adipose
793	36249	90	0.002482827112472068	Adipose
794	36252	80	0.0022067747986317995	Adipose
795	36260	94	0.002592388306674021	Adipose
796	36252	87	0.002399867593512082	Adipose
797	36254	100	0.002758316323716004	Adipose
798	36260	102	0.0028130170987313843	Adipose
799	36243	78	0.00215213972353282	Adipose
8	36270	94	0.002591673559415495	Adipose
80	36274	91	0.0025086839058278657	Adipose
800	36238	79	0.0021800320105966114	Adipose
801	36245	92	0.002538281142226514	Adipose
802	36272	100	0.002756947507719453	Adipose
803	36287	93	0.002562901314520352	Adipose
804	36263	79	0.00217852907922676	Adipose
805	36285	90	0.0024803637866887144	Adipose
806	36253	98	0.0027032245607260088	Adipose
807	36272	104	0.002867225408028231	Adipose
808	36256	87	0.002399602824360106	Adipose
809	36227	92	0.0025395423303061254	Adipose
81	36263	80	0.002206105396685327	Adipose
810	36260	99	0.002730281301709873	Adipose
811	36234	104	0.0028702323784290996	Adipose
812	36257	95	0.002620183688667016	Adipose
813	36275	108	0.0029772570640937287	Adipose
814	36268	114	0.0031432667916620714	Adipose
815	36269	106	0.002922606082329262	Adipose
816	36260	85	0.002344180915609487	Adipose
817	36257	102	0.0028132498552003752	Adipose
818	36277	95	0.0026187391460153818	Adipose
819	36223	79	0.0021809347652044283	Adipose
82	36257	108	0.002978735140800397	Adipose
820	36242	89	0.002455714364549418	Adipose
821	36241	90	0.0024833751828040066	Adipose
822	36269	106	0.002922606082329262	Adipose
823	36253	98	0.0027032245607260088	Adipose
824	36234	88	0.0024286581663630845	Adipose
825	36272	108	0.0029775033083370094	Adipose
826	36290	100	0.002755580049600441	Adipose
827	36219	77	0.002125955989950026	Adipose
828	36249	85	0.0023448922728902867	Adipose
829	36263	107	0.0029506659680666246	Adipose
83	36261	84	0.002316538429717879	Adipose
830	36261	82	0.002261382752819834	Adipose
831	36262	92	0.0025370911698196458	Adipose
832	36270	92	0.0025365315687896333	Adipose
833	36274	86	0.0023708441307823784	Adipose
834	36251	71	0.0019585666602300626	Adipose
835	36248	74	0.0020414919443831384	Adipose
836	36249	106	0.002924218599133769	Adipose
837	36260	97	0.0026751241036955323	Adipose
838	36262	88	0.002426782858088357	Adipose
839	36272	92	0.002536391707101897	Adipose
84	36261	74	0.002040760045227655	Adipose
840	36242	71	0.001959053032393356	Adipose
841	36272	96	0.002646669607410675	Adipose
842	36245	85	0.0023451510553179748	Adipose
843	36257	90	0.002482279284000331	Adipose
844	36257	93	0.002565021926800342	Adipose
845	36247	95	0.0026209065577840925	Adipose
846	36269	103	0.002839890815848245	Adipose
847	36242	85	0.0023453451796258485	Adipose
848	36243	97	0.0026763788869574815	Adipose
849	36297	112	0.0030856544618012506	Adipose
85	36259	77	0.0021236106897597837	Adipose
850	36242	86	0.0023729374758567406	Adipose
851	36256	112	0.003089143865842895	Adipose
852	36275	86	0.002370778773259821	Adipose
853	36223	100	0.0027606769179802887	Adipose
854	36265	88	0.0024265821039569833	Adipose
855	36241	96	0.0026489335283242737	Adipose
856	36272	91	0.0025088222320247024	Adipose
857	36253	91	0.0025101370921027225	Adipose
858	36276	80	0.0022053148086889404	Adipose
859	36303	95	0.0026168636200864944	Adipose
86	36214	78	0.0021538631468492847	Adipose
860	36245	101	0.0027865912539660645	Adipose
861	36227	106	0.002925994424048362	Adipose
862	36251	93	0.0025654464704421946	Adipose
863	36250	131	0.0036137931034482757	Adipose
864	36297	84	0.002314240846350938	Adipose
865	36247	96	0.0026484950478660304	Adipose
866	36289	85	0.0023423075863209237	Adipose
867	36254	93	0.0025652341810558834	Adipose
868	36268	82	0.0022609462887393846	Adipose
869	36259	90	0.0024821423646542926	Adipose
87	36271	103	0.0028397342229329217	Adipose
870	36237	103	0.0028423986533101524	Adipose
871	36264	86	0.002371497904257666	Adipose
872	36245	102	0.00281418126638157	Adipose
873	36238	94	0.0025939621391909045	Adipose
874	36278	92	0.0025359722145653013	Adipose
875	36253	98	0.0027032245607260088	Adipose
876	36257	90	0.002482279284000331	Adipose
877	36215	87	0.002402319480878089	Adipose
878	36228	90	0.002484266313348791	Adipose
879	36267	84	0.0023161551823972205	Adipose
88	36302	98	0.002699575780948708	Adipose
880	36261	88	0.002426849783513968	Adipose
881	36276	88	0.0024258462895578345	Adipose
882	36279	94	0.0025910306237768408	Adipose
883	36253	104	0.002868728105260254	Adipose
884	36281	104	0.0028665141534136326	Adipose
885	36245	100	0.0027590012415505587	Adipose
886	36231	108	0.002980872733294692	Adipose
887	36260	84	0.0023166023166023165	Adipose
888	36279	101	0.002783979712781499	Adipose
889	36233	93	0.002566720944994894	Adipose
89	36248	93	0.0025656587949679983	Adipose
890	36260	100	0.0027578599007170436	Adipose
891	36240	83	0.0022902869757174395	Adipose
892	36241	86	0.0023730029524571617	Adipose
893	36241	105	0.0028972710466046744	Adipose
894	36252	78	0.0021516054286660046	Adipose
895	36293	107	0.0029482269308131045	Adipose
896	36268	83	0.0022885188044557184	Adipose
897	36243	88	0.0024280550727036943	Adipose
898	36272	96	0.002646669607410675	Adipose
899	36247	97	0.002676083537947968	Adipose
9	36231	84	0.002318456570340316	Adipose
90	36248	95	0.0026208342529242994	Adipose
900	36291	103	0.0028381692430630183	Adipose
901	36250	75	0.0020689655172413794	Adipose
902	36238	111	0.00306308295159777	Adipose
903	36233	92	0.0025391217950487127	Adipose
904	36256	93	0.002565092674315975	Adipose
905	36270	91	0.0025089605734767025	Adipose
906	36255	83	0.0022893394014618673	Adipose
907	36250	95	0.002620689655172414	Adipose
908	36270	86	0.0023711055969120485	Adipose
909	36247	100	0.0027588490081937814	Adipose
91	36252	89	0.002455036963477877	Adipose
910	36246	107	0.0029520498813662196	Adipose
911	36264	91	0.0025093756893889256	Adipose
912	36241	115	0.003173201622471786	Adipose
913	36274	96	0.002646523680873353	Adipose
914	36235	90	0.0024837863943700843	Adipose
915	36250	87	0.0024	Adipose
916	36259	95	0.0026200391626906424	Adipose
917	36234	81	0.0022354694485842027	Adipose
918	36272	108	0.0029775033083370094	Adipose
919	36254	91	0.0025100678545815634	Adipose
92	36244	92	0.0025383511753669574	Adipose
920	36280	89	0.0024531422271223814	Adipose
921	36265	86	0.002371432510685234	Adipose
922	36256	104	0.0028684907325684027	Adipose
923	36293	85	0.002342049431019756	Adipose
924	36278	91	0.0025084072991895913	Adipose
925	36244	103	0.0028418496854651803	Adipose
926	36270	108	0.002977667493796526	Adipose
927	36259	113	0.0031164676356215007	Adipose
928	36241	93	0.00256615435556414	Adipose
929	36249	102	0.002813870727468344	Adipose
93	36270	84	0.002315963606286187	Adipose
930	36229	105	0.0028982306991636535	Adipose
931	36278	96	0.0026462318760681405	Adipose
932	36252	85	0.002344698223546287	Adipose
933	36274	86	0.0023708441307823784	Adipose
934	36270	109	0.003005238489109457	Adipose
935	36264	92	0.0025369512464151777	Adipose
936	36258	94	0.002592531303436483	Adipose
937	36247	110	0.00303473390901316	Adipose
938	36269	98	0.0027020320383798835	Adipose
939	36285	103	0.002838638555877084	Adipose
94	36254	96	0.0026479836707673635	Adipose
940	36277	113	0.0031149212999972433	Adipose
941	36250	91	0.002510344827586207	Adipose
942	36257	109	0.0030063160217337344	Adipose
943	36256	92	0.002537511032656664	Adipose
944	36269	109	0.003005321348810279	Adipose
945	36220	101	0.002788514632799558	Adipose
946	36238	91	0.002511176113472046	Adipose
947	36271	83	0.002288329519450801	Adipose
948	36293	87	0.002397156476455515	Adipose
949	36219	91	0.0025124934426682126	Adipose
95	36248	83	0.002289781505186493	Adipose
950	36244	97	0.002676305043593422	Adipose
951	36291	105	0.0028932793254525914	Adipose
952	36275	97	0.0026740179186767747	Adipose
953	36263	101	0.002785208063315225	Adipose
954	36248	81	0.002234606047230192	Adipose
955	36228	88	0.0024290603952743734	Adipose
956	36267	99	0.00272975432211101	Adipose
957	36262	102	0.002812861949147868	Adipose
958	36262	81	0.0022337433125586012	Adipose
959	36269	88	0.0024263144834431607	Adipose
96	36261	96	0.002647472491106147	Adipose
960	36258	106	0.0029234927464283746	Adipose
961	36236	88	0.0024285241196600068	Adipose
962	36246	91	0.002510621861722673	Adipose
963	36253	89	0.002454969243924641	Adipose
964	36224	85	0.002346510600706714	Adipose
965	36231	86	0.002373657917253181	Adipose
966	36271	101	0.0027845937525847095	Adipose
967	36253	97	0.002675640636636968	Adipose
968	36241	92	0.0025385612979774287	Adipose
969	36286	101	0.0027834426500578735	Adipose
97	36248	97	0.0026760097108806005	Adipose
970	36282	85	0.0023427594950664243	Adipose
971	36265	93	0.0025644560871363573	Adipose
972	36240	92	0.0025386313465783667	Adipose
973	36227	105	0.0028983907030667735	Adipose
974	36231	96	0.0026496646518175044	Adipose
975	36283	98	0.0027009894440922747	Adipose
976	36278	95	0.0026186669606924305	Adipose
977	36225	99	0.002732919254658385	Adipose
978	36228	74	0.0020426189687534502	Adipose
979	36255	93	0.0025651634257343814	Adipose
98	36215	83	0.00229186801049289	Adipose
980	36284	85	0.002342630360489472	Adipose
981	36253	75	0.002068794306678068	Adipose
982	36296	104	0.0028653295128939827	Adipose
983	36224	94	0.002594964664310954	Adipose
984	36255	100	0.0027582402427251415	Adipose
985	36276	94	0.002591244900209505	Adipose
986	36247	93	0.002565729577620217	Adipose
987	36274	87	0.002398412085791476	Adipose
988	36268	99	0.002729679055917062	Adipose
989	36246	96	0.002648568117861281	Adipose
99	36251	90	0.002482690132685995	Adipose
990	36233	105	0.002897910744349074	Adipose
991	36230	91	0.0025117306099917197	Adipose
992	36287	101	0.0027833659437264033	Adipose
993	36270	103	0.002839812517231872	Adipose
994	36263	90	0.0024818685712709927	Adipose
995	36245	93	0.0025658711546420196	Adipose
996	36237	85	0.002345668791566631	Adipose
997	36267	88	0.002426448286320898	Adipose
998	36250	91	0.002510344827586207	Adipose
999	36264	85	0.002343922347231414	Adipose
1	34794	86	0.0024716905213542566	Adrenal_Gland
10	34800	92	0.0026436781609195403	Adrenal_Gland
100	34803	99	0.0028445823635893457	Adrenal_Gland
1000	34799	107	0.0030748010000287364	Adrenal_Gland
101	34794	85	0.0024429499338966486	Adrenal_Gland
102	34783	90	0.002587470890952477	Adrenal_Gland
103	34776	94	0.00270301357257879	Adrenal_Gland
104	34775	76	0.0021854780733285405	Adrenal_Gland
105	34803	93	0.0026721834324627187	Adrenal_Gland
106	34845	110	0.003156837422872722	Adrenal_Gland
107	34794	99	0.0028453181583031556	Adrenal_Gland
108	34804	74	0.0021261923916791174	Adrenal_Gland
109	34777	85	0.002444144118239066	Adrenal_Gland
11	34816	82	0.002355238970588235	Adrenal_Gland
110	34786	88	0.0025297533490484677	Adrenal_Gland
111	34833	96	0.0027560072345189906	Adrenal_Gland
112	34763	89	0.0025601933089779362	Adrenal_Gland
113	34797	95	0.002730120412679254	Adrenal_Gland
114	34789	77	0.0022133432981689613	Adrenal_Gland
115	34786	98	0.0028172253205312483	Adrenal_Gland
116	34814	107	0.0030734761877405643	Adrenal_Gland
117	34805	86	0.0024709093521045828	Adrenal_Gland
118	34792	105	0.003017935157507473	Adrenal_Gland
119	34784	81	0.002328656853725851	Adrenal_Gland
12	34783	76	0.002184975419026536	Adrenal_Gland
120	34795	90	0.0025865785313981893	Adrenal_Gland
121	34805	87	0.002499640856198822	Adrenal_Gland
122	34797	75	0.0021553582205362533	Adrenal_Gland
123	34798	92	0.0026438301051784586	Adrenal_Gland
124	34804	87	0.002499712676703827	Adrenal_Gland
125	34794	85	0.0024429499338966486	Adrenal_Gland
126	34812	100	0.002872572676088705	Adrenal_Gland
127	34806	99	0.002844337183244268	Adrenal_Gland
128	34798	87	0.0025001436864187597	Adrenal_Gland
129	34801	83	0.0023849889370995084	Adrenal_Gland
13	34805	78	0.002241057319350668	Adrenal_Gland
130	34790	97	0.002788157516527738	Adrenal_Gland
131	34806	109	0.003131643969430558	Adrenal_Gland
132	34829	101	0.002899882282006374	Adrenal_Gland
133	34799	91	0.002615017672921636	Adrenal_Gland
134	34798	95	0.002730041956434278	Adrenal_Gland
135	34792	83	0.002385605886410669	Adrenal_Gland
136	34774	99	0.002846954621268764	Adrenal_Gland
137	34798	81	0.002327719983907121	Adrenal_Gland
138	34768	73	0.0020996318453750575	Adrenal_Gland
139	34774	94	0.002703169034335998	Adrenal_Gland
14	34756	97	0.00279088502704569	Adrenal_Gland
140	34764	87	0.0025025888850535036	Adrenal_Gland
141	34779	100	0.0028752983121998906	Adrenal_Gland
142	34757	87	0.0025030929021492075	Adrenal_Gland
143	34815	112	0.0032170041648714636	Adrenal_Gland
144	34766	77	0.0022148075706149685	Adrenal_Gland
145	34797	90	0.002586429864643504	Adrenal_Gland
146	34818	98	0.0028146361077603537	Adrenal_Gland
147	34799	76	0.0021839708037587288	Adrenal_Gland
148	34750	73	0.0021007194244604317	Adrenal_Gland
149	34792	82	0.00235686364681536	Adrenal_Gland
15	34768	104	0.002991256327657616	Adrenal_Gland
150	34800	88	0.002528735632183908	Adrenal_Gland
151	34786	100	0.002874719714827804	Adrenal_Gland
152	34785	105	0.00301854247520483	Adrenal_Gland
153	34811	87	0.0024992100198213208	Adrenal_Gland
154	34786	105	0.0030184557005691944	Adrenal_Gland
155	34774	80	0.0023005693909242536	Adrenal_Gland
156	34807	87	0.0024994972275691673	Adrenal_Gland
157	34802	80	0.0022987184644560656	Adrenal_Gland
158	34779	88	0.0025302625147359038	Adrenal_Gland
159	34792	89	0.0025580593239825245	Adrenal_Gland
16	34793	91	0.0026154686287471617	Adrenal_Gland
160	34813	93	0.0026714158504007124	Adrenal_Gland
161	34807	86	0.002470767374378717	Adrenal_Gland
162	34756	100	0.0028772010588099897	Adrenal_Gland
163	34808	89	0.002556883475063204	Adrenal_Gland
164	34775	80	0.0023005032350826744	Adrenal_Gland
165	34790	94	0.002701925840758839	Adrenal_Gland
166	34791	88	0.0025293897847144375	Adrenal_Gland
167	34821	87	0.0024984922891358665	Adrenal_Gland
168	34816	96	0.0027573529411764708	Adrenal_Gland
169	34795	87	0.0025003592470182498	Adrenal_Gland
17	34820	104	0.002986789201608271	Adrenal_Gland
170	34805	109	0.0031317339462720874	Adrenal_Gland
171	34815	82	0.0023553066207094644	Adrenal_Gland
172	34805	89	0.0025571038643873007	Adrenal_Gland
173	34798	89	0.002557618253922639	Adrenal_Gland
174	34793	87	0.0025005029747362977	Adrenal_Gland
175	34792	92	0.0026442860427684524	Adrenal_Gland
176	34814	84	0.0024128224277589474	Adrenal_Gland
177	34821	83	0.0023836190804399646	Adrenal_Gland
178	34793	79	0.002270571666714569	Adrenal_Gland
179	34808	102	0.00293036083658929	Adrenal_Gland
18	34839	82	0.0023536840896696233	Adrenal_Gland
180	34823	91	0.0026132154036125547	Adrenal_Gland
181	34812	97	0.002786395495806044	Adrenal_Gland
182	34803	82	0.0023561187253972357	Adrenal_Gland
183	34778	101	0.0029041347978607164	Adrenal_Gland
184	34827	92	0.0026416286214718467	Adrenal_Gland
185	34806	93	0.0026719531115324945	Adrenal_Gland
186	34780	65	0.0018688901667625072	Adrenal_Gland
187	34806	77	0.0022122622536344307	Adrenal_Gland
188	34773	93	0.0026744888275386076	Adrenal_Gland
189	34799	73	0.0020977614299261473	Adrenal_Gland
19	34793	82	0.002356795907222717	Adrenal_Gland
190	34814	94	0.002700063192968346	Adrenal_Gland
191	34787	82	0.0023572024031965964	Adrenal_Gland
192	34782	92	0.0026450462883100454	Adrenal_Gland
193	34779	77	0.002213979700393916	Adrenal_Gland
194	34791	84	0.002414417521772872	Adrenal_Gland
195	34777	75	0.002156597751387411	Adrenal_Gland
196	34779	79	0.002271485666637914	Adrenal_Gland
197	34794	97	0.0027878369833879407	Adrenal_Gland
198	34807	74	0.0021260091360933145	Adrenal_Gland
199	34800	88	0.002528735632183908	Adrenal_Gland
2	34792	98	0.0028167394803403083	Adrenal_Gland
20	34826	94	0.002699132831792339	Adrenal_Gland
200	34791	98	0.002816820442068351	Adrenal_Gland
201	34788	86	0.002472116821892607	Adrenal_Gland
202	34784	78	0.0022424103035878565	Adrenal_Gland
203	34789	97	0.002788237661329731	Adrenal_Gland
204	34804	107	0.0030743592690495344	Adrenal_Gland
205	34835	98	0.002813262523324243	Adrenal_Gland
206	34798	75	0.0021552962813954826	Adrenal_Gland
207	34804	89	0.002557177335938398	Adrenal_Gland
208	34787	93	0.002673412481674189	Adrenal_Gland
209	34801	94	0.0027010718082813713	Adrenal_Gland
21	34785	98	0.0028173063101911743	Adrenal_Gland
210	34810	86	0.002470554438379776	Adrenal_Gland
211	34791	86	0.002471903653243655	Adrenal_Gland
212	34778	75	0.0021565357409856806	Adrenal_Gland
213	34772	106	0.0030484297710801794	Adrenal_Gland
214	34785	85	0.002443582003737243	Adrenal_Gland
215	34814	94	0.002700063192968346	Adrenal_Gland
216	34824	96	0.0027567195037904893	Adrenal_Gland
217	34790	100	0.002874389192296637	Adrenal_Gland
218	34818	104	0.002986960767419151	Adrenal_Gland
219	34836	93	0.0026696520840509817	Adrenal_Gland
22	34756	88	0.002531936931752791	Adrenal_Gland
220	34806	88	0.0025282997184393496	Adrenal_Gland
221	34795	92	0.0026440580543181493	Adrenal_Gland
222	34774	92	0.002645654799562892	Adrenal_Gland
223	34789	82	0.002357066888959154	Adrenal_Gland
224	34804	97	0.002787035972876681	Adrenal_Gland
225	34771	81	0.002329527479796382	Adrenal_Gland
226	34813	80	0.002297992129376957	Adrenal_Gland
227	34788	92	0.002644590088536277	Adrenal_Gland
228	34804	79	0.002269854039765544	Adrenal_Gland
229	34791	92	0.002644362047656003	Adrenal_Gland
23	34763	100	0.0028766216954808272	Adrenal_Gland
230	34793	88	0.002529244388239014	Adrenal_Gland
231	34806	98	0.0028156065046256395	Adrenal_Gland
232	34808	96	0.002757986669731096	Adrenal_Gland
233	34789	90	0.0025870246342234613	Adrenal_Gland
234	34799	98	0.0028161728785309923	Adrenal_Gland
235	34818	82	0.0023551036820035616	Adrenal_Gland
236	34772	91	0.002617048199700909	Adrenal_Gland
237	34806	78	0.0022409929322530597	Adrenal_Gland
238	34800	83	0.0023850574712643677	Adrenal_Gland
239	34798	90	0.002586355537674579	Adrenal_Gland
24	34826	73	0.002096135071498306	Adrenal_Gland
240	34803	96	0.002758382898026032	Adrenal_Gland
241	34808	84	0.0024132383360147094	Adrenal_Gland
242	34802	99	0.0028446640997643814	Adrenal_Gland
243	34787	77	0.0022134705493431456	Adrenal_Gland
244	34822	104	0.0029866176555051406	Adrenal_Gland
245	34782	91	0.0026162957851762407	Adrenal_Gland
246	34811	101	0.00290138174714889	Adrenal_Gland
247	34839	91	0.0026120152702431183	Adrenal_Gland
248	34789	93	0.002673258788697577	Adrenal_Gland
249	34805	99	0.002844418905329694	Adrenal_Gland
25	34825	95	0.0027279253409906675	Adrenal_Gland
250	34779	100	0.0028752983121998906	Adrenal_Gland
251	34809	81	0.0023269844005860555	Adrenal_Gland
252	34791	81	0.0023281883245666983	Adrenal_Gland
253	34771	96	0.0027609214575364527	Adrenal_Gland
254	34819	104	0.0029868749820500303	Adrenal_Gland
255	34787	108	0.003104608043234542	Adrenal_Gland
256	34805	78	0.002241057319350668	Adrenal_Gland
257	34802	110	0.0031607378886270906	Adrenal_Gland
258	34791	83	0.002385674456037481	Adrenal_Gland
259	34796	103	0.0029601103575123576	Adrenal_Gland
26	34814	79	0.0022692020451542485	Adrenal_Gland
260	34785	86	0.0024723300273106225	Adrenal_Gland
261	34807	80	0.0022983882552360156	Adrenal_Gland
262	34799	82	0.0023563895514238913	Adrenal_Gland
263	34811	74	0.0021257648444457213	Adrenal_Gland
264	34814	71	0.0020394094329867296	Adrenal_Gland
265	34801	79	0.002270049711215195	Adrenal_Gland
266	34837	89	0.0025547550018658323	Adrenal_Gland
267	34814	104	0.002987303958177745	Adrenal_Gland
268	34779	105	0.0030190632278098853	Adrenal_Gland
269	34768	103	0.0029624942475839854	Adrenal_Gland
27	34813	105	0.003016114669807256	Adrenal_Gland
270	34764	100	0.0028765389483373606	Adrenal_Gland
271	34812	91	0.0026140411352407215	Adrenal_Gland
272	34802	84	0.002413654387678869	Adrenal_Gland
273	34813	80	0.002297992129376957	Adrenal_Gland
274	34810	89	0.0025567365699511635	Adrenal_Gland
275	34813	95	0.0027288656536351365	Adrenal_Gland
276	34816	88	0.002527573529411765	Adrenal_Gland
277	34783	69	0.0019837276830635656	Adrenal_Gland
278	34795	87	0.0025003592470182498	Adrenal_Gland
279	34767	90	0.0025886616619207868	Adrenal_Gland
28	34807	76	0.002183468842474215	Adrenal_Gland
280	34810	96	0.002757828210284401	Adrenal_Gland
281	34771	79	0.0022720082827643725	Adrenal_Gland
282	34773	102	0.002933310326977828	Adrenal_Gland
283	34800	106	0.0030459770114942527	Adrenal_Gland
284	34747	71	0.0020433418712406826	Adrenal_Gland
285	34798	86	0.00247140640266682	Adrenal_Gland
286	34829	82	0.0023543598725200266	Adrenal_Gland
287	34782	95	0.00273129779771146	Adrenal_Gland
288	34801	84	0.002413723743570587	Adrenal_Gland
289	34783	89	0.002558721214386338	Adrenal_Gland
29	34798	83	0.002385194551411001	Adrenal_Gland
290	34816	94	0.002699908088235294	Adrenal_Gland
291	34790	85	0.0024432308134521414	Adrenal_Gland
292	34808	96	0.002757986669731096	Adrenal_Gland
293	34793	78	0.002241830253211853	Adrenal_Gland
294	34810	95	0.0027291008330939384	Adrenal_Gland
295	34804	102	0.0029306976209631077	Adrenal_Gland
296	34802	88	0.0025285903109016723	Adrenal_Gland
297	34815	78	0.0022404136148211976	Adrenal_Gland
298	34803	92	0.0026434502772749477	Adrenal_Gland
299	34811	94	0.002700295883485105	Adrenal_Gland
3	34782	101	0.002903800816514289	Adrenal_Gland
30	34786	86	0.002472258954751912	Adrenal_Gland
300	34809	79	0.002269527995633313	Adrenal_Gland
301	34780	92	0.002645198389879241	Adrenal_Gland
302	34827	92	0.0026416286214718467	Adrenal_Gland
303	34810	73	0.002097098534903763	Adrenal_Gland
304	34763	75	0.0021574662716106205	Adrenal_Gland
305	34824	80	0.002297266253158741	Adrenal_Gland
306	34795	76	0.0021842218709584712	Adrenal_Gland
307	34788	98	0.002817063355179947	Adrenal_Gland
308	34770	90	0.0025884383088869713	Adrenal_Gland
309	34820	96	0.0027570361860999423	Adrenal_Gland
31	34781	74	0.002127598401426066	Adrenal_Gland
310	34769	83	0.0023871839857344188	Adrenal_Gland
311	34783	76	0.002184975419026536	Adrenal_Gland
312	34804	82	0.0023560510286174	Adrenal_Gland
313	34807	102	0.00293044502542592	Adrenal_Gland
314	34790	93	0.0026731819488358725	Adrenal_Gland
315	34777	108	0.003105500761997872	Adrenal_Gland
316	34802	90	0.0025860582725130738	Adrenal_Gland
317	34812	98	0.002815121222566931	Adrenal_Gland
318	34794	97	0.0027878369833879407	Adrenal_Gland
319	34786	92	0.00264474213764158	Adrenal_Gland
32	34816	86	0.002470128676470588	Adrenal_Gland
320	34817	85	0.0024413361289025476	Adrenal_Gland
321	34815	87	0.0024989228780697976	Adrenal_Gland
322	34814	74	0.002125581662549549	Adrenal_Gland
323	34807	97	0.002786795759473669	Adrenal_Gland
324	34796	71	0.002040464421197839	Adrenal_Gland
325	34801	79	0.002270049711215195	Adrenal_Gland
326	34767	96	0.0027612391060488394	Adrenal_Gland
327	34805	90	0.00258583536848154	Adrenal_Gland
328	34772	114	0.0032784999424824574	Adrenal_Gland
329	34788	92	0.002644590088536277	Adrenal_Gland
33	34804	84	0.002413515687851971	Adrenal_Gland
330	34815	87	0.0024989228780697976	Adrenal_Gland
331	34769	84	0.0024159452385745924	Adrenal_Gland
332	34798	86	0.00247140640266682	Adrenal_Gland
333	34800	89	0.0025574712643678162	Adrenal_Gland
334	34814	85	0.0024415465042798875	Adrenal_Gland
335	34787	71	0.002040992324719004	Adrenal_Gland
336	34773	93	0.0026744888275386076	Adrenal_Gland
337	34809	91	0.002614266425349766	Adrenal_Gland
338	34815	82	0.0023553066207094644	Adrenal_Gland
339	34815	94	0.002699985638374264	Adrenal_Gland
34	34802	101	0.002902132061375783	Adrenal_Gland
340	34823	93	0.0026706487091864572	Adrenal_Gland
341	34777	85	0.002444144118239066	Adrenal_Gland
342	34799	91	0.002615017672921636	Adrenal_Gland
343	34837	74	0.002124178316158108	Adrenal_Gland
344	34796	99	0.0028451546154730427	Adrenal_Gland
345	34796	87	0.0025002873893550984	Adrenal_Gland
346	34803	90	0.002585983966899405	Adrenal_Gland
347	34765	89	0.002560046023299295	Adrenal_Gland
348	34780	92	0.002645198389879241	Adrenal_Gland
349	34796	88	0.002529026324864927	Adrenal_Gland
35	34792	89	0.0025580593239825245	Adrenal_Gland
350	34815	91	0.002613815883958064	Adrenal_Gland
351	34797	80	0.0022990487685720035	Adrenal_Gland
352	34783	95	0.0027312192737831698	Adrenal_Gland
353	34770	83	0.002387115329306874	Adrenal_Gland
354	34798	73	0.002097821713891603	Adrenal_Gland
355	34801	81	0.0023275193241573517	Adrenal_Gland
356	34799	87	0.0025000718411448603	Adrenal_Gland
357	34785	81	0.002328589909443726	Adrenal_Gland
358	34810	78	0.002240735420856076	Adrenal_Gland
359	34766	107	0.003077719611114307	Adrenal_Gland
36	34804	100	0.002873232961728537	Adrenal_Gland
360	34798	99	0.002844991091442037	Adrenal_Gland
361	34812	85	0.002441686774675399	Adrenal_Gland
362	34787	93	0.002673412481674189	Adrenal_Gland
363	34794	100	0.0028740587457607636	Adrenal_Gland
364	34806	81	0.0023271849681089467	Adrenal_Gland
365	34813	85	0.0024416166374630166	Adrenal_Gland
366	34768	91	0.002617349286700414	Adrenal_Gland
367	34782	97	0.00278879880397907	Adrenal_Gland
368	34820	97	0.0027857553130384836	Adrenal_Gland
369	34757	93	0.0026757199988491527	Adrenal_Gland
37	34808	85	0.0024419673638244083	Adrenal_Gland
370	34790	80	0.0022995113538373095	Adrenal_Gland
371	34795	94	0.002701537577238109	Adrenal_Gland
372	34800	90	0.002586206896551724	Adrenal_Gland
373	34807	98	0.0028155256126641192	Adrenal_Gland
374	34780	100	0.002875215641173088	Adrenal_Gland
375	34829	81	0.002325648166757587	Adrenal_Gland
376	34817	99	0.0028434385501335552	Adrenal_Gland
377	34816	86	0.002470128676470588	Adrenal_Gland
378	34781	72	0.0020700957419280642	Adrenal_Gland
379	34808	103	0.002959089864398989	Adrenal_Gland
38	34815	101	0.0029010483986787305	Adrenal_Gland
380	34787	82	0.0023572024031965964	Adrenal_Gland
381	34806	97	0.0027868758260070105	Adrenal_Gland
382	34823	97	0.002785515320334262	Adrenal_Gland
383	34783	88	0.0025299715378201996	Adrenal_Gland
384	34814	101	0.002901131728614925	Adrenal_Gland
385	34800	98	0.0028160919540229884	Adrenal_Gland
386	34786	77	0.0022135341804174094	Adrenal_Gland
387	34814	100	0.002872407652093985	Adrenal_Gland
388	34792	99	0.0028454817199356176	Adrenal_Gland
389	34840	93	0.002669345579793341	Adrenal_Gland
39	34803	86	0.0024710513461483207	Adrenal_Gland
390	34774	106	0.0030482544429746364	Adrenal_Gland
391	34772	83	0.002386978028298631	Adrenal_Gland
392	34832	104	0.0029857602204869087	Adrenal_Gland
393	34814	103	0.0029585798816568047	Adrenal_Gland
394	34775	100	0.002875629043853343	Adrenal_Gland
395	34780	112	0.0032202415181138587	Adrenal_Gland
396	34797	97	0.0027875966318935542	Adrenal_Gland
397	34800	98	0.0028160919540229884	Adrenal_Gland
398	34779	73	0.00209896776790592	Adrenal_Gland
399	34813	95	0.0027288656536351365	Adrenal_Gland
4	34838	85	0.0024398645157586545	Adrenal_Gland
40	34755	100	0.0028772838440512156	Adrenal_Gland
400	34760	86	0.0024741081703107018	Adrenal_Gland
401	34807	93	0.002671876346711868	Adrenal_Gland
402	34809	88	0.002528081817920653	Adrenal_Gland
403	34793	86	0.0024717615612335816	Adrenal_Gland
404	34799	74	0.0021264978878703412	Adrenal_Gland
405	34801	76	0.0021838452918019596	Adrenal_Gland
406	34768	100	0.0028762080073630927	Adrenal_Gland
407	34843	89	0.0025543150704589158	Adrenal_Gland
408	34816	83	0.0023839613970588237	Adrenal_Gland
409	34802	92	0.0026435262341244757	Adrenal_Gland
41	34834	83	0.002382729517138428	Adrenal_Gland
410	34767	91	0.0026174245692754624	Adrenal_Gland
411	34782	108	0.003105054338450923	Adrenal_Gland
412	34811	96	0.0027577489873890438	Adrenal_Gland
413	34821	88	0.0025272105913098416	Adrenal_Gland
414	34814	90	0.0025851668868845865	Adrenal_Gland
415	34787	83	0.0023859487739672867	Adrenal_Gland
416	34792	84	0.0024143481260059784	Adrenal_Gland
417	34821	90	0.0025846471956577927	Adrenal_Gland
418	34770	98	0.002818521714121369	Adrenal_Gland
419	34806	90	0.0025857610756766076	Adrenal_Gland
42	34795	73	0.0020980025865785313	Adrenal_Gland
420	34774	83	0.0023868407430839133	Adrenal_Gland
421	34773	101	0.002904552382595692	Adrenal_Gland
422	34770	91	0.0026171987345412714	Adrenal_Gland
423	34767	94	0.0027037132913394885	Adrenal_Gland
424	34783	75	0.0021562257424603973	Adrenal_Gland
425	34833	89	0.0025550483736686475	Adrenal_Gland
426	34798	81	0.002327719983907121	Adrenal_Gland
427	34815	78	0.0022404136148211976	Adrenal_Gland
428	34793	87	0.0025005029747362977	Adrenal_Gland
429	34798	87	0.0025001436864187597	Adrenal_Gland
43	34815	84	0.0024127531236535975	Adrenal_Gland
430	34812	84	0.002412961047914512	Adrenal_Gland
431	34796	74	0.002126681227727325	Adrenal_Gland
432	34795	104	0.002988935191837908	Adrenal_Gland
433	34798	81	0.002327719983907121	Adrenal_Gland
434	34807	85	0.002442037521188267	Adrenal_Gland
435	34784	84	0.0024149034038638455	Adrenal_Gland
436	34792	87	0.0025005748447919063	Adrenal_Gland
437	34784	84	0.0024149034038638455	Adrenal_Gland
438	34785	87	0.0025010780508840018	Adrenal_Gland
439	34799	89	0.0025575447570332483	Adrenal_Gland
44	34783	85	0.0024437225081217835	Adrenal_Gland
440	34785	103	0.002961046428058071	Adrenal_Gland
441	34817	91	0.0026136657380015508	Adrenal_Gland
442	34799	105	0.003017328084140349	Adrenal_Gland
443	34782	84	0.002415042263239607	Adrenal_Gland
444	34831	81	0.0023255146277741095	Adrenal_Gland
445	34806	103	0.002959259897718784	Adrenal_Gland
446	34800	100	0.0028735632183908046	Adrenal_Gland
447	34801	91	0.002614867388868136	Adrenal_Gland
448	34807	94	0.0027006061999023186	Adrenal_Gland
449	34821	87	0.0024984922891358665	Adrenal_Gland
45	34792	96	0.0027592550011496897	Adrenal_Gland
450	34823	91	0.0026132154036125547	Adrenal_Gland
451	34823	88	0.0025270654452517016	Adrenal_Gland
452	34770	80	0.0023008340523439745	Adrenal_Gland
453	34794	103	0.0029602805081335865	Adrenal_Gland
454	34829	105	0.003014729105056131	Adrenal_Gland
455	34800	86	0.0024712643678160917	Adrenal_Gland
456	34806	73	0.0020973395391599148	Adrenal_Gland
457	34806	75	0.0021548008963971728	Adrenal_Gland
458	34784	86	0.0024724011039558417	Adrenal_Gland
459	34797	97	0.0027875966318935542	Adrenal_Gland
46	34816	87	0.0024988511029411763	Adrenal_Gland
460	34810	84	0.0024130996839988508	Adrenal_Gland
461	34796	77	0.002212898034256811	Adrenal_Gland
462	34791	77	0.002213216061625133	Adrenal_Gland
463	34784	95	0.0027311407543698252	Adrenal_Gland
464	34799	95	0.002729963504698411	Adrenal_Gland
465	34776	99	0.002846790890269151	Adrenal_Gland
466	34814	84	0.0024128224277589474	Adrenal_Gland
467	34781	96	0.0027601276559040856	Adrenal_Gland
468	34781	84	0.002415111698916075	Adrenal_Gland
469	34791	82	0.0023569313903020897	Adrenal_Gland
47	34781	96	0.0027601276559040856	Adrenal_Gland
470	34815	87	0.0024989228780697976	Adrenal_Gland
471	34798	72	0.002069084430139663	Adrenal_Gland
472	34798	85	0.0024426691189148803	Adrenal_Gland
473	34784	93	0.002673643054277829	Adrenal_Gland
474	34813	88	0.0025277913423146525	Adrenal_Gland
475	34824	98	0.002814151160119458	Adrenal_Gland
476	34794	91	0.002615393458642295	Adrenal_Gland
477	34804	89	0.002557177335938398	Adrenal_Gland
478	34795	101	0.0029027159074579683	Adrenal_Gland
479	34807	96	0.0027580659062832187	Adrenal_Gland
48	34779	87	0.002501509531613905	Adrenal_Gland
480	34797	90	0.002586429864643504	Adrenal_Gland
481	34802	88	0.0025285903109016723	Adrenal_Gland
482	34793	96	0.002759175696260742	Adrenal_Gland
483	34811	90	0.0025853896756772286	Adrenal_Gland
484	34803	91	0.002614717122087176	Adrenal_Gland
485	34775	95	0.0027318475916606757	Adrenal_Gland
486	34791	93	0.002673105113391394	Adrenal_Gland
487	34790	95	0.0027306697326818052	Adrenal_Gland
488	34788	95	0.002730826721858112	Adrenal_Gland
489	34781	108	0.0031051436128920963	Adrenal_Gland
49	34803	81	0.0023273855702094647	Adrenal_Gland
490	34806	98	0.0028156065046256395	Adrenal_Gland
491	34804	91	0.002614641995172969	Adrenal_Gland
492	34810	84	0.0024130996839988508	Adrenal_Gland
493	34825	96	0.002756640344580043	Adrenal_Gland
494	34809	106	0.0030451894624953318	Adrenal_Gland
495	34780	93	0.0026739505462909717	Adrenal_Gland
496	34810	82	0.002355644929617926	Adrenal_Gland
497	34800	98	0.0028160919540229884	Adrenal_Gland
498	34778	103	0.0029616424176203346	Adrenal_Gland
499	34782	92	0.0026450462883100454	Adrenal_Gland
5	34764	96	0.002761477390403866	Adrenal_Gland
50	34795	80	0.0022991809167983907	Adrenal_Gland
500	34796	93	0.0026727210024140705	Adrenal_Gland
501	34801	93	0.0026723370018102927	Adrenal_Gland
502	34821	94	0.0026995204043536946	Adrenal_Gland
503	34840	84	0.0024110218140068885	Adrenal_Gland
504	34804	84	0.002413515687851971	Adrenal_Gland
505	34815	95	0.0027287088898463306	Adrenal_Gland
506	34793	92	0.0026442100422498778	Adrenal_Gland
507	34798	88	0.0025288809701706993	Adrenal_Gland
508	34811	70	0.0020108586366378444	Adrenal_Gland
509	34784	104	0.002989880404783809	Adrenal_Gland
51	34798	84	0.0024139318351629403	Adrenal_Gland
510	34809	86	0.0024706254129679105	Adrenal_Gland
511	34819	103	0.002958155030299549	Adrenal_Gland
512	34807	93	0.002671876346711868	Adrenal_Gland
513	34790	99	0.0028456453003736708	Adrenal_Gland
514	34772	84	0.002415736799723916	Adrenal_Gland
515	34777	91	0.0026166719383500588	Adrenal_Gland
516	34820	84	0.0024124066628374496	Adrenal_Gland
517	34801	93	0.0026723370018102927	Adrenal_Gland
518	34811	82	0.0023555772600614747	Adrenal_Gland
519	34765	83	0.0023874586509420393	Adrenal_Gland
52	34827	94	0.002699055330634278	Adrenal_Gland
520	34806	80	0.0022984542894903177	Adrenal_Gland
521	34820	88	0.002527283170591614	Adrenal_Gland
522	34792	92	0.0026442860427684524	Adrenal_Gland
523	34817	81	0.0023264497228365454	Adrenal_Gland
524	34798	87	0.0025001436864187597	Adrenal_Gland
525	34790	94	0.002701925840758839	Adrenal_Gland
526	34793	90	0.0025867272152444456	Adrenal_Gland
527	34812	78	0.0022406066873491897	Adrenal_Gland
528	34798	95	0.002730041956434278	Adrenal_Gland
529	34847	87	0.002496628117198037	Adrenal_Gland
53	34793	104	0.0029891070042824706	Adrenal_Gland
530	34831	80	0.0022968045706410955	Adrenal_Gland
531	34755	92	0.0026471011365271184	Adrenal_Gland
532	34784	89	0.0025586476540938362	Adrenal_Gland
533	34826	89	0.002555561936484236	Adrenal_Gland
534	34781	100	0.0028751329749000893	Adrenal_Gland
535	34795	93	0.002672797815778129	Adrenal_Gland
536	34834	94	0.0026985129471206295	Adrenal_Gland
537	34800	96	0.002758620689655172	Adrenal_Gland
538	34819	85	0.00244119589879089	Adrenal_Gland
539	34820	85	0.002441125789775991	Adrenal_Gland
54	34794	90	0.002586652871184687	Adrenal_Gland
540	34795	74	0.0021267423480385112	Adrenal_Gland
541	34794	74	0.002126803471862965	Adrenal_Gland
542	34791	88	0.0025293897847144375	Adrenal_Gland
543	34792	81	0.0023281214072200505	Adrenal_Gland
544	34810	105	0.0030163746049985635	Adrenal_Gland
545	34800	102	0.0029310344827586207	Adrenal_Gland
546	34810	98	0.002815282964665326	Adrenal_Gland
547	34790	120	0.0034492670307559644	Adrenal_Gland
548	34824	113	0.003244888582586722	Adrenal_Gland
549	34778	101	0.0029041347978607164	Adrenal_Gland
55	34781	95	0.0027313763261550845	Adrenal_Gland
550	34820	86	0.002469844916714532	Adrenal_Gland
551	34809	93	0.002671722830302508	Adrenal_Gland
552	34817	85	0.0024413361289025476	Adrenal_Gland
553	34784	102	0.002932382704691812	Adrenal_Gland
554	34787	86	0.002472187886279357	Adrenal_Gland
555	34794	83	0.0023854687589814337	Adrenal_Gland
556	34790	88	0.0025294624892210405	Adrenal_Gland
557	34767	105	0.003020105272240918	Adrenal_Gland
558	34823	74	0.0021250323062343853	Adrenal_Gland
559	34794	92	0.0026441340460999023	Adrenal_Gland
56	34788	85	0.002443371277451995	Adrenal_Gland
560	34819	109	0.0031304747408024353	Adrenal_Gland
561	34770	83	0.002387115329306874	Adrenal_Gland
562	34792	80	0.002299379167624741	Adrenal_Gland
563	34775	97	0.0027893601725377426	Adrenal_Gland
564	34789	99	0.0028457270976458074	Adrenal_Gland
565	34822	90	0.0025845729711102177	Adrenal_Gland
566	34803	92	0.0026434502772749477	Adrenal_Gland
567	34811	101	0.00290138174714889	Adrenal_Gland
568	34767	90	0.0025886616619207868	Adrenal_Gland
569	34811	95	0.0027290224354370746	Adrenal_Gland
57	34810	82	0.002355644929617926	Adrenal_Gland
570	34798	88	0.0025288809701706993	Adrenal_Gland
571	34808	85	0.0024419673638244083	Adrenal_Gland
572	34812	91	0.0026140411352407215	Adrenal_Gland
573	34759	92	0.002646796513133289	Adrenal_Gland
574	34802	107	0.0030745359462099877	Adrenal_Gland
575	34803	90	0.002585983966899405	Adrenal_Gland
576	34821	98	0.0028143936130495964	Adrenal_Gland
577	34828	88	0.0025267026530377858	Adrenal_Gland
578	34792	82	0.00235686364681536	Adrenal_Gland
579	34815	97	0.002786155392790464	Adrenal_Gland
58	34803	74	0.0021262534838950666	Adrenal_Gland
580	34796	76	0.0021841590987469826	Adrenal_Gland
581	34812	79	0.002269332414110077	Adrenal_Gland
582	34831	89	0.002555195084838219	Adrenal_Gland
583	34834	112	0.003215249468909686	Adrenal_Gland
584	34796	95	0.002730198873433728	Adrenal_Gland
585	34822	101	0.0029004652231347998	Adrenal_Gland
586	34809	86	0.0024706254129679105	Adrenal_Gland
587	34801	93	0.0026723370018102927	Adrenal_Gland
588	34798	97	0.0027875165239381575	Adrenal_Gland
589	34789	102	0.002931961252119923	Adrenal_Gland
59	34797	87	0.0025002155358220535	Adrenal_Gland
590	34789	92	0.0026445140705395383	Adrenal_Gland
591	34798	88	0.0025288809701706993	Adrenal_Gland
592	34805	80	0.0022985203275391465	Adrenal_Gland
593	34760	73	0.002100115074798619	Adrenal_Gland
594	34810	83	0.002384372306808388	Adrenal_Gland
595	34835	80	0.002296540835366729	Adrenal_Gland
596	34770	93	0.0026747195858498707	Adrenal_Gland
597	34775	98	0.002818116462976276	Adrenal_Gland
598	34820	90	0.002584721424468696	Adrenal_Gland
599	34767	79	0.0022722696810193576	Adrenal_Gland
6	34828	95	0.0027276903640748823	Adrenal_Gland
60	34781	82	0.002357609039418073	Adrenal_Gland
600	34803	97	0.0027871160532138032	Adrenal_Gland
601	34808	103	0.002959089864398989	Adrenal_Gland
602	34793	91	0.0026154686287471617	Adrenal_Gland
603	34799	97	0.0027874364205867984	Adrenal_Gland
604	34842	95	0.0027265943401641696	Adrenal_Gland
605	34815	103	0.002958494901622864	Adrenal_Gland
606	34837	70	0.002009357866636048	Adrenal_Gland
607	34810	79	0.0022694627980465384	Adrenal_Gland
608	34800	85	0.002442528735632184	Adrenal_Gland
609	34820	86	0.002469844916714532	Adrenal_Gland
61	34818	91	0.002613590671491757	Adrenal_Gland
610	34785	89	0.0025585740980307603	Adrenal_Gland
611	34796	102	0.002931371422002529	Adrenal_Gland
612	34819	97	0.0027858353197966626	Adrenal_Gland
613	34783	84	0.002414972831555645	Adrenal_Gland
614	34786	103	0.0029609613062726386	Adrenal_Gland
615	34825	92	0.0026417803302225414	Adrenal_Gland
616	34786	103	0.0029609613062726386	Adrenal_Gland
617	34794	84	0.002414209346439041	Adrenal_Gland
618	34787	78	0.002242216920113836	Adrenal_Gland
619	34835	93	0.0026697287211138224	Adrenal_Gland
62	34782	93	0.00267379679144385	Adrenal_Gland
620	34804	88	0.0025284450063211127	Adrenal_Gland
621	34783	75	0.0021562257424603973	Adrenal_Gland
622	34797	94	0.002701382303072104	Adrenal_Gland
623	34829	70	0.0020098194033707543	Adrenal_Gland
624	34807	79	0.0022696584020455656	Adrenal_Gland
625	34802	90	0.0025860582725130738	Adrenal_Gland
626	34798	86	0.00247140640266682	Adrenal_Gland
627	34815	86	0.002470199626597731	Adrenal_Gland
628	34813	81	0.002326717030994169	Adrenal_Gland
629	34781	91	0.002616371007159081	Adrenal_Gland
63	34793	84	0.0024142787342281494	Adrenal_Gland
630	34789	98	0.0028169823794877693	Adrenal_Gland
631	34808	89	0.002556883475063204	Adrenal_Gland
632	34814	100	0.002872407652093985	Adrenal_Gland
633	34795	97	0.002787756861618049	Adrenal_Gland
634	34801	91	0.002614867388868136	Adrenal_Gland
635	34810	72	0.0020683711577133006	Adrenal_Gland
636	34785	84	0.0024148339801638636	Adrenal_Gland
637	34802	86	0.002471122349290271	Adrenal_Gland
638	34796	73	0.002097942292217496	Adrenal_Gland
639	34815	90	0.0025850926324859974	Adrenal_Gland
64	34810	87	0.0024992818155702384	Adrenal_Gland
640	34814	85	0.0024415465042798875	Adrenal_Gland
641	34802	87	0.0024998563300959713	Adrenal_Gland
642	34799	106	0.003046064542084543	Adrenal_Gland
643	34794	99	0.0028453181583031556	Adrenal_Gland
644	34775	83	0.0023867721063982744	Adrenal_Gland
645	34802	85	0.00244238836848457	Adrenal_Gland
646	34792	102	0.002931708438721545	Adrenal_Gland
647	34747	89	0.0025613722047946584	Adrenal_Gland
648	34783	80	0.0022999741252910906	Adrenal_Gland
649	34828	86	0.0024692775927414724	Adrenal_Gland
65	34787	100	0.00287463707706902	Adrenal_Gland
650	34800	92	0.0026436781609195403	Adrenal_Gland
651	34777	100	0.002875463668516548	Adrenal_Gland
652	34773	85	0.002444425272481523	Adrenal_Gland
653	34767	94	0.0027037132913394885	Adrenal_Gland
654	34792	92	0.0026442860427684524	Adrenal_Gland
655	34833	94	0.002698590417133178	Adrenal_Gland
656	34798	83	0.002385194551411001	Adrenal_Gland
657	34817	99	0.0028434385501335552	Adrenal_Gland
658	34815	116	0.00333189717075973	Adrenal_Gland
659	34799	94	0.002701227046754217	Adrenal_Gland
66	34818	88	0.0025274283416623585	Adrenal_Gland
660	34795	94	0.002701537577238109	Adrenal_Gland
661	34813	95	0.0027288656536351365	Adrenal_Gland
662	34804	103	0.002959429950580393	Adrenal_Gland
663	34805	106	0.0030455394339893695	Adrenal_Gland
664	34798	89	0.002557618253922639	Adrenal_Gland
665	34818	95	0.0027284737779309553	Adrenal_Gland
666	34800	87	0.0025	Adrenal_Gland
667	34817	88	0.0025275009334520494	Adrenal_Gland
668	34773	101	0.002904552382595692	Adrenal_Gland
669	34772	85	0.0024444955711492005	Adrenal_Gland
67	34765	90	0.0025888105853588378	Adrenal_Gland
670	34786	86	0.002472258954751912	Adrenal_Gland
671	34780	104	0.0029902242668200115	Adrenal_Gland
672	34779	93	0.0026740274303458985	Adrenal_Gland
673	34786	98	0.0028172253205312483	Adrenal_Gland
674	34802	83	0.0023849204068731684	Adrenal_Gland
675	34820	89	0.002556002297530155	Adrenal_Gland
676	34772	99	0.0028471183711031864	Adrenal_Gland
677	34802	91	0.0026147922533187747	Adrenal_Gland
678	34807	92	0.002643146493521418	Adrenal_Gland
679	34804	97	0.002787035972876681	Adrenal_Gland
68	34800	93	0.002672413793103448	Adrenal_Gland
680	34791	107	0.003075508033686873	Adrenal_Gland
681	34785	79	0.002271093862296967	Adrenal_Gland
682	34800	82	0.00235632183908046	Adrenal_Gland
683	34809	93	0.002671722830302508	Adrenal_Gland
684	34821	91	0.0026133654978317683	Adrenal_Gland
685	34783	96	0.0027599689503493086	Adrenal_Gland
686	34764	95	0.0027327120009204924	Adrenal_Gland
687	34787	103	0.0029608761893810905	Adrenal_Gland
688	34796	80	0.0022991148407862975	Adrenal_Gland
689	34816	83	0.0023839613970588237	Adrenal_Gland
69	34804	97	0.002787035972876681	Adrenal_Gland
690	34808	88	0.002528154447253505	Adrenal_Gland
691	34802	83	0.0023849204068731684	Adrenal_Gland
692	34807	88	0.0025282270807596174	Adrenal_Gland
693	34812	102	0.0029300241296104793	Adrenal_Gland
694	34792	68	0.00195447229248103	Adrenal_Gland
695	34801	83	0.0023849889370995084	Adrenal_Gland
696	34821	82	0.002354900778265989	Adrenal_Gland
697	34773	90	0.0025882149943922007	Adrenal_Gland
698	34799	87	0.0025000718411448603	Adrenal_Gland
699	34802	109	0.0031320039078213896	Adrenal_Gland
7	34776	101	0.002904301817345296	Adrenal_Gland
70	34767	75	0.002157218051600656	Adrenal_Gland
700	34812	82	0.002355509594392738	Adrenal_Gland
701	34809	97	0.002786635640207992	Adrenal_Gland
702	34797	92	0.0026439060838578036	Adrenal_Gland
703	34813	101	0.0029012150633384083	Adrenal_Gland
704	34847	82	0.002353143742646426	Adrenal_Gland
705	34804	101	0.0029019652913458223	Adrenal_Gland
706	34800	84	0.002413793103448276	Adrenal_Gland
707	34802	94	0.002700994195735877	Adrenal_Gland
708	34794	107	0.003075242857964017	Adrenal_Gland
709	34812	68	0.0019533494197403194	Adrenal_Gland
71	34833	83	0.0023827979215112105	Adrenal_Gland
710	34801	88	0.0025286629694549006	Adrenal_Gland
711	34826	90	0.0025842761155458567	Adrenal_Gland
712	34800	97	0.0027873563218390805	Adrenal_Gland
713	34767	89	0.0025598987545661115	Adrenal_Gland
714	34797	76	0.002184096330143403	Adrenal_Gland
715	34786	98	0.0028172253205312483	Adrenal_Gland
716	34804	84	0.002413515687851971	Adrenal_Gland
717	34796	91	0.0026152431313944133	Adrenal_Gland
718	34795	96	0.002759017100158069	Adrenal_Gland
719	34817	89	0.00255622253496855	Adrenal_Gland
72	34790	85	0.0024432308134521414	Adrenal_Gland
720	34800	100	0.0028735632183908046	Adrenal_Gland
721	34792	105	0.003017935157507473	Adrenal_Gland
722	34830	80	0.0022968705139247776	Adrenal_Gland
723	34795	74	0.0021267423480385112	Adrenal_Gland
724	34816	99	0.002843520220588235	Adrenal_Gland
725	34797	90	0.002586429864643504	Adrenal_Gland
726	34819	99	0.002843275223297625	Adrenal_Gland
727	34802	93	0.0026722602149301766	Adrenal_Gland
728	34820	98	0.002814474439977025	Adrenal_Gland
729	34785	76	0.0021848497915768293	Adrenal_Gland
73	34778	72	0.0020702743113462535	Adrenal_Gland
730	34818	96	0.0027571945545407546	Adrenal_Gland
731	34811	93	0.002671569331533136	Adrenal_Gland
732	34821	74	0.0021251543608741853	Adrenal_Gland
733	34796	112	0.003218760777100816	Adrenal_Gland
734	34799	76	0.0021839708037587288	Adrenal_Gland
735	34822	86	0.002469703061283097	Adrenal_Gland
736	34791	108	0.0031042510994222644	Adrenal_Gland
737	34816	94	0.002699908088235294	Adrenal_Gland
738	34820	84	0.0024124066628374496	Adrenal_Gland
739	34820	89	0.002556002297530155	Adrenal_Gland
74	34809	81	0.0023269844005860555	Adrenal_Gland
740	34786	74	0.0021272925889725754	Adrenal_Gland
741	34828	99	0.002842540484667509	Adrenal_Gland
742	34822	87	0.0024984205387398773	Adrenal_Gland
743	34816	67	0.0019244025735294119	Adrenal_Gland
744	34810	93	0.0026716460787130137	Adrenal_Gland
745	34762	100	0.0028767044473850755	Adrenal_Gland
746	34779	89	0.002559015497857903	Adrenal_Gland
747	34796	80	0.0022991148407862975	Adrenal_Gland
748	34793	82	0.002356795907222717	Adrenal_Gland
749	34815	82	0.0023553066207094644	Adrenal_Gland
75	34788	89	0.002558353455214442	Adrenal_Gland
750	34782	92	0.0026450462883100454	Adrenal_Gland
751	34794	85	0.0024429499338966486	Adrenal_Gland
752	34802	75	0.0021550485604275617	Adrenal_Gland
753	34798	84	0.0024139318351629403	Adrenal_Gland
754	34828	81	0.0023257149420006893	Adrenal_Gland
755	34806	101	0.002901798540481526	Adrenal_Gland
756	34780	84	0.0024151811385853938	Adrenal_Gland
757	34828	84	0.002411852532445159	Adrenal_Gland
758	34801	84	0.002413723743570587	Adrenal_Gland
759	34797	78	0.0022415725493577033	Adrenal_Gland
76	34804	78	0.0022411217101482588	Adrenal_Gland
760	34828	84	0.002411852532445159	Adrenal_Gland
761	34792	96	0.0027592550011496897	Adrenal_Gland
762	34758	98	0.00281949479256574	Adrenal_Gland
763	34793	87	0.0025005029747362977	Adrenal_Gland
764	34796	85	0.0024428095183354408	Adrenal_Gland
765	34783	91	0.0026162205675186153	Adrenal_Gland
766	34817	99	0.0028434385501335552	Adrenal_Gland
767	34798	90	0.002586355537674579	Adrenal_Gland
768	34795	100	0.0028739761459979883	Adrenal_Gland
769	34792	96	0.0027592550011496897	Adrenal_Gland
77	34811	104	0.002987561403004797	Adrenal_Gland
770	34791	100	0.002874306573539134	Adrenal_Gland
771	34811	98	0.002815202091292982	Adrenal_Gland
772	34805	94	0.0027007613848584974	Adrenal_Gland
773	34747	96	0.0027628284456212046	Adrenal_Gland
774	34827	86	0.002469348493984552	Adrenal_Gland
775	34772	88	0.0025307718854250547	Adrenal_Gland
776	34775	101	0.0029043853342918765	Adrenal_Gland
777	34805	87	0.002499640856198822	Adrenal_Gland
778	34794	92	0.0026441340460999023	Adrenal_Gland
779	34816	83	0.0023839613970588237	Adrenal_Gland
78	34792	114	0.0032766153138652564	Adrenal_Gland
780	34799	73	0.0020977614299261473	Adrenal_Gland
781	34795	89	0.0025578387699382093	Adrenal_Gland
782	34788	73	0.0020984247441646546	Adrenal_Gland
783	34789	95	0.002730748225013654	Adrenal_Gland
784	34790	102	0.00293187697614257	Adrenal_Gland
785	34811	89	0.0025566631237252595	Adrenal_Gland
786	34781	106	0.0030476409533940945	Adrenal_Gland
787	34781	83	0.0023863603691670738	Adrenal_Gland
788	34819	106	0.003044314885550992	Adrenal_Gland
789	34787	100	0.00287463707706902	Adrenal_Gland
79	34785	84	0.0024148339801638636	Adrenal_Gland
790	34780	80	0.0023001725129384704	Adrenal_Gland
791	34822	88	0.0025271380161966573	Adrenal_Gland
792	34782	106	0.003047553332183313	Adrenal_Gland
793	34802	91	0.0026147922533187747	Adrenal_Gland
794	34805	94	0.0027007613848584974	Adrenal_Gland
795	34819	87	0.0024986358022918522	Adrenal_Gland
796	34809	83	0.0023844408055387974	Adrenal_Gland
797	34751	94	0.002704958130701275	Adrenal_Gland
798	34803	89	0.002557250811711634	Adrenal_Gland
799	34840	85	0.0024397244546498277	Adrenal_Gland
8	34781	92	0.002645122336908082	Adrenal_Gland
80	34805	89	0.0025571038643873007	Adrenal_Gland
800	34781	83	0.0023863603691670738	Adrenal_Gland
801	34800	98	0.0028160919540229884	Adrenal_Gland
802	34791	105	0.0030180219022160905	Adrenal_Gland
803	34816	93	0.002671185661764706	Adrenal_Gland
804	34811	86	0.0024704834678693516	Adrenal_Gland
805	34786	73	0.0020985453918242972	Adrenal_Gland
806	34787	94	0.0027021588524448787	Adrenal_Gland
807	34800	88	0.002528735632183908	Adrenal_Gland
808	34786	89	0.002558500546196746	Adrenal_Gland
809	34784	71	0.0020411683532658696	Adrenal_Gland
81	34782	91	0.0026162957851762407	Adrenal_Gland
810	34824	76	0.002182402940500804	Adrenal_Gland
811	34784	92	0.0026448942042318307	Adrenal_Gland
812	34807	82	0.002355847961616916	Adrenal_Gland
813	34791	110	0.003161737230893047	Adrenal_Gland
814	34818	83	0.002383824458613361	Adrenal_Gland
815	34795	95	0.002730277338698089	Adrenal_Gland
816	34774	86	0.002473112095243573	Adrenal_Gland
817	34790	75	0.0021557918942224775	Adrenal_Gland
818	34798	87	0.0025001436864187597	Adrenal_Gland
819	34819	78	0.0022401562365375227	Adrenal_Gland
82	34769	85	0.002444706491414766	Adrenal_Gland
820	34758	98	0.00281949479256574	Adrenal_Gland
821	34801	77	0.002212580098273038	Adrenal_Gland
822	34801	85	0.0024424585500416656	Adrenal_Gland
823	34806	87	0.0024995690398207206	Adrenal_Gland
824	34796	108	0.0031038050350615013	Adrenal_Gland
825	34820	96	0.0027570361860999423	Adrenal_Gland
826	34790	88	0.0025294624892210405	Adrenal_Gland
827	34812	105	0.0030162013098931403	Adrenal_Gland
828	34810	99	0.0028440103418557886	Adrenal_Gland
829	34821	84	0.0024123373826139397	Adrenal_Gland
83	34778	87	0.0025015814595433896	Adrenal_Gland
830	34792	92	0.0026442860427684524	Adrenal_Gland
831	34784	87	0.00250114995400184	Adrenal_Gland
832	34803	82	0.0023561187253972357	Adrenal_Gland
833	34789	92	0.0026445140705395383	Adrenal_Gland
834	34793	82	0.002356795907222717	Adrenal_Gland
835	34805	99	0.002844418905329694	Adrenal_Gland
836	34782	93	0.00267379679144385	Adrenal_Gland
837	34791	95	0.002730591244862177	Adrenal_Gland
838	34816	93	0.002671185661764706	Adrenal_Gland
839	34800	100	0.0028735632183908046	Adrenal_Gland
84	34786	101	0.0029034669119760823	Adrenal_Gland
840	34792	94	0.002701770521959071	Adrenal_Gland
841	34823	97	0.002785515320334262	Adrenal_Gland
842	34813	78	0.002240542326142533	Adrenal_Gland
843	34785	96	0.002759810263044416	Adrenal_Gland
844	34770	94	0.0027034800115041703	Adrenal_Gland
845	34755	89	0.002560782621205582	Adrenal_Gland
846	34789	76	0.002184598580010923	Adrenal_Gland
847	34816	94	0.002699908088235294	Adrenal_Gland
848	34804	91	0.002614641995172969	Adrenal_Gland
849	34769	103	0.002962409042537893	Adrenal_Gland
85	34804	83	0.0023847833582346855	Adrenal_Gland
850	34828	88	0.0025267026530377858	Adrenal_Gland
851	34779	99	0.002846545329077892	Adrenal_Gland
852	34799	61	0.0017529239345958217	Adrenal_Gland
853	34800	87	0.0025	Adrenal_Gland
854	34785	86	0.0024723300273106225	Adrenal_Gland
855	34810	99	0.0028440103418557886	Adrenal_Gland
856	34792	88	0.0025293170843872156	Adrenal_Gland
857	34774	80	0.0023005693909242536	Adrenal_Gland
858	34835	86	0.0024687813980192336	Adrenal_Gland
859	34767	102	0.002933816550176892	Adrenal_Gland
86	34804	99	0.0028445006321112516	Adrenal_Gland
860	34781	93	0.002673873666657083	Adrenal_Gland
861	34778	99	0.0028466271781010986	Adrenal_Gland
862	34792	106	0.0030466773971027823	Adrenal_Gland
863	34765	107	0.003077808140371063	Adrenal_Gland
864	34809	93	0.002671722830302508	Adrenal_Gland
865	34775	79	0.002271746944644141	Adrenal_Gland
866	34790	82	0.0023569991376832422	Adrenal_Gland
867	34800	111	0.0031896551724137933	Adrenal_Gland
868	34791	84	0.002414417521772872	Adrenal_Gland
869	34813	95	0.0027288656536351365	Adrenal_Gland
87	34839	87	0.002497201412210454	Adrenal_Gland
870	34803	82	0.0023561187253972357	Adrenal_Gland
871	34815	78	0.0022404136148211976	Adrenal_Gland
872	34779	95	0.0027315333965898963	Adrenal_Gland
873	34813	95	0.0027288656536351365	Adrenal_Gland
874	34793	83	0.0023855373207254333	Adrenal_Gland
875	34778	94	0.002702858128702053	Adrenal_Gland
876	34815	75	0.002154243860404998	Adrenal_Gland
877	34836	77	0.0022103571018486623	Adrenal_Gland
878	34809	93	0.002671722830302508	Adrenal_Gland
879	34783	91	0.0026162205675186153	Adrenal_Gland
88	34779	79	0.002271485666637914	Adrenal_Gland
880	34804	88	0.0025284450063211127	Adrenal_Gland
881	34821	90	0.0025846471956577927	Adrenal_Gland
882	34810	83	0.002384372306808388	Adrenal_Gland
883	34785	91	0.002616070145177519	Adrenal_Gland
884	34820	93	0.0026708788052843195	Adrenal_Gland
885	34821	92	0.002642083800005744	Adrenal_Gland
886	34787	85	0.002443441515508667	Adrenal_Gland
887	34809	94	0.002700451032778879	Adrenal_Gland
888	34764	87	0.0025025888850535036	Adrenal_Gland
889	34796	83	0.0023853316473157835	Adrenal_Gland
89	34802	94	0.002700994195735877	Adrenal_Gland
890	34784	83	0.002386154553817847	Adrenal_Gland
891	34811	79	0.0022693976042055673	Adrenal_Gland
892	34811	91	0.0026141162276291977	Adrenal_Gland
893	34770	94	0.0027034800115041703	Adrenal_Gland
894	34816	77	0.002211626838235294	Adrenal_Gland
895	34792	79	0.002270636928029432	Adrenal_Gland
896	34799	97	0.0027874364205867984	Adrenal_Gland
897	34808	89	0.002556883475063204	Adrenal_Gland
898	34820	82	0.0023549684089603676	Adrenal_Gland
899	34823	92	0.002641932056399506	Adrenal_Gland
9	34806	107	0.0030741826121933	Adrenal_Gland
90	34799	92	0.0026437541308658294	Adrenal_Gland
900	34813	100	0.002872490161721196	Adrenal_Gland
901	34768	105	0.003020018407731247	Adrenal_Gland
902	34806	81	0.0023271849681089467	Adrenal_Gland
903	34786	94	0.002702236531938136	Adrenal_Gland
904	34795	95	0.002730277338698089	Adrenal_Gland
905	34813	95	0.0027288656536351365	Adrenal_Gland
906	34800	109	0.003132183908045977	Adrenal_Gland
907	34791	91	0.0026156189819206118	Adrenal_Gland
908	34801	75	0.0021551104853308814	Adrenal_Gland
909	34800	81	0.0023275862068965515	Adrenal_Gland
91	34800	80	0.0022988505747126436	Adrenal_Gland
910	34793	95	0.002730434282758026	Adrenal_Gland
911	34785	86	0.0024723300273106225	Adrenal_Gland
912	34800	92	0.0026436781609195403	Adrenal_Gland
913	34794	110	0.0031614646203368397	Adrenal_Gland
914	34788	97	0.0027883178107393353	Adrenal_Gland
915	34778	83	0.002386566220024153	Adrenal_Gland
916	34806	93	0.0026719531115324945	Adrenal_Gland
917	34797	99	0.002845072851107854	Adrenal_Gland
918	34799	94	0.002701227046754217	Adrenal_Gland
919	34794	82	0.0023567281715238257	Adrenal_Gland
92	34787	81	0.002328456032425906	Adrenal_Gland
920	34777	105	0.003019236851942376	Adrenal_Gland
921	34826	86	0.002469419399299374	Adrenal_Gland
922	34829	91	0.0026127652243819804	Adrenal_Gland
923	34788	91	0.002615844544095665	Adrenal_Gland
924	34778	80	0.002300304790384726	Adrenal_Gland
925	34784	99	0.0028461361545538176	Adrenal_Gland
926	34801	83	0.0023849889370995084	Adrenal_Gland
927	34813	84	0.0024128917358458048	Adrenal_Gland
928	34817	98	0.002814716948617055	Adrenal_Gland
929	34792	97	0.002787997240744999	Adrenal_Gland
93	34791	80	0.002299445258831307	Adrenal_Gland
930	34795	89	0.0025578387699382093	Adrenal_Gland
931	34785	92	0.0026448181687508984	Adrenal_Gland
932	34795	87	0.0025003592470182498	Adrenal_Gland
933	34796	75	0.0021554201632371537	Adrenal_Gland
934	34756	102	0.0029347450799861894	Adrenal_Gland
935	34777	73	0.00209908847801708	Adrenal_Gland
936	34802	91	0.0026147922533187747	Adrenal_Gland
937	34808	93	0.0026717995863019994	Adrenal_Gland
938	34782	86	0.0024725432695072162	Adrenal_Gland
939	34778	84	0.0024153200299039624	Adrenal_Gland
94	34791	76	0.0021844729958897416	Adrenal_Gland
940	34826	94	0.002699132831792339	Adrenal_Gland
941	34786	79	0.0022710285747139652	Adrenal_Gland
942	34801	79	0.002270049711215195	Adrenal_Gland
943	34785	99	0.0028460543337645535	Adrenal_Gland
944	34763	83	0.002387596007249087	Adrenal_Gland
945	34781	90	0.00258761967741008	Adrenal_Gland
946	34804	115	0.0033042179059878177	Adrenal_Gland
947	34802	79	0.002269984483650365	Adrenal_Gland
948	34821	90	0.0025846471956577927	Adrenal_Gland
949	34805	88	0.0025283723602930615	Adrenal_Gland
95	34781	96	0.0027601276559040856	Adrenal_Gland
950	34803	82	0.0023561187253972357	Adrenal_Gland
951	34789	90	0.0025870246342234613	Adrenal_Gland
952	34777	114	0.003278028582108865	Adrenal_Gland
953	34777	98	0.0028179543951462175	Adrenal_Gland
954	34779	94	0.002702780413467897	Adrenal_Gland
955	34804	87	0.002499712676703827	Adrenal_Gland
956	34809	90	0.0025855382228733947	Adrenal_Gland
957	34806	84	0.0024133770039648336	Adrenal_Gland
958	34804	80	0.0022985863693828295	Adrenal_Gland
959	34783	92	0.002644970244084754	Adrenal_Gland
96	34818	92	0.0026423114481015568	Adrenal_Gland
960	34806	106	0.003045451933574671	Adrenal_Gland
961	34756	84	0.002416848889400391	Adrenal_Gland
962	34812	94	0.002700218315523383	Adrenal_Gland
963	34817	87	0.0024987793319355485	Adrenal_Gland
964	34814	96	0.002757511346010226	Adrenal_Gland
965	34816	97	0.002786075367647059	Adrenal_Gland
966	34790	98	0.0028169014084507044	Adrenal_Gland
967	34778	92	0.002645350508942435	Adrenal_Gland
968	34801	83	0.0023849889370995084	Adrenal_Gland
969	34804	97	0.002787035972876681	Adrenal_Gland
97	34759	102	0.002934491786299951	Adrenal_Gland
970	34774	90	0.0025881405647897853	Adrenal_Gland
971	34794	82	0.0023567281715238257	Adrenal_Gland
972	34801	90	0.0025861325823970578	Adrenal_Gland
973	34769	80	0.0023009002272138973	Adrenal_Gland
974	34815	84	0.0024127531236535975	Adrenal_Gland
975	34824	75	0.00215368711233632	Adrenal_Gland
976	34790	78	0.0022420235699913767	Adrenal_Gland
977	34807	87	0.0024994972275691673	Adrenal_Gland
978	34774	92	0.002645654799562892	Adrenal_Gland
979	34777	84	0.0024153894815539005	Adrenal_Gland
98	34811	76	0.0021832179483496595	Adrenal_Gland
980	34769	103	0.002962409042537893	Adrenal_Gland
981	34778	101	0.0029041347978607164	Adrenal_Gland
982	34794	99	0.0028453181583031556	Adrenal_Gland
983	34797	84	0.0024140012070006035	Adrenal_Gland
984	34801	100	0.0028734806471078416	Adrenal_Gland
985	34790	94	0.002701925840758839	Adrenal_Gland
986	34799	100	0.00287364579441938	Adrenal_Gland
987	34785	78	0.0022423458387235877	Adrenal_Gland
988	34819	84	0.002412475947040409	Adrenal_Gland
989	34806	94	0.0027006837901511235	Adrenal_Gland
99	34795	82	0.0023566604397183503	Adrenal_Gland
990	34780	82	0.0023576768257619323	Adrenal_Gland
991	34793	95	0.002730434282758026	Adrenal_Gland
992	34816	92	0.002642463235294118	Adrenal_Gland
993	34807	89	0.0025569569339500674	Adrenal_Gland
994	34793	70	0.0020118989451901243	Adrenal_Gland
995	34780	101	0.002903967797584819	Adrenal_Gland
996	34822	100	0.0028717477456780198	Adrenal_Gland
997	34813	100	0.002872490161721196	Adrenal_Gland
998	34804	93	0.0026721066544075395	Adrenal_Gland
999	34815	100	0.0028723251472066638	Adrenal_Gland
1	29627	84	0.0028352516285820367	Liver
10	29633	88	0.0029696622009246446	Liver
100	29624	85	0.0028692951660815556	Liver
1000	29616	73	0.002464883846569422	Liver
101	29621	86	0.002903345599405827	Liver
102	29628	83	0.0028014040772242474	Liver
103	29606	78	0.002634601094372762	Liver
104	29609	91	0.003073389847681448	Liver
105	29586	76	0.0025687825322787804	Liver
106	29638	85	0.0028679398070045213	Liver
107	29610	76	0.0025667004390408647	Liver
108	29624	87	0.0029368079935187686	Liver
109	29594	78	0.0026356693924444144	Liver
11	29595	93	0.0031424227065382664	Liver
110	29620	68	0.0022957461174881837	Liver
111	29610	73	0.002465383316447146	Liver
112	29609	89	0.003005842818062076	Liver
113	29613	87	0.0029378988957552425	Liver
114	29617	77	0.002599858189553297	Liver
115	29616	86	0.002903835764451648	Liver
116	29625	68	0.0022953586497890294	Liver
117	29615	75	0.002532500422083404	Liver
118	29639	80	0.002699146394952596	Liver
119	29625	83	0.0028016877637130804	Liver
12	29616	80	0.002701242571582928	Liver
120	29597	80	0.0027029766530391594	Liver
121	29606	72	0.0024319394717287036	Liver
122	29598	67	0.0022636664639502668	Liver
123	29629	75	0.002531303790205542	Liver
124	29617	86	0.002903737718202384	Liver
125	29605	69	0.002330687383887857	Liver
126	29616	59	0.0019921663965424097	Liver
127	29610	95	0.003208375548801081	Liver
128	29618	86	0.0029036396785738403	Liver
129	29639	82	0.002766625054826411	Liver
13	29612	103	0.0034783196001620964	Liver
130	29623	61	0.0020592107484049558	Liver
131	29626	71	0.002396543576588132	Liver
132	29625	82	0.0027679324894514766	Liver
133	29617	72	0.002431036229192693	Liver
134	29599	79	0.00266900908814487	Liver
135	29625	80	0.00270042194092827	Liver
136	29605	74	0.002499577774024658	Liver
137	29615	81	0.002735100455850076	Liver
138	29613	70	0.0023638266977341034	Liver
139	29622	77	0.002599419350482749	Liver
14	29624	86	0.002903051579800162	Liver
140	29594	78	0.0026356693924444144	Liver
141	29619	83	0.002802255309092137	Liver
142	29632	61	0.002058585313174946	Liver
143	29619	69	0.0023295857388838247	Liver
144	29607	84	0.0028371668862093424	Liver
145	29620	78	0.0026333558406482107	Liver
146	29612	71	0.0023976766175874647	Liver
147	29629	100	0.003375071720274056	Liver
148	29607	86	0.002904718478738136	Liver
149	29614	74	0.0024988181265617614	Liver
15	29606	77	0.0026008241572654193	Liver
150	29608	68	0.0022966765738989463	Liver
151	29605	70	0.002364465461915217	Liver
152	29633	80	0.0026996929099314952	Liver
153	29625	74	0.00249789029535865	Liver
154	29643	77	0.002597577842998347	Liver
155	29646	73	0.002462389529784794	Liver
156	29617	74	0.0024985650133369348	Liver
157	29632	70	0.0023623110151187905	Liver
158	29600	68	0.0022972972972972973	Liver
159	29642	69	0.0023277781526212806	Liver
16	29616	73	0.002464883846569422	Liver
160	29620	77	0.002599594868332208	Liver
161	29622	75	0.0025319019647559245	Liver
162	29628	81	0.0027339003645200487	Liver
163	29617	90	0.0030387952864908666	Liver
164	29619	80	0.002700968972618927	Liver
165	29644	87	0.002934826609094589	Liver
166	29605	74	0.002499577774024658	Liver
167	29639	74	0.0024967104153311515	Liver
168	29622	77	0.002599419350482749	Liver
169	29624	83	0.0028017823386443422	Liver
17	29604	68	0.0022969868936630186	Liver
170	29624	85	0.0028692951660815556	Liver
171	29608	77	0.0026006484733855713	Liver
172	29592	76	0.0025682616923492834	Liver
173	29601	91	0.0030742204655248135	Liver
174	29633	87	0.002935916039550501	Liver
175	29604	74	0.0024996622078097552	Liver
176	29608	83	0.002803296406376655	Liver
177	29614	82	0.0027689606267306006	Liver
178	29629	86	0.002902561679435688	Liver
179	29617	74	0.0024985650133369348	Liver
18	29629	63	0.0021262951837726553	Liver
180	29616	67	0.002262290653700702	Liver
181	29612	89	0.003005538295285695	Liver
182	29587	87	0.0029404806164869705	Liver
183	29604	77	0.002600999864883124	Liver
184	29620	67	0.002261985145172181	Liver
185	29625	82	0.0027679324894514766	Liver
186	29617	73	0.002464800621264814	Liver
187	29614	80	0.0027014250016883907	Liver
188	29625	73	0.0024641350210970465	Liver
189	29625	59	0.0019915611814345993	Liver
19	29625	91	0.003071729957805907	Liver
190	29607	86	0.002904718478738136	Liver
191	29607	79	0.002668287904887358	Liver
192	29623	67	0.002261756067920197	Liver
193	29620	80	0.0027008777852802163	Liver
194	29644	74	0.0024962892996896503	Liver
195	29602	94	0.0031754611174920613	Liver
196	29600	76	0.0025675675675675674	Liver
197	29607	71	0.002398081534772182	Liver
198	29628	78	0.0026326447954637504	Liver
199	29598	77	0.0026015271302115006	Liver
2	29616	71	0.0023973527822798487	Liver
20	29627	79	0.0026664866506902487	Liver
200	29630	95	0.00320620992237597	Liver
201	29625	91	0.003071729957805907	Liver
202	29602	70	0.0023647050874940883	Liver
203	29614	76	0.0025663537516039713	Liver
204	29617	81	0.00273491575784178	Liver
205	29612	85	0.002870457922463866	Liver
206	29634	71	0.0023958966052507256	Liver
207	29609	69	0.002330372521868351	Liver
208	29609	83	0.0028032017292039585	Liver
209	29618	88	0.0029711661827267204	Liver
21	29601	86	0.00290530725313334	Liver
210	29636	80	0.0026994196247806723	Liver
211	29605	100	0.0033778078027360244	Liver
212	29611	78	0.0026341562257269258	Liver
213	29621	80	0.0027007866040984437	Liver
214	29600	79	0.002668918918918919	Liver
215	29608	80	0.0027019724398811133	Liver
216	29614	87	0.0029377996893361247	Liver
217	29636	85	0.0028681333513294644	Liver
218	29621	74	0.0024982276087910605	Liver
219	29627	88	0.002970263610895467	Liver
22	29612	83	0.0028029177360529515	Liver
220	29619	83	0.002802255309092137	Liver
221	29603	81	0.002736209167989731	Liver
222	29610	74	0.0024991556906450523	Liver
223	29596	71	0.002398972834166779	Liver
224	29628	97	0.0032739300661536385	Liver
225	29630	100	0.0033749578130273373	Liver
226	29610	88	0.002971968929415738	Liver
227	29631	76	0.0025648813742364415	Liver
228	29615	96	0.0032416005402667565	Liver
229	29614	78	0.0026338893766461808	Liver
23	29619	63	0.002127013065937405	Liver
230	29613	78	0.0026339783203322867	Liver
231	29611	100	0.0033771233663165714	Liver
232	29598	85	0.002871815663220488	Liver
233	29609	76	0.0025667871255361544	Liver
234	29625	70	0.002362869198312236	Liver
235	29623	83	0.002801876919960841	Liver
236	29633	73	0.0024634697803124894	Liver
237	29607	85	0.0028709426824737394	Liver
238	29611	76	0.002566613758400594	Liver
239	29624	87	0.0029368079935187686	Liver
24	29616	73	0.002464883846569422	Liver
240	29638	89	0.0030029016802753223	Liver
241	29621	81	0.0027345464366496743	Liver
242	29615	79	0.002667567111261185	Liver
243	29603	113	0.0038171806911461675	Liver
244	29621	70	0.002363188278586138	Liver
245	29604	68	0.0022969868936630186	Liver
246	29605	86	0.002904914710352981	Liver
247	29603	79	0.0026686484477924533	Liver
248	29636	84	0.0028343906060197058	Liver
249	29594	69	0.0023315536933162127	Liver
25	29627	83	0.002801498633003679	Liver
250	29619	83	0.002802255309092137	Liver
251	29615	76	0.002566267094377849	Liver
252	29628	80	0.0027001485081679494	Liver
253	29632	104	0.003509719222462203	Liver
254	29617	85	0.002869973326130263	Liver
255	29594	79	0.0026694600256808813	Liver
256	29629	77	0.002598805224611023	Liver
257	29624	80	0.0027005130974885228	Liver
258	29637	82	0.0027668117555758004	Liver
259	29610	81	0.002735562310030395	Liver
26	29606	68	0.002296831723299331	Liver
260	29637	75	0.002530620508148598	Liver
261	29622	82	0.002768212814799811	Liver
262	29588	73	0.002467216439096931	Liver
263	29617	80	0.0027011513657696595	Liver
264	29589	70	0.0023657440264963333	Liver
265	29619	66	0.002228299402410615	Liver
266	29635	71	0.0023958157583937913	Liver
267	29628	74	0.002497637370055353	Liver
268	29597	67	0.002263742946920296	Liver
269	29630	81	0.002733715828552143	Liver
27	29617	72	0.002431036229192693	Liver
270	29620	86	0.0029034436191762323	Liver
271	29591	79	0.002669730661349735	Liver
272	29613	75	0.002532671461857968	Liver
273	29622	73	0.0024643845790291	Liver
274	29598	76	0.0025677410635853775	Liver
275	29625	75	0.002531645569620253	Liver
276	29635	76	0.0025645351779989877	Liver
277	29607	45	0.001519910831897862	Liver
278	29623	96	0.0032407251122438647	Liver
279	29599	78	0.002635224162978479	Liver
28	29635	77	0.002598279061920027	Liver
280	29608	80	0.0027019724398811133	Liver
281	29623	77	0.0025993316004456	Liver
282	29635	55	0.0018559136156571622	Liver
283	29610	89	0.003005741303613644	Liver
284	29603	83	0.002803769888187008	Liver
285	29614	71	0.0023975146889984467	Liver
286	29604	99	0.003344142683421159	Liver
287	29602	94	0.0031754611174920613	Liver
288	29623	101	0.0034095128785065656	Liver
289	29626	88	0.0029703638695740228	Liver
29	29619	78	0.002633444748303454	Liver
290	29607	92	0.0031073732563245177	Liver
291	29625	79	0.0026666666666666666	Liver
292	29626	87	0.0029366097346924997	Liver
293	29627	87	0.0029365106153171096	Liver
294	29608	89	0.0030059443393677383	Liver
295	29596	79	0.0026692796323827543	Liver
296	29607	75	0.00253318471982977	Liver
297	29599	75	0.0025338693874793067	Liver
298	29600	88	0.002972972972972973	Liver
299	29608	73	0.002465549851391516	Liver
3	29620	82	0.0027683997299122213	Liver
30	29598	81	0.0027366713967159942	Liver
300	29629	62	0.0020925444665699146	Liver
301	29633	89	0.0030034083622987886	Liver
302	29628	74	0.002497637370055353	Liver
303	29613	98	0.0033093573768277445	Liver
304	29612	74	0.0024989868972038363	Liver
305	29626	78	0.002632822520758793	Liver
306	29609	72	0.0024316930662974094	Liver
307	29622	82	0.002768212814799811	Liver
308	29602	78	0.0026349570974934125	Liver
309	29597	82	0.002770551069365138	Liver
31	29615	77	0.0026000337666722945	Liver
310	29597	70	0.0023651045714092643	Liver
311	29603	81	0.002736209167989731	Liver
312	29594	92	0.0031087382577549504	Liver
313	29593	82	0.0027709255567194943	Liver
314	29620	81	0.0027346387575962186	Liver
315	29603	81	0.002736209167989731	Liver
316	29628	94	0.00317267449709734	Liver
317	29622	90	0.0030382823577071094	Liver
318	29610	87	0.002938196555217832	Liver
319	29629	97	0.0032738195686658343	Liver
32	29613	90	0.0030392057542295613	Liver
320	29616	71	0.0023973527822798487	Liver
321	29617	58	0.001958334740183003	Liver
322	29613	79	0.0026677472731570593	Liver
323	29619	78	0.002633444748303454	Liver
324	29621	97	0.0032747037574693627	Liver
325	29632	59	0.0019910907127429806	Liver
326	29603	77	0.002601087727595176	Liver
327	29609	74	0.002499240095916782	Liver
328	29631	73	0.0024636360568323717	Liver
329	29629	87	0.0029363123966384286	Liver
33	29613	87	0.0029378988957552425	Liver
330	29616	83	0.0028025391680172877	Liver
331	29585	74	0.002501267534223424	Liver
332	29611	98	0.0033095808989902402	Liver
333	29605	76	0.0025671339300793786	Liver
334	29615	80	0.0027013337835556307	Liver
335	29631	99	0.003341095474334312	Liver
336	29611	74	0.002499071291074263	Liver
337	29609	70	0.002364146036678037	Liver
338	29610	94	0.0031746031746031746	Liver
339	29639	76	0.0025641890752049665	Liver
34	29616	82	0.0027687736358725013	Liver
340	29621	94	0.0031734242598156714	Liver
341	29605	85	0.0028711366323256205	Liver
342	29602	84	0.002837646104992906	Liver
343	29621	86	0.002903345599405827	Liver
344	29625	81	0.0027341772151898733	Liver
345	29618	82	0.00276858667026808	Liver
346	29617	66	0.002228449876759969	Liver
347	29637	85	0.0028680365759017443	Liver
348	29622	80	0.0027006954290729863	Liver
349	29618	84	0.0028361131744209602	Liver
35	29630	72	0.0024299696253796826	Liver
350	29631	89	0.003003611082987412	Liver
351	29623	94	0.003173210005738784	Liver
352	29610	72	0.0024316109422492403	Liver
353	29608	88	0.0029721696838692245	Liver
354	29617	83	0.0028024445419860215	Liver
355	29638	81	0.0027329779337337203	Liver
356	29618	89	0.0030049294348031604	Liver
357	29607	73	0.0024656331273009762	Liver
358	29619	83	0.002802255309092137	Liver
359	29605	76	0.0025671339300793786	Liver
36	29605	84	0.0028373585542982604	Liver
360	29610	86	0.0029044241810199257	Liver
361	29606	75	0.002533270283050733	Liver
362	29604	54	0.0018240778273206323	Liver
363	29625	79	0.0026666666666666666	Liver
364	29621	86	0.002903345599405827	Liver
365	29595	74	0.002500422368643352	Liver
366	29617	78	0.002633622581625418	Liver
367	29610	76	0.0025667004390408647	Liver
368	29613	77	0.0026002093675075136	Liver
369	29626	97	0.0032741510835077297	Liver
37	29619	86	0.0029035416455653468	Liver
370	29635	84	0.002834486249367302	Liver
371	29619	86	0.0029035416455653468	Liver
372	29609	89	0.003005842818062076	Liver
373	29605	80	0.0027022462421888195	Liver
374	29625	79	0.0026666666666666666	Liver
375	29615	87	0.0029377004896167483	Liver
376	29623	78	0.00263308915369814	Liver
377	29611	80	0.0027016986930532574	Liver
378	29616	68	0.002296056185845489	Liver
379	29612	70	0.0023639065243820073	Liver
38	29626	78	0.002632822520758793	Liver
380	29619	77	0.002599682636145717	Liver
381	29621	74	0.0024982276087910605	Liver
382	29602	77	0.002601175596243497	Liver
383	29616	82	0.0027687736358725013	Liver
384	29604	71	0.002398324550736387	Liver
385	29640	71	0.002395411605937922	Liver
386	29636	75	0.00253070589823188	Liver
387	29621	82	0.002768306269200905	Liver
388	29627	100	0.003375299557835758	Liver
389	29625	74	0.00249789029535865	Liver
39	29616	88	0.002971366828741221	Liver
390	29611	77	0.00260038499206376	Liver
391	29608	83	0.002803296406376655	Liver
392	29618	85	0.0028698764264974003	Liver
393	29614	81	0.0027351928142094954	Liver
394	29630	64	0.0021599730003374956	Liver
395	29590	75	0.0025346400811084827	Liver
396	29600	57	0.0019256756756756757	Liver
397	29616	74	0.0024986493787142084	Liver
398	29622	85	0.002869488893390048	Liver
399	29620	73	0.002464550979068197	Liver
4	29616	75	0.002532414910858995	Liver
40	29622	89	0.0030045236648436973	Liver
400	29621	73	0.00246446777623983	Liver
401	29601	92	0.003108003108003108	Liver
402	29624	71	0.002396705374021064	Liver
403	29609	101	0.0034111249957783107	Liver
404	29640	86	0.002901484480431849	Liver
405	29635	87	0.0029357179011304203	Liver
406	29627	77	0.0025989806595335336	Liver
407	29629	86	0.002902561679435688	Liver
408	29610	82	0.0027693346842283012	Liver
409	29627	76	0.002565227663955176	Liver
41	29615	80	0.0027013337835556307	Liver
410	29631	85	0.002868617326448652	Liver
411	29612	87	0.0029379981088747805	Liver
412	29617	78	0.002633622581625418	Liver
413	29652	84	0.0028328611898017	Liver
414	29605	89	0.003006248944435062	Liver
415	29614	67	0.0022624434389140274	Liver
416	29598	74	0.0025001689303331305	Liver
417	29629	74	0.0024975530730028013	Liver
418	29608	89	0.0030059443393677383	Liver
419	29618	89	0.0030049294348031604	Liver
42	29634	89	0.0030033070122156983	Liver
420	29607	88	0.0029722700712669302	Liver
421	29627	82	0.0027677456374253216	Liver
422	29617	82	0.0027686801499139007	Liver
423	29604	89	0.0030063504931765977	Liver
424	29623	81	0.002734361813455761	Liver
425	29619	90	0.003038590094196293	Liver
426	29600	84	0.002837837837837838	Liver
427	29633	75	0.002530962103060777	Liver
428	29602	71	0.0023984865887440037	Liver
429	29633	73	0.0024634697803124894	Liver
43	29612	72	0.002431446710792922	Liver
430	29601	73	0.0024661329009155095	Liver
431	29620	82	0.0027683997299122213	Liver
432	29604	78	0.00263477908390758	Liver
433	29634	88	0.002969561989606533	Liver
434	29621	62	0.0020931096181762937	Liver
435	29621	78	0.0026332669389959825	Liver
436	29619	91	0.0030723522063540293	Liver
437	29625	81	0.0027341772151898733	Liver
438	29623	93	0.003139452452486244	Liver
439	29617	73	0.002464800621264814	Liver
44	29627	68	0.0022952036993283153	Liver
440	29630	88	0.0029699628754640568	Liver
441	29629	86	0.002902561679435688	Liver
442	29621	79	0.002667026771547213	Liver
443	29600	81	0.0027364864864864863	Liver
444	29616	78	0.002633711507293355	Liver
445	29600	74	0.0025	Liver
446	29627	72	0.0024302156816417455	Liver
447	29578	62	0.0020961525458110756	Liver
448	29603	92	0.003107793129074756	Liver
449	29600	80	0.002702702702702703	Liver
45	29621	83	0.002802066101752135	Liver
450	29620	85	0.0028696826468602296	Liver
451	29620	83	0.002802160702228224	Liver
452	29618	78	0.00263353366196232	Liver
453	29621	82	0.002768306269200905	Liver
454	29639	74	0.0024967104153311515	Liver
455	29611	81	0.002735469926716423	Liver
456	29596	85	0.0028720097310447356	Liver
457	29602	86	0.002905209107492737	Liver
458	29591	72	0.0024331722483187457	Liver
459	29613	74	0.002498902509033195	Liver
46	29643	78	0.0026313126201801436	Liver
460	29622	94	0.003173317129160759	Liver
461	29617	84	0.0028362089340581422	Liver
462	29623	68	0.0022955136211727373	Liver
463	29602	65	0.0021957975812445106	Liver
464	29634	82	0.002767091853951542	Liver
465	29636	87	0.002935618841948981	Liver
466	29606	75	0.002533270283050733	Liver
467	29628	83	0.0028014040772242474	Liver
468	29635	77	0.002598279061920027	Liver
469	29602	77	0.002601175596243497	Liver
47	29605	79	0.0026684681641614594	Liver
470	29617	76	0.0025660937974811763	Liver
471	29622	85	0.002869488893390048	Liver
472	29633	86	0.0029021698781763576	Liver
473	29620	70	0.002363268062120189	Liver
474	29623	84	0.0028356344732133813	Liver
475	29626	84	0.002835347330047931	Liver
476	29604	67	0.002263207674638562	Liver
477	29626	68	0.0022952811719435633	Liver
478	29608	77	0.0026006484733855713	Liver
479	29586	64	0.0021631852903400257	Liver
48	29604	74	0.0024996622078097552	Liver
480	29605	79	0.0026684681641614594	Liver
481	29623	84	0.0028356344732133813	Liver
482	29622	56	0.0018904868003510903	Liver
483	29618	65	0.0021946113849686004	Liver
484	29635	92	0.0031044373207356167	Liver
485	29635	71	0.0023958157583937913	Liver
486	29597	79	0.00266918944487617	Liver
487	29612	77	0.002600297176820208	Liver
488	29611	88	0.0029718685623585828	Liver
489	29602	83	0.00280386460374299	Liver
49	29615	77	0.0026000337666722945	Liver
490	29605	75	0.002533355852052018	Liver
491	29622	74	0.0024981432718925124	Liver
492	29591	75	0.0025345544253320266	Liver
493	29604	74	0.0024996622078097552	Liver
494	29588	81	0.002737596322833581	Liver
495	29617	75	0.0025323294054090555	Liver
496	29628	80	0.0027001485081679494	Liver
497	29614	84	0.00283649625177281	Liver
498	29607	83	0.0028033910899449453	Liver
499	29613	92	0.003106743659879107	Liver
5	29606	78	0.002634601094372762	Liver
50	29624	93	0.003139346475830408	Liver
500	29627	78	0.0026327336551118913	Liver
501	29622	81	0.002734454121936399	Liver
502	29622	87	0.0029370062791168727	Liver
503	29614	80	0.0027014250016883907	Liver
504	29636	85	0.0028681333513294644	Liver
505	29607	69	0.0023305299422433884	Liver
506	29627	80	0.0027002396462686064	Liver
507	29624	91	0.0030718336483931945	Liver
508	29608	74	0.0024993245068900298	Liver
509	29627	85	0.002869004624160394	Liver
51	29610	75	0.0025329280648429585	Liver
510	29637	100	0.003374160677531464	Liver
511	29611	77	0.00260038499206376	Liver
512	29627	81	0.002733992641846964	Liver
513	29620	76	0.0025658338960162052	Liver
514	29628	77	0.002598892939111651	Liver
515	29627	69	0.002328956694906673	Liver
516	29590	75	0.0025346400811084827	Liver
517	29625	78	0.0026329113924050632	Liver
518	29597	79	0.00266918944487617	Liver
519	29598	84	0.0028380295965943643	Liver
52	29629	79	0.002666306659016504	Liver
520	29632	73	0.002463552915766739	Liver
521	29611	89	0.0030056397960217486	Liver
522	29604	81	0.0027361167409809487	Liver
523	29621	89	0.0030046250970595188	Liver
524	29615	79	0.002667567111261185	Liver
525	29608	76	0.0025668738178870575	Liver
526	29632	81	0.0027335313174946005	Liver
527	29622	85	0.002869488893390048	Liver
528	29610	67	0.0022627490712597096	Liver
529	29623	78	0.00263308915369814	Liver
53	29625	68	0.0022953586497890294	Liver
530	29630	91	0.003071211609854877	Liver
531	29616	89	0.0030051323608860075	Liver
532	29625	87	0.0029367088607594937	Liver
533	29617	64	0.0021609210926157273	Liver
534	29622	82	0.002768212814799811	Liver
535	29627	84	0.0028352516285820367	Liver
536	29628	86	0.0029026596462805453	Liver
537	29609	72	0.0024316930662974094	Liver
538	29600	73	0.002466216216216216	Liver
539	29617	84	0.0028362089340581422	Liver
54	29608	63	0.0021278032964063766	Liver
540	29609	93	0.0031409368773008205	Liver
541	29615	76	0.002566267094377849	Liver
542	29604	68	0.0022969868936630186	Liver
543	29635	88	0.0029694617850514592	Liver
544	29629	73	0.0024638023558000606	Liver
545	29617	75	0.0025323294054090555	Liver
546	29610	90	0.00303951367781155	Liver
547	29612	91	0.0030730784816966096	Liver
548	29622	91	0.003072041050570522	Liver
549	29596	86	0.002905798080821733	Liver
55	29588	93	0.0031431661484385563	Liver
550	29621	89	0.0030046250970595188	Liver
551	29617	91	0.0030725596785629874	Liver
552	29613	84	0.0028365920372809238	Liver
553	29596	76	0.0025679145830517637	Liver
554	29576	65	0.002197727887476332	Liver
555	29617	81	0.00273491575784178	Liver
556	29618	77	0.0025997704098858804	Liver
557	29597	84	0.0028381254856911175	Liver
558	29615	74	0.0024987337497889583	Liver
559	29617	87	0.0029375021102745046	Liver
56	29603	85	0.0028713306083842853	Liver
560	29594	71	0.0023991349597891464	Liver
561	29612	69	0.00233013643117655	Liver
562	29625	68	0.0022953586497890294	Liver
563	29628	79	0.0026663966518158497	Liver
564	29593	91	0.003075051532457	Liver
565	29625	69	0.0023291139240506327	Liver
566	29610	84	0.0028368794326241137	Liver
567	29610	90	0.00303951367781155	Liver
568	29619	82	0.0027684931969344	Liver
569	29612	79	0.0026678373632311224	Liver
57	29612	80	0.00270160745643658	Liver
570	29622	78	0.0026331780433461616	Liver
571	29615	77	0.0026000337666722945	Liver
572	29624	80	0.0027005130974885228	Liver
573	29635	78	0.0026320229458410664	Liver
574	29610	83	0.0028031070584262074	Liver
575	29613	77	0.0026002093675075136	Liver
576	29602	87	0.0029389906087426525	Liver
577	29640	77	0.0025978407557354925	Liver
578	29634	89	0.0030033070122156983	Liver
579	29599	69	0.0023311598364809624	Liver
58	29592	83	0.0028048121113814543	Liver
580	29592	65	0.0021965396052987295	Liver
581	29630	86	0.0029024637192035098	Liver
582	29636	78	0.0026319341341611555	Liver
583	29620	82	0.0027683997299122213	Liver
584	29631	90	0.003037359522122102	Liver
585	29635	66	0.0022270963387885944	Liver
586	29625	80	0.00270042194092827	Liver
587	29637	82	0.0027668117555758004	Liver
588	29618	81	0.00273482341819164	Liver
589	29619	75	0.002532158411830244	Liver
59	29601	61	0.002060741191175974	Liver
590	29596	70	0.0023651844843897824	Liver
591	29635	74	0.002497047410156909	Liver
592	29601	60	0.002026958548697679	Liver
593	29605	82	0.0027698023982435397	Liver
594	29610	86	0.0029044241810199257	Liver
595	29609	62	0.0020939579182005473	Liver
596	29624	66	0.0022279233054280315	Liver
597	29596	77	0.002601702932828761	Liver
598	29605	77	0.0026009120081067387	Liver
599	29611	75	0.002532842524737429	Liver
6	29610	95	0.003208375548801081	Liver
60	29660	84	0.002832097100472016	Liver
600	29611	73	0.0024653000574110973	Liver
601	29597	83	0.002804338277528128	Liver
602	29614	77	0.002600121564125076	Liver
603	29615	67	0.0022623670437278407	Liver
604	29622	85	0.002869488893390048	Liver
605	29611	88	0.0029718685623585828	Liver
606	29604	87	0.0029387920551276854	Liver
607	29630	85	0.0028687141410732365	Liver
608	29611	98	0.0033095808989902402	Liver
609	29606	73	0.002465716408836047	Liver
61	29608	80	0.0027019724398811133	Liver
610	29610	70	0.002364066193853428	Liver
611	29629	78	0.0026325559418137637	Liver
612	29629	83	0.0028013095278274663	Liver
613	29600	83	0.002804054054054054	Liver
614	29625	88	0.002970464135021097	Liver
615	29613	85	0.002870360990105697	Liver
616	29638	102	0.0034415277684054254	Liver
617	29622	81	0.002734454121936399	Liver
618	29609	66	0.002229051977439292	Liver
619	29598	83	0.0028042435299682413	Liver
62	29630	91	0.003071211609854877	Liver
620	29621	85	0.0028695857668545963	Liver
621	29604	81	0.0027361167409809487	Liver
622	29636	95	0.003205560804427048	Liver
623	29632	83	0.002801025917926566	Liver
624	29640	82	0.0027665317139001348	Liver
625	29613	83	0.002802823084456151	Liver
626	29618	87	0.0029374029306502803	Liver
627	29615	79	0.002667567111261185	Liver
628	29620	86	0.0029034436191762323	Liver
629	29627	85	0.002869004624160394	Liver
63	29622	75	0.0025319019647559245	Liver
630	29617	70	0.002363507445048452	Liver
631	29626	81	0.002734084925403362	Liver
632	29605	79	0.0026684681641614594	Liver
633	29594	80	0.002703250658917348	Liver
634	29586	71	0.002399783681470966	Liver
635	29630	96	0.003239959500506244	Liver
636	29610	72	0.0024316109422492403	Liver
637	29628	74	0.002497637370055353	Liver
638	29615	74	0.0024987337497889583	Liver
639	29584	77	0.00260275824770146	Liver
64	29627	90	0.003037769602052182	Liver
640	29635	90	0.003036949552893538	Liver
641	29634	88	0.002969561989606533	Liver
642	29600	80	0.002702702702702703	Liver
643	29586	72	0.0024335834516325287	Liver
644	29598	90	0.003040745996351105	Liver
645	29627	77	0.0025989806595335336	Liver
646	29627	74	0.0024977216727984607	Liver
647	29633	80	0.0026996929099314952	Liver
648	29634	83	0.0028008368765607074	Liver
649	29610	75	0.0025329280648429585	Liver
65	29627	80	0.0027002396462686064	Liver
650	29616	70	0.0023635872501350623	Liver
651	29639	82	0.002766625054826411	Liver
652	29616	91	0.0030726634251755807	Liver
653	29614	71	0.0023975146889984467	Liver
654	29608	68	0.0022966765738989463	Liver
655	29605	87	0.002938692788380341	Liver
656	29605	80	0.0027022462421888195	Liver
657	29607	97	0.0032762522376465026	Liver
658	29636	80	0.0026994196247806723	Liver
659	29623	72	0.0024305438341828984	Liver
66	29629	85	0.0028688109622329473	Liver
660	29625	75	0.002531645569620253	Liver
661	29609	69	0.002330372521868351	Liver
662	29618	71	0.00239719089742724	Liver
663	29623	81	0.002734361813455761	Liver
664	29617	84	0.0028362089340581422	Liver
665	29614	76	0.0025663537516039713	Liver
666	29636	89	0.003003104332568498	Liver
667	29626	67	0.0022615270370620402	Liver
668	29621	73	0.00246446777623983	Liver
669	29627	65	0.002193944712593243	Liver
67	29615	82	0.0027688671281445214	Liver
670	29632	86	0.002902267818574514	Liver
671	29639	71	0.002395492425520429	Liver
672	29611	75	0.002532842524737429	Liver
673	29591	76	0.0025683484843364536	Liver
674	29613	94	0.003174281565528653	Liver
675	29609	75	0.0025330136107264683	Liver
676	29607	82	0.0027696152936805486	Liver
677	29610	76	0.0025667004390408647	Liver
678	29590	80	0.0027036160865157146	Liver
679	29615	80	0.0027013337835556307	Liver
68	29614	77	0.002600121564125076	Liver
680	29623	73	0.0024643013874354387	Liver
681	29623	86	0.002903149579718462	Liver
682	29619	74	0.0024983962996725077	Liver
683	29610	84	0.0028368794326241137	Liver
684	29630	90	0.0030374620317246033	Liver
685	29629	83	0.0028013095278274663	Liver
686	29611	94	0.003174495964337577	Liver
687	29608	75	0.0025330991623885436	Liver
688	29627	94	0.0031727815843656123	Liver
689	29625	78	0.0026329113924050632	Liver
69	29613	102	0.0034444331881268364	Liver
690	29635	73	0.0024633035262358696	Liver
691	29609	73	0.002465466581107096	Liver
692	29636	77	0.002598191388851397	Liver
693	29623	71	0.002396786280930358	Liver
694	29622	81	0.002734454121936399	Liver
695	29633	68	0.002294738973441771	Liver
696	29615	76	0.002566267094377849	Liver
697	29606	61	0.0020603931635479293	Liver
698	29624	69	0.002329192546583851	Liver
699	29643	84	0.002833721283270924	Liver
7	29598	86	0.0029056017298466114	Liver
70	29591	73	0.0024669663073231727	Liver
700	29634	71	0.0023958966052507256	Liver
701	29620	97	0.003274814314652262	Liver
702	29616	79	0.0026674770394381417	Liver
703	29597	94	0.003175997567321012	Liver
704	29629	70	0.002362550204191839	Liver
705	29623	74	0.002498058940687979	Liver
706	29615	85	0.0028701671450278576	Liver
707	29630	72	0.0024299696253796826	Liver
708	29618	71	0.00239719089742724	Liver
709	29602	73	0.002466049591243835	Liver
71	29622	72	0.0024306258861656878	Liver
710	29597	71	0.0023988917795722538	Liver
711	29626	86	0.0029028555998109767	Liver
712	29627	70	0.0023627096904850304	Liver
713	29612	56	0.0018911252195056058	Liver
714	29623	85	0.0028693920264659216	Liver
715	29614	90	0.0030391031268994393	Liver
716	29613	85	0.002870360990105697	Liver
717	29605	93	0.0031413612565445027	Liver
718	29596	85	0.0028720097310447356	Liver
719	29622	80	0.0027006954290729863	Liver
72	29617	79	0.0026673869736975387	Liver
720	29620	83	0.002802160702228224	Liver
721	29632	89	0.003003509719222462	Liver
722	29638	82	0.0027667184020514204	Liver
723	29606	78	0.002634601094372762	Liver
724	29601	90	0.0030404378230465185	Liver
725	29639	71	0.002395492425520429	Liver
726	29620	85	0.0028696826468602296	Liver
727	29610	60	0.002026342451874367	Liver
728	29625	78	0.0026329113924050632	Liver
729	29622	66	0.002228073728985214	Liver
73	29595	103	0.0034803176212198006	Liver
730	29622	60	0.0020255215718047396	Liver
731	29626	84	0.002835347330047931	Liver
732	29643	72	0.0024289039570893635	Liver
733	29602	77	0.002601175596243497	Liver
734	29627	81	0.002733992641846964	Liver
735	29615	76	0.002566267094377849	Liver
736	29624	91	0.0030718336483931945	Liver
737	29584	72	0.0024337479718766902	Liver
738	29608	87	0.0029383950283707106	Liver
739	29613	80	0.0027015162259818324	Liver
74	29621	79	0.002667026771547213	Liver
740	29627	85	0.002869004624160394	Liver
741	29627	82	0.0027677456374253216	Liver
742	29598	69	0.002331238597202514	Liver
743	29613	80	0.0027015162259818324	Liver
744	29613	84	0.0028365920372809238	Liver
745	29623	76	0.0025655740471930595	Liver
746	29617	75	0.0025323294054090555	Liver
747	29614	69	0.002329979063956237	Liver
748	29612	72	0.002431446710792922	Liver
749	29624	79	0.0026667566837699163	Liver
75	29642	69	0.0023277781526212806	Liver
750	29598	83	0.0028042435299682413	Liver
751	29619	85	0.00286977953340761	Liver
752	29613	74	0.002498902509033195	Liver
753	29629	82	0.0027675588106247256	Liver
754	29599	68	0.0022973749113145716	Liver
755	29610	81	0.002735562310030395	Liver
756	29617	90	0.0030387952864908666	Liver
757	29615	80	0.0027013337835556307	Liver
758	29615	75	0.002532500422083404	Liver
759	29627	79	0.0026664866506902487	Liver
76	29613	78	0.0026339783203322867	Liver
760	29621	86	0.002903345599405827	Liver
761	29614	89	0.0030053353143783346	Liver
762	29639	68	0.002294274435709707	Liver
763	29634	94	0.003172032125261524	Liver
764	29607	80	0.0027020637011517545	Liver
765	29619	80	0.002700968972618927	Liver
766	29606	74	0.00249949334594339	Liver
767	29639	84	0.0028341037147002262	Liver
768	29595	92	0.003108633215070113	Liver
769	29629	77	0.002598805224611023	Liver
77	29605	77	0.0026009120081067387	Liver
770	29631	74	0.0024973844959670613	Liver
771	29612	81	0.002735377549642037	Liver
772	29609	82	0.002769428214394272	Liver
773	29607	73	0.0024656331273009762	Liver
774	29613	64	0.002161212980785466	Liver
775	29623	84	0.0028356344732133813	Liver
776	29623	95	0.0032069675589913244	Liver
777	29629	66	0.002227547335380877	Liver
778	29596	70	0.0023651844843897824	Liver
779	29624	73	0.002464218201458277	Liver
78	29620	91	0.0030722484807562457	Liver
780	29613	86	0.00290412994293047	Liver
781	29626	66	0.002227772902180517	Liver
782	29631	69	0.0023286423002936113	Liver
783	29606	79	0.0026683780314801053	Liver
784	29632	84	0.002834773218142549	Liver
785	29631	92	0.0031048564003914817	Liver
786	29600	75	0.002533783783783784	Liver
787	29603	79	0.0026686484477924533	Liver
788	29599	80	0.0027027940133112606	Liver
789	29623	76	0.0025655740471930595	Liver
79	29613	64	0.002161212980785466	Liver
790	29620	73	0.002464550979068197	Liver
791	29594	75	0.002534297492735014	Liver
792	29602	82	0.002770083102493075	Liver
793	29601	78	0.002635046113306983	Liver
794	29614	79	0.002667657189167286	Liver
795	29628	86	0.0029026596462805453	Liver
796	29587	85	0.002872883360935546	Liver
797	29617	98	0.0033089104230678325	Liver
798	29625	84	0.0028354430379746837	Liver
799	29595	88	0.0029734752491974996	Liver
8	29620	92	0.0031060094530722484	Liver
80	29621	84	0.0028358259343033657	Liver
800	29634	90	0.003037052034824863	Liver
801	29620	67	0.002261985145172181	Liver
802	29619	76	0.002565920523987981	Liver
803	29618	78	0.00263353366196232	Liver
804	29606	68	0.002296831723299331	Liver
805	29626	85	0.0028691014649294536	Liver
806	29628	74	0.002497637370055353	Liver
807	29622	80	0.0027006954290729863	Liver
808	29601	82	0.0027701766832201615	Liver
809	29635	73	0.0024633035262358696	Liver
81	29616	92	0.0031064289573203676	Liver
810	29604	75	0.0025334414268342116	Liver
811	29604	75	0.0025334414268342116	Liver
812	29605	77	0.0026009120081067387	Liver
813	29609	102	0.003444898510587997	Liver
814	29612	93	0.003140618668107524	Liver
815	29613	80	0.0027015162259818324	Liver
816	29621	78	0.0026332669389959825	Liver
817	29612	96	0.0032419289477238957	Liver
818	29609	73	0.002465466581107096	Liver
819	29604	75	0.0025334414268342116	Liver
82	29598	77	0.0026015271302115006	Liver
820	29601	77	0.002601263470828688	Liver
821	29642	66	0.002226570406855138	Liver
822	29629	70	0.002362550204191839	Liver
823	29633	75	0.002530962103060777	Liver
824	29613	84	0.0028365920372809238	Liver
825	29599	74	0.002500084462312916	Liver
826	29590	87	0.00294018249408584	Liver
827	29618	105	0.0035451414680262	Liver
828	29624	75	0.0025317310288954903	Liver
829	29631	88	0.0029698626438527218	Liver
83	29626	87	0.0029366097346924997	Liver
830	29610	72	0.0024316109422492403	Liver
831	29596	88	0.0029733747803757263	Liver
832	29581	61	0.002062134478212366	Liver
833	29601	59	0.0019931759062193845	Liver
834	29639	79	0.002665407065015689	Liver
835	29612	90	0.003039308388491152	Liver
836	29606	92	0.0031074782138755656	Liver
837	29603	91	0.0030740127689761173	Liver
838	29630	78	0.002632467094161323	Liver
839	29633	93	0.0031383930077953635	Liver
84	29595	83	0.0028045277918567328	Liver
840	29620	74	0.0024983119513841997	Liver
841	29619	89	0.0030048279820385562	Liver
842	29602	81	0.0027363016012431594	Liver
843	29620	67	0.002261985145172181	Liver
844	29596	74	0.0025003378834977698	Liver
845	29642	87	0.0029350246272181364	Liver
846	29599	83	0.0028041487888104326	Liver
847	29628	70	0.0023626299446469555	Liver
848	29611	64	0.0021613589544426056	Liver
849	29612	58	0.0019586654059165205	Liver
85	29618	65	0.0021946113849686004	Liver
850	29609	78	0.002634334155155527	Liver
851	29634	93	0.003138287102652359	Liver
852	29624	81	0.0027342695112071293	Liver
853	29618	83	0.00280234992234452	Liver
854	29601	68	0.0022972196885240365	Liver
855	29625	95	0.0032067510548523205	Liver
856	29621	80	0.0027007866040984437	Liver
857	29634	85	0.0028683269217790377	Liver
858	29616	98	0.003309022150189087	Liver
859	29598	97	0.0032772484627339683	Liver
86	29633	74	0.0024972159416866333	Liver
860	29587	71	0.0023997025720755736	Liver
861	29605	77	0.0026009120081067387	Liver
862	29618	90	0.0030386926868796	Liver
863	29630	86	0.0029024637192035098	Liver
864	29627	79	0.0026664866506902487	Liver
865	29618	92	0.00310621919103248	Liver
866	29596	66	0.002230031085281795	Liver
867	29622	76	0.002565660657619337	Liver
868	29604	67	0.002263207674638562	Liver
869	29626	77	0.0025990683858772698	Liver
87	29601	85	0.0028715246106550455	Liver
870	29606	74	0.00249949334594339	Liver
871	29619	70	0.002363347851041561	Liver
872	29615	77	0.0026000337666722945	Liver
873	29634	86	0.0029020719443882026	Liver
874	29618	77	0.0025997704098858804	Liver
875	29604	90	0.0030401297122010537	Liver
876	29610	97	0.003275920297196893	Liver
877	29623	72	0.0024305438341828984	Liver
878	29592	75	0.0025344687753446875	Liver
879	29612	80	0.00270160745643658	Liver
88	29624	93	0.003139346475830408	Liver
880	29618	73	0.0024647174015801202	Liver
881	29627	79	0.0026664866506902487	Liver
882	29601	81	0.002736394040741867	Liver
883	29608	81	0.002735747095379627	Liver
884	29628	84	0.0028351559335763467	Liver
885	29619	76	0.002565920523987981	Liver
886	29632	61	0.002058585313174946	Liver
887	29618	65	0.0021946113849686004	Liver
888	29631	74	0.0024973844959670613	Liver
889	29621	82	0.002768306269200905	Liver
89	29602	69	0.0023309235862441725	Liver
890	29617	79	0.0026673869736975387	Liver
891	29611	87	0.0029380973286954174	Liver
892	29619	88	0.00297106586988082	Liver
893	29626	66	0.002227772902180517	Liver
894	29636	74	0.0024969631529221216	Liver
895	29634	95	0.003205777147870689	Liver
896	29607	71	0.002398081534772182	Liver
897	29615	84	0.002836400472733412	Liver
898	29628	76	0.0025651410827595518	Liver
899	29609	79	0.0026681076699652134	Liver
9	29615	95	0.0032078338679723114	Liver
90	29598	87	0.0029393877964727345	Liver
900	29613	68	0.0022962887920845573	Liver
901	29629	102	0.003442573154679537	Liver
902	29601	90	0.0030404378230465185	Liver
903	29621	76	0.0025657472738935213	Liver
904	29608	92	0.0031072683058632803	Liver
905	29622	81	0.002734454121936399	Liver
906	29622	73	0.0024643845790291	Liver
907	29622	85	0.002869488893390048	Liver
908	29620	73	0.002464550979068197	Liver
909	29613	89	0.0030054368014047882	Liver
91	29606	93	0.003141255150982909	Liver
910	29625	77	0.00259915611814346	Liver
911	29609	89	0.003005842818062076	Liver
912	29613	97	0.0032755884240029715	Liver
913	29596	79	0.0026692796323827543	Liver
914	29618	73	0.0024647174015801202	Liver
915	29618	70	0.0023634276453508	Liver
916	29632	98	0.0033072354211663066	Liver
917	29602	71	0.0023984865887440037	Liver
918	29604	78	0.00263477908390758	Liver
919	29606	69	0.0023306086604066743	Liver
92	29633	74	0.0024972159416866333	Liver
920	29611	85	0.002870554861369086	Liver
921	29606	76	0.002567047220158076	Liver
922	29605	65	0.0021955750717784156	Liver
923	29631	72	0.0024298876176976816	Liver
924	29607	81	0.0027358394974161516	Liver
925	29606	75	0.002533270283050733	Liver
926	29632	72	0.002429805615550756	Liver
927	29634	78	0.0026321117635148814	Liver
928	29623	78	0.00263308915369814	Liver
929	29620	76	0.0025658338960162052	Liver
93	29640	73	0.0024628879892037788	Liver
930	29611	68	0.0022964438890952688	Liver
931	29609	74	0.002499240095916782	Liver
932	29637	79	0.0026655869352498565	Liver
933	29610	76	0.0025667004390408647	Liver
934	29608	80	0.0027019724398811133	Liver
935	29617	73	0.002464800621264814	Liver
936	29624	65	0.0021941668917094246	Liver
937	29636	88	0.0029693615872587393	Liver
938	29634	79	0.002665856786124047	Liver
939	29637	77	0.0025981037216992273	Liver
94	29628	75	0.0025313892264074525	Liver
940	29615	70	0.002363667060611177	Liver
941	29595	75	0.002534211860111505	Liver
942	29629	93	0.003138816699854872	Liver
943	29593	81	0.0027371337816375495	Liver
944	29606	75	0.002533270283050733	Liver
945	29593	72	0.002433007805900044	Liver
946	29619	78	0.002633444748303454	Liver
947	29610	82	0.0027693346842283012	Liver
948	29607	84	0.0028371668862093424	Liver
949	29633	73	0.0024634697803124894	Liver
95	29603	73	0.0024659662872006213	Liver
950	29603	85	0.0028713306083842853	Liver
951	29607	81	0.0027358394974161516	Liver
952	29632	78	0.002632289416846652	Liver
953	29635	72	0.0024295596423148306	Liver
954	29609	85	0.0028707487588233308	Liver
955	29620	62	0.0020931802835921676	Liver
956	29618	70	0.0023634276453508	Liver
957	29600	78	0.002635135135135135	Liver
958	29613	80	0.0027015162259818324	Liver
959	29631	85	0.002868617326448652	Liver
96	29649	82	0.0027656919289014807	Liver
960	29580	70	0.0023664638269100743	Liver
961	29628	90	0.003037667071688943	Liver
962	29619	65	0.002194537290252878	Liver
963	29618	86	0.0029036396785738403	Liver
964	29609	101	0.0034111249957783107	Liver
965	29629	84	0.002835060245030207	Liver
966	29616	73	0.002464883846569422	Liver
967	29631	87	0.0029361142047180317	Liver
968	29635	81	0.002733254597604184	Liver
969	29599	84	0.0028379337139768234	Liver
97	29637	70	0.0023619124742720247	Liver
970	29607	88	0.0029722700712669302	Liver
971	29597	73	0.002466466195898233	Liver
972	29622	81	0.002734454121936399	Liver
973	29624	86	0.002903051579800162	Liver
974	29618	83	0.00280234992234452	Liver
975	29628	85	0.002868907789928446	Liver
976	29610	69	0.0023302938196555216	Liver
977	29600	66	0.00222972972972973	Liver
978	29612	71	0.0023976766175874647	Liver
979	29641	78	0.0026314901656489323	Liver
98	29606	91	0.003073701276768223	Liver
980	29613	79	0.0026677472731570593	Liver
981	29616	89	0.0030051323608860075	Liver
982	29604	72	0.0024321037697608433	Liver
983	29596	94	0.003176104879037708	Liver
984	29611	79	0.0026679274593900916	Liver
985	29624	82	0.0027680259249257357	Liver
986	29628	88	0.0029701633589847443	Liver
987	29611	94	0.003174495964337577	Liver
988	29638	82	0.0027667184020514204	Liver
989	29620	75	0.0025320729237002025	Liver
99	29625	81	0.0027341772151898733	Liver
990	29597	76	0.0025678278203872013	Liver
991	29615	80	0.0027013337835556307	Liver
992	29620	58	0.0019581363943281566	Liver
993	29598	78	0.002635313196837624	Liver
994	29626	76	0.002565314250995747	Liver
995	29598	80	0.0027028853300898707	Liver
996	29598	73	0.0024663828637070074	Liver
997	29627	76	0.002565227663955176	Liver
998	29613	64	0.002161212980785466	Liver
999	29620	82	0.0027683997299122213	Liver
1	4876	11	0.002255947497949139	Muscle
10	4880	19	0.00389344262295082	Muscle
100	4877	22	0.004510969858519582	Muscle
1000	4874	15	0.0030775543701272055	Muscle
101	4877	16	0.003280705351650605	Muscle
102	4871	4	8.21186614658181e-4	Muscle
103	4875	11	0.0022564102564102562	Muscle
104	4877	14	0.002870617182694279	Muscle
105	4871	18	0.003695339765961815	Muscle
106	4872	16	0.003284072249589491	Muscle
107	4875	12	0.0024615384615384616	Muscle
108	4870	12	0.0024640657084188913	Muscle
109	4873	14	0.002872973527601067	Muscle
11	4880	17	0.0034836065573770492	Muscle
110	4872	13	0.0026683087027914616	Muscle
111	4876	17	0.003486464315012305	Muscle
112	4881	17	0.0034828928498258555	Muscle
113	4877	11	0.002255484929259791	Muscle
114	4876	17	0.003486464315012305	Muscle
115	4875	17	0.0034871794871794873	Muscle
116	4880	19	0.00389344262295082	Muscle
117	4876	24	0.004922067268252666	Muscle
118	4874	15	0.0030775543701272055	Muscle
119	4877	13	0.0026655730982161163	Muscle
12	4881	13	0.0026633886498668305	Muscle
120	4875	16	0.003282051282051282	Muscle
121	4876	18	0.0036915504511894994	Muscle
122	4873	12	0.002462548737943772	Muscle
123	4877	12	0.002460529013737954	Muscle
124	4873	15	0.003078185922429715	Muscle
125	4877	14	0.002870617182694279	Muscle
126	4872	22	0.00451559934318555	Muscle
127	4876	13	0.0026661197703035273	Muscle
128	4876	16	0.003281378178835111	Muscle
129	4872	22	0.00451559934318555	Muscle
13	4873	18	0.003693823106915658	Muscle
130	4877	12	0.002460529013737954	Muscle
131	4877	19	0.0038958376050850932	Muscle
132	4878	7	0.0014350143501435015	Muscle
133	4873	15	0.003078185922429715	Muscle
134	4873	19	0.0038990355017443053	Muscle
135	4876	12	0.002461033634126333	Muscle
136	4870	11	0.0022587268993839835	Muscle
137	4878	15	0.003075030750307503	Muscle
138	4872	12	0.0024630541871921183	Muscle
139	4875	15	0.003076923076923077	Muscle
14	4874	14	0.002872384078785392	Muscle
140	4879	20	0.004099200655872105	Muscle
141	4873	19	0.0038990355017443053	Muscle
142	4870	24	0.004928131416837783	Muscle
143	4872	19	0.0038998357963875205	Muscle
144	4878	16	0.003280032800328003	Muscle
145	4881	16	0.003278016799836099	Muscle
146	4876	17	0.003486464315012305	Muscle
147	4873	21	0.004309460291401601	Muscle
148	4877	7	0.0014353085913471396	Muscle
149	4870	19	0.0039014373716632442	Muscle
15	4881	16	0.003278016799836099	Muscle
150	4872	16	0.003284072249589491	Muscle
151	4873	14	0.002872973527601067	Muscle
152	4870	16	0.0032854209445585215	Muscle
153	4873	16	0.0032833983172583622	Muscle
154	4877	14	0.002870617182694279	Muscle
155	4875	20	0.0041025641025641026	Muscle
156	4880	15	0.0030737704918032786	Muscle
157	4878	9	0.0018450184501845018	Muscle
158	4871	12	0.002463559843974543	Muscle
159	4874	12	0.0024620434961017644	Muscle
16	4879	24	0.0049190407870465256	Muscle
160	4870	12	0.0024640657084188913	Muscle
161	4879	16	0.003279360524697684	Muscle
162	4882	15	0.0030725112658746417	Muscle
163	4877	10	0.002050440844781628	Muscle
164	4875	22	0.0045128205128205125	Muscle
165	4877	20	0.004100881689563256	Muscle
166	4881	16	0.003278016799836099	Muscle
167	4875	20	0.0041025641025641026	Muscle
168	4873	12	0.002462548737943772	Muscle
169	4876	11	0.002255947497949139	Muscle
17	4872	12	0.0024630541871921183	Muscle
170	4872	9	0.0018472906403940886	Muscle
171	4873	16	0.0032833983172583622	Muscle
172	4871	10	0.0020529665366454527	Muscle
173	4869	17	0.0034914766892585746	Muscle
174	4879	14	0.0028694404591104736	Muscle
175	4876	14	0.002871205906480722	Muscle
176	4870	16	0.0032854209445585215	Muscle
177	4879	11	0.0022545603607296576	Muscle
178	4862	15	0.0030851501439736733	Muscle
179	4880	18	0.0036885245901639345	Muscle
18	4868	10	0.002054231717337716	Muscle
180	4877	15	0.003075661267172442	Muscle
181	4873	14	0.002872973527601067	Muscle
182	4879	15	0.003074400491904079	Muscle
183	4873	19	0.0038990355017443053	Muscle
184	4876	17	0.003486464315012305	Muscle
185	4881	14	0.002868264699856587	Muscle
186	4878	20	0.004100041000410004	Muscle
187	4875	13	0.0026666666666666666	Muscle
188	4872	15	0.003078817733990148	Muscle
189	4879	16	0.003279360524697684	Muscle
19	4878	11	0.002255022550225502	Muscle
190	4878	17	0.0034850348503485036	Muscle
191	4870	17	0.003490759753593429	Muscle
192	4877	18	0.0036907935206069303	Muscle
193	4878	15	0.003075030750307503	Muscle
194	4870	10	0.002053388090349076	Muscle
195	4875	19	0.0038974358974358976	Muscle
196	4874	27	0.00553959786622897	Muscle
197	4868	10	0.002054231717337716	Muscle
198	4874	22	0.004513746409519901	Muscle
199	4872	9	0.0018472906403940886	Muscle
2	4874	15	0.0030775543701272055	Muscle
20	4878	14	0.002870028700287003	Muscle
200	4872	15	0.003078817733990148	Muscle
201	4873	14	0.002872973527601067	Muscle
202	4871	17	0.0034900431122972695	Muscle
203	4869	17	0.0034914766892585746	Muscle
204	4875	21	0.0043076923076923075	Muscle
205	4876	12	0.002461033634126333	Muscle
206	4873	16	0.0032833983172583622	Muscle
207	4877	13	0.0026655730982161163	Muscle
208	4874	15	0.0030775543701272055	Muscle
209	4871	17	0.0034900431122972695	Muscle
21	4869	9	0.0018484288354898336	Muscle
210	4878	13	0.0026650266502665026	Muscle
211	4875	25	0.005128205128205128	Muscle
212	4874	18	0.0036930652441526466	Muscle
213	4877	16	0.003280705351650605	Muscle
214	4877	11	0.002255484929259791	Muscle
215	4876	14	0.002871205906480722	Muscle
216	4871	17	0.0034900431122972695	Muscle
217	4874	20	0.004103405826836274	Muscle
218	4876	14	0.002871205906480722	Muscle
219	4873	15	0.003078185922429715	Muscle
22	4877	15	0.003075661267172442	Muscle
220	4874	13	0.002667213787443578	Muscle
221	4878	14	0.002870028700287003	Muscle
222	4872	20	0.004105090311986864	Muscle
223	4881	19	0.003892644949805368	Muscle
224	4877	15	0.003075661267172442	Muscle
225	4877	20	0.004100881689563256	Muscle
226	4876	18	0.0036915504511894994	Muscle
227	4874	16	0.003282724661469019	Muscle
228	4874	14	0.002872384078785392	Muscle
229	4874	9	0.0018465326220763233	Muscle
23	4881	19	0.003892644949805368	Muscle
230	4878	18	0.0036900369003690036	Muscle
231	4873	12	0.002462548737943772	Muscle
232	4872	13	0.0026683087027914616	Muscle
233	4873	19	0.0038990355017443053	Muscle
234	4874	22	0.004513746409519901	Muscle
235	4878	14	0.002870028700287003	Muscle
236	4876	17	0.003486464315012305	Muscle
237	4875	15	0.003076923076923077	Muscle
238	4876	14	0.002871205906480722	Muscle
239	4876	23	0.0047169811320754715	Muscle
24	4877	15	0.003075661267172442	Muscle
240	4878	10	0.002050020500205002	Muscle
241	4875	11	0.0022564102564102562	Muscle
242	4870	13	0.0026694045174537988	Muscle
243	4875	13	0.0026666666666666666	Muscle
244	4873	19	0.0038990355017443053	Muscle
245	4873	12	0.002462548737943772	Muscle
246	4875	17	0.0034871794871794873	Muscle
247	4879	9	0.0018446402951424472	Muscle
248	4874	12	0.0024620434961017644	Muscle
249	4866	14	0.002877106452938759	Muscle
25	4872	18	0.003694581280788177	Muscle
250	4876	15	0.0030762920426579163	Muscle
251	4881	15	0.003073140749846343	Muscle
252	4876	20	0.004101722723543888	Muscle
253	4881	18	0.0036877688998156115	Muscle
254	4881	14	0.002868264699856587	Muscle
255	4879	18	0.0036892805902848944	Muscle
256	4872	14	0.0028735632183908046	Muscle
257	4874	11	0.0022568732047599507	Muscle
258	4876	16	0.003281378178835111	Muscle
259	4872	20	0.004105090311986864	Muscle
26	4871	22	0.0045165263806199955	Muscle
260	4869	13	0.0026699527623742043	Muscle
261	4874	21	0.004308576118178088	Muscle
262	4876	16	0.003281378178835111	Muscle
263	4876	24	0.004922067268252666	Muscle
264	4873	16	0.0032833983172583622	Muscle
265	4877	19	0.0038958376050850932	Muscle
266	4874	19	0.0038982355354944603	Muscle
267	4871	18	0.003695339765961815	Muscle
268	4878	15	0.003075030750307503	Muscle
269	4873	14	0.002872973527601067	Muscle
27	4880	20	0.004098360655737705	Muscle
270	4879	16	0.003279360524697684	Muscle
271	4873	19	0.0038990355017443053	Muscle
272	4876	12	0.002461033634126333	Muscle
273	4876	11	0.002255947497949139	Muscle
274	4866	15	0.0030826140567200987	Muscle
275	4875	23	0.004717948717948718	Muscle
276	4872	18	0.003694581280788177	Muscle
277	4877	16	0.003280705351650605	Muscle
278	4874	14	0.002872384078785392	Muscle
279	4873	21	0.004309460291401601	Muscle
28	4880	18	0.0036885245901639345	Muscle
280	4872	17	0.0034893267651888342	Muscle
281	4871	18	0.003695339765961815	Muscle
282	4876	19	0.003896636587366694	Muscle
283	4877	16	0.003280705351650605	Muscle
284	4876	14	0.002871205906480722	Muscle
285	4880	16	0.003278688524590164	Muscle
286	4878	15	0.003075030750307503	Muscle
287	4875	21	0.0043076923076923075	Muscle
288	4876	14	0.002871205906480722	Muscle
289	4875	18	0.0036923076923076922	Muscle
29	4874	14	0.002872384078785392	Muscle
290	4868	20	0.004108463434675432	Muscle
291	4878	13	0.0026650266502665026	Muscle
292	4869	11	0.002259190798932019	Muscle
293	4871	13	0.0026688564976390886	Muscle
294	4874	11	0.0022568732047599507	Muscle
295	4875	11	0.0022564102564102562	Muscle
296	4879	16	0.003279360524697684	Muscle
297	4877	17	0.003485749436128768	Muscle
298	4879	23	0.00471408075425292	Muscle
299	4870	18	0.003696098562628337	Muscle
3	4879	18	0.0036892805902848944	Muscle
30	4874	16	0.003282724661469019	Muscle
300	4874	19	0.0038982355354944603	Muscle
301	4875	8	0.001641025641025641	Muscle
302	4869	12	0.0024645717806531116	Muscle
303	4876	7	0.001435602953240361	Muscle
304	4874	16	0.003282724661469019	Muscle
305	4873	15	0.003078185922429715	Muscle
306	4877	18	0.0036907935206069303	Muscle
307	4872	17	0.0034893267651888342	Muscle
308	4876	13	0.0026661197703035273	Muscle
309	4878	18	0.0036900369003690036	Muscle
31	4881	12	0.002458512599877074	Muscle
310	4876	19	0.003896636587366694	Muscle
311	4871	13	0.0026688564976390886	Muscle
312	4876	19	0.003896636587366694	Muscle
313	4875	14	0.002871794871794872	Muscle
314	4877	13	0.0026655730982161163	Muscle
315	4881	7	0.0014341323499282934	Muscle
316	4870	12	0.0024640657084188913	Muscle
317	4873	17	0.00348861071208701	Muscle
318	4873	10	0.0020521239482864766	Muscle
319	4877	11	0.002255484929259791	Muscle
32	4879	19	0.0038942406230784996	Muscle
320	4878	17	0.0034850348503485036	Muscle
321	4879	14	0.0028694404591104736	Muscle
322	4878	15	0.003075030750307503	Muscle
323	4882	13	0.002662843097091356	Muscle
324	4877	14	0.002870617182694279	Muscle
325	4874	12	0.0024620434961017644	Muscle
326	4876	16	0.003281378178835111	Muscle
327	4871	13	0.0026688564976390886	Muscle
328	4873	11	0.002257336343115124	Muscle
329	4878	23	0.004715047150471505	Muscle
33	4870	15	0.003080082135523614	Muscle
330	4867	16	0.0032874460653379905	Muscle
331	4872	12	0.0024630541871921183	Muscle
332	4876	14	0.002871205906480722	Muscle
333	4871	20	0.0041059330732909054	Muscle
334	4874	16	0.003282724661469019	Muscle
335	4875	16	0.003282051282051282	Muscle
336	4869	12	0.0024645717806531116	Muscle
337	4873	14	0.002872973527601067	Muscle
338	4878	8	0.0016400164001640015	Muscle
339	4875	19	0.0038974358974358976	Muscle
34	4869	14	0.002875333744095297	Muscle
340	4873	18	0.003693823106915658	Muscle
341	4873	19	0.0038990355017443053	Muscle
342	4877	16	0.003280705351650605	Muscle
343	4867	20	0.004109307581672488	Muscle
344	4879	14	0.0028694404591104736	Muscle
345	4877	20	0.004100881689563256	Muscle
346	4873	11	0.002257336343115124	Muscle
347	4878	16	0.003280032800328003	Muscle
348	4883	17	0.003481466311693631	Muscle
349	4875	13	0.0026666666666666666	Muscle
35	4877	14	0.002870617182694279	Muscle
350	4874	19	0.0038982355354944603	Muscle
351	4881	18	0.0036877688998156115	Muscle
352	4871	20	0.0041059330732909054	Muscle
353	4876	11	0.002255947497949139	Muscle
354	4875	15	0.003076923076923077	Muscle
355	4874	22	0.004513746409519901	Muscle
356	4871	12	0.002463559843974543	Muscle
357	4871	15	0.003079449804968179	Muscle
358	4874	13	0.002667213787443578	Muscle
359	4873	13	0.0026677611327724196	Muscle
36	4870	13	0.0026694045174537988	Muscle
360	4868	18	0.0036976170912078883	Muscle
361	4877	15	0.003075661267172442	Muscle
362	4876	16	0.003281378178835111	Muscle
363	4878	16	0.003280032800328003	Muscle
364	4873	19	0.0038990355017443053	Muscle
365	4874	14	0.002872384078785392	Muscle
366	4868	14	0.002875924404272802	Muscle
367	4867	14	0.0028765153071707416	Muscle
368	4879	11	0.0022545603607296576	Muscle
369	4875	17	0.0034871794871794873	Muscle
37	4876	15	0.0030762920426579163	Muscle
370	4873	21	0.004309460291401601	Muscle
371	4872	12	0.0024630541871921183	Muscle
372	4869	13	0.0026699527623742043	Muscle
373	4873	14	0.002872973527601067	Muscle
374	4879	16	0.003279360524697684	Muscle
375	4872	22	0.00451559934318555	Muscle
376	4874	15	0.0030775543701272055	Muscle
377	4872	20	0.004105090311986864	Muscle
378	4876	17	0.003486464315012305	Muscle
379	4876	16	0.003281378178835111	Muscle
38	4877	21	0.004305925774041419	Muscle
380	4875	16	0.003282051282051282	Muscle
381	4875	12	0.0024615384615384616	Muscle
382	4874	14	0.002872384078785392	Muscle
383	4869	16	0.003286095707537482	Muscle
384	4877	16	0.003280705351650605	Muscle
385	4873	8	0.0016416991586291811	Muscle
386	4876	16	0.003281378178835111	Muscle
387	4880	15	0.0030737704918032786	Muscle
388	4875	28	0.005743589743589744	Muscle
389	4871	9	0.0018476698829809075	Muscle
39	4861	14	0.002880065830076116	Muscle
390	4877	15	0.003075661267172442	Muscle
391	4875	19	0.0038974358974358976	Muscle
392	4865	25	0.0051387461459403904	Muscle
393	4872	16	0.003284072249589491	Muscle
394	4874	20	0.004103405826836274	Muscle
395	4878	17	0.0034850348503485036	Muscle
396	4879	17	0.003484320557491289	Muscle
397	4880	18	0.0036885245901639345	Muscle
398	4882	20	0.004096681687832855	Muscle
399	4877	10	0.002050440844781628	Muscle
4	4874	15	0.0030775543701272055	Muscle
40	4877	18	0.0036907935206069303	Muscle
400	4880	17	0.0034836065573770492	Muscle
401	4873	13	0.0026677611327724196	Muscle
402	4876	21	0.004306808859721083	Muscle
403	4878	19	0.003895038950389504	Muscle
404	4878	13	0.0026650266502665026	Muscle
405	4878	13	0.0026650266502665026	Muscle
406	4881	19	0.003892644949805368	Muscle
407	4876	18	0.0036915504511894994	Muscle
408	4874	8	0.0016413623307345096	Muscle
409	4877	13	0.0026655730982161163	Muscle
41	4873	17	0.00348861071208701	Muscle
410	4874	20	0.004103405826836274	Muscle
411	4876	19	0.003896636587366694	Muscle
412	4874	16	0.003282724661469019	Muscle
413	4879	15	0.003074400491904079	Muscle
414	4876	14	0.002871205906480722	Muscle
415	4876	23	0.0047169811320754715	Muscle
416	4875	12	0.0024615384615384616	Muscle
417	4872	13	0.0026683087027914616	Muscle
418	4876	14	0.002871205906480722	Muscle
419	4878	15	0.003075030750307503	Muscle
42	4877	17	0.003485749436128768	Muscle
420	4875	13	0.0026666666666666666	Muscle
421	4880	14	0.0028688524590163933	Muscle
422	4874	12	0.0024620434961017644	Muscle
423	4874	13	0.002667213787443578	Muscle
424	4872	20	0.004105090311986864	Muscle
425	4882	10	0.0020483408439164277	Muscle
426	4871	21	0.0043112297269554505	Muscle
427	4879	16	0.003279360524697684	Muscle
428	4874	13	0.002667213787443578	Muscle
429	4875	16	0.003282051282051282	Muscle
43	4875	13	0.0026666666666666666	Muscle
430	4873	20	0.004104247896572953	Muscle
431	4874	17	0.003487894952810833	Muscle
432	4877	15	0.003075661267172442	Muscle
433	4875	21	0.0043076923076923075	Muscle
434	4865	8	0.001644398766700925	Muscle
435	4875	15	0.003076923076923077	Muscle
436	4876	15	0.0030762920426579163	Muscle
437	4876	15	0.0030762920426579163	Muscle
438	4873	13	0.0026677611327724196	Muscle
439	4871	22	0.0045165263806199955	Muscle
44	4871	18	0.003695339765961815	Muscle
440	4876	14	0.002871205906480722	Muscle
441	4882	17	0.003482179434657927	Muscle
442	4870	9	0.0018480492813141684	Muscle
443	4872	13	0.0026683087027914616	Muscle
444	4878	11	0.002255022550225502	Muscle
445	4877	12	0.002460529013737954	Muscle
446	4876	11	0.002255947497949139	Muscle
447	4871	20	0.0041059330732909054	Muscle
448	4874	15	0.0030775543701272055	Muscle
449	4878	18	0.0036900369003690036	Muscle
45	4878	13	0.0026650266502665026	Muscle
450	4870	14	0.002874743326488706	Muscle
451	4876	12	0.002461033634126333	Muscle
452	4874	13	0.002667213787443578	Muscle
453	4875	16	0.003282051282051282	Muscle
454	4867	11	0.0022601191699198686	Muscle
455	4875	14	0.002871794871794872	Muscle
456	4872	18	0.003694581280788177	Muscle
457	4875	17	0.0034871794871794873	Muscle
458	4860	13	0.002674897119341564	Muscle
459	4874	15	0.0030775543701272055	Muscle
46	4874	22	0.004513746409519901	Muscle
460	4875	17	0.0034871794871794873	Muscle
461	4879	24	0.0049190407870465256	Muscle
462	4874	15	0.0030775543701272055	Muscle
463	4867	20	0.004109307581672488	Muscle
464	4880	12	0.002459016393442623	Muscle
465	4876	14	0.002871205906480722	Muscle
466	4871	15	0.003079449804968179	Muscle
467	4871	21	0.0043112297269554505	Muscle
468	4873	19	0.0038990355017443053	Muscle
469	4874	17	0.003487894952810833	Muscle
47	4871	18	0.003695339765961815	Muscle
470	4876	14	0.002871205906480722	Muscle
471	4880	15	0.0030737704918032786	Muscle
472	4878	11	0.002255022550225502	Muscle
473	4869	10	0.0020538098172109263	Muscle
474	4875	18	0.0036923076923076922	Muscle
475	4872	17	0.0034893267651888342	Muscle
476	4875	11	0.0022564102564102562	Muscle
477	4879	19	0.0038942406230784996	Muscle
478	4875	20	0.0041025641025641026	Muscle
479	4870	21	0.00431211498973306	Muscle
48	4878	12	0.0024600246002460025	Muscle
480	4872	15	0.003078817733990148	Muscle
481	4876	27	0.005537325676784249	Muscle
482	4880	19	0.00389344262295082	Muscle
483	4872	9	0.0018472906403940886	Muscle
484	4874	13	0.002667213787443578	Muscle
485	4876	13	0.0026661197703035273	Muscle
486	4873	16	0.0032833983172583622	Muscle
487	4876	13	0.0026661197703035273	Muscle
488	4872	18	0.003694581280788177	Muscle
489	4876	15	0.0030762920426579163	Muscle
49	4876	11	0.002255947497949139	Muscle
490	4875	16	0.003282051282051282	Muscle
491	4874	16	0.003282724661469019	Muscle
492	4877	13	0.0026655730982161163	Muscle
493	4884	15	0.003071253071253071	Muscle
494	4874	18	0.0036930652441526466	Muscle
495	4871	12	0.002463559843974543	Muscle
496	4873	13	0.0026677611327724196	Muscle
497	4875	11	0.0022564102564102562	Muscle
498	4869	16	0.003286095707537482	Muscle
499	4875	25	0.005128205128205128	Muscle
5	4874	13	0.002667213787443578	Muscle
50	4874	12	0.0024620434961017644	Muscle
500	4877	15	0.003075661267172442	Muscle
501	4870	23	0.004722792607802875	Muscle
502	4873	18	0.003693823106915658	Muscle
503	4869	14	0.002875333744095297	Muscle
504	4873	27	0.005540734660373486	Muscle
505	4876	12	0.002461033634126333	Muscle
506	4874	19	0.0038982355354944603	Muscle
507	4873	16	0.0032833983172583622	Muscle
508	4877	17	0.003485749436128768	Muscle
509	4873	20	0.004104247896572953	Muscle
51	4869	13	0.0026699527623742043	Muscle
510	4879	12	0.0024595203935232628	Muscle
511	4880	20	0.004098360655737705	Muscle
512	4873	13	0.0026677611327724196	Muscle
513	4881	11	0.0022536365498873182	Muscle
514	4876	20	0.004101722723543888	Muscle
515	4872	19	0.0038998357963875205	Muscle
516	4881	17	0.0034828928498258555	Muscle
517	4869	19	0.00390223865270076	Muscle
518	4871	14	0.0028741531513036336	Muscle
519	4871	11	0.0022582631903099977	Muscle
52	4875	13	0.0026666666666666666	Muscle
520	4878	18	0.0036900369003690036	Muscle
521	4878	18	0.0036900369003690036	Muscle
522	4877	20	0.004100881689563256	Muscle
523	4872	17	0.0034893267651888342	Muscle
524	4871	19	0.00390063641962636	Muscle
525	4879	12	0.0024595203935232628	Muscle
526	4867	16	0.0032874460653379905	Muscle
527	4871	17	0.0034900431122972695	Muscle
528	4874	13	0.002667213787443578	Muscle
529	4869	15	0.0030807147258163892	Muscle
53	4877	14	0.002870617182694279	Muscle
530	4878	12	0.0024600246002460025	Muscle
531	4877	14	0.002870617182694279	Muscle
532	4870	13	0.0026694045174537988	Muscle
533	4873	15	0.003078185922429715	Muscle
534	4869	17	0.0034914766892585746	Muscle
535	4867	11	0.0022601191699198686	Muscle
536	4871	17	0.0034900431122972695	Muscle
537	4880	14	0.0028688524590163933	Muscle
538	4875	13	0.0026666666666666666	Muscle
539	4876	15	0.0030762920426579163	Muscle
54	4876	16	0.003281378178835111	Muscle
540	4873	18	0.003693823106915658	Muscle
541	4874	18	0.0036930652441526466	Muscle
542	4874	17	0.003487894952810833	Muscle
543	4880	17	0.0034836065573770492	Muscle
544	4877	15	0.003075661267172442	Muscle
545	4873	15	0.003078185922429715	Muscle
546	4874	20	0.004103405826836274	Muscle
547	4879	16	0.003279360524697684	Muscle
548	4877	18	0.0036907935206069303	Muscle
549	4871	14	0.0028741531513036336	Muscle
55	4881	18	0.0036877688998156115	Muscle
550	4875	17	0.0034871794871794873	Muscle
551	4873	17	0.00348861071208701	Muscle
552	4875	8	0.001641025641025641	Muscle
553	4879	19	0.0038942406230784996	Muscle
554	4870	14	0.002874743326488706	Muscle
555	4868	13	0.0026705012325390306	Muscle
556	4874	12	0.0024620434961017644	Muscle
557	4876	18	0.0036915504511894994	Muscle
558	4874	12	0.0024620434961017644	Muscle
559	4875	10	0.0020512820512820513	Muscle
56	4872	14	0.0028735632183908046	Muscle
560	4869	22	0.004518381597864038	Muscle
561	4880	15	0.0030737704918032786	Muscle
562	4870	15	0.003080082135523614	Muscle
563	4876	21	0.004306808859721083	Muscle
564	4880	14	0.0028688524590163933	Muscle
565	4873	23	0.004719885081058896	Muscle
566	4870	10	0.002053388090349076	Muscle
567	4878	23	0.004715047150471505	Muscle
568	4877	11	0.002255484929259791	Muscle
569	4871	10	0.0020529665366454527	Muscle
57	4877	14	0.002870617182694279	Muscle
570	4877	14	0.002870617182694279	Muscle
571	4879	18	0.0036892805902848944	Muscle
572	4874	6	0.0012310217480508822	Muscle
573	4876	15	0.0030762920426579163	Muscle
574	4874	16	0.003282724661469019	Muscle
575	4872	17	0.0034893267651888342	Muscle
576	4871	19	0.00390063641962636	Muscle
577	4876	13	0.0026661197703035273	Muscle
578	4877	13	0.0026655730982161163	Muscle
579	4875	16	0.003282051282051282	Muscle
58	4877	18	0.0036907935206069303	Muscle
580	4875	26	0.005333333333333333	Muscle
581	4880	19	0.00389344262295082	Muscle
582	4874	17	0.003487894952810833	Muscle
583	4879	17	0.003484320557491289	Muscle
584	4875	18	0.0036923076923076922	Muscle
585	4873	10	0.0020521239482864766	Muscle
586	4871	14	0.0028741531513036336	Muscle
587	4877	19	0.0038958376050850932	Muscle
588	4875	10	0.0020512820512820513	Muscle
589	4875	14	0.002871794871794872	Muscle
59	4877	17	0.003485749436128768	Muscle
590	4867	19	0.003903842202588864	Muscle
591	4871	16	0.003284746458632724	Muscle
592	4870	15	0.003080082135523614	Muscle
593	4877	16	0.003280705351650605	Muscle
594	4876	14	0.002871205906480722	Muscle
595	4876	13	0.0026661197703035273	Muscle
596	4874	12	0.0024620434961017644	Muscle
597	4871	17	0.0034900431122972695	Muscle
598	4874	16	0.003282724661469019	Muscle
599	4870	13	0.0026694045174537988	Muscle
6	4872	18	0.003694581280788177	Muscle
60	4872	13	0.0026683087027914616	Muscle
600	4873	27	0.005540734660373486	Muscle
601	4877	5	0.001025220422390814	Muscle
602	4870	14	0.002874743326488706	Muscle
603	4876	13	0.0026661197703035273	Muscle
604	4872	9	0.0018472906403940886	Muscle
605	4868	13	0.0026705012325390306	Muscle
606	4873	19	0.0038990355017443053	Muscle
607	4878	11	0.002255022550225502	Muscle
608	4876	15	0.0030762920426579163	Muscle
609	4879	9	0.0018446402951424472	Muscle
61	4872	14	0.0028735632183908046	Muscle
610	4877	15	0.003075661267172442	Muscle
611	4874	12	0.0024620434961017644	Muscle
612	4873	12	0.002462548737943772	Muscle
613	4870	13	0.0026694045174537988	Muscle
614	4878	9	0.0018450184501845018	Muscle
615	4875	20	0.0041025641025641026	Muscle
616	4876	13	0.0026661197703035273	Muscle
617	4875	19	0.0038974358974358976	Muscle
618	4872	15	0.003078817733990148	Muscle
619	4871	13	0.0026688564976390886	Muscle
62	4881	17	0.0034828928498258555	Muscle
620	4873	19	0.0038990355017443053	Muscle
621	4875	11	0.0022564102564102562	Muscle
622	4874	16	0.003282724661469019	Muscle
623	4871	18	0.003695339765961815	Muscle
624	4878	19	0.003895038950389504	Muscle
625	4872	15	0.003078817733990148	Muscle
626	4879	6	0.0012297601967616314	Muscle
627	4873	13	0.0026677611327724196	Muscle
628	4874	25	0.0051292572835453425	Muscle
629	4870	26	0.0053388090349075976	Muscle
63	4875	20	0.0041025641025641026	Muscle
630	4871	17	0.0034900431122972695	Muscle
631	4875	10	0.0020512820512820513	Muscle
632	4876	21	0.004306808859721083	Muscle
633	4880	19	0.00389344262295082	Muscle
634	4873	17	0.00348861071208701	Muscle
635	4870	18	0.003696098562628337	Muscle
636	4874	19	0.0038982355354944603	Muscle
637	4874	14	0.002872384078785392	Muscle
638	4873	16	0.0032833983172583622	Muscle
639	4874	13	0.002667213787443578	Muscle
64	4877	16	0.003280705351650605	Muscle
640	4879	12	0.0024595203935232628	Muscle
641	4879	13	0.0026644804263168684	Muscle
642	4869	20	0.004107619634421853	Muscle
643	4878	18	0.0036900369003690036	Muscle
644	4878	15	0.003075030750307503	Muscle
645	4878	15	0.003075030750307503	Muscle
646	4880	18	0.0036885245901639345	Muscle
647	4874	20	0.004103405826836274	Muscle
648	4871	18	0.003695339765961815	Muscle
649	4877	13	0.0026655730982161163	Muscle
65	4869	16	0.003286095707537482	Muscle
650	4877	11	0.002255484929259791	Muscle
651	4872	16	0.003284072249589491	Muscle
652	4875	13	0.0026666666666666666	Muscle
653	4876	9	0.0018457752255947497	Muscle
654	4869	15	0.0030807147258163892	Muscle
655	4874	15	0.0030775543701272055	Muscle
656	4870	16	0.0032854209445585215	Muscle
657	4875	19	0.0038974358974358976	Muscle
658	4876	17	0.003486464315012305	Muscle
659	4877	13	0.0026655730982161163	Muscle
66	4872	18	0.003694581280788177	Muscle
660	4881	14	0.002868264699856587	Muscle
661	4878	10	0.002050020500205002	Muscle
662	4874	18	0.0036930652441526466	Muscle
663	4874	9	0.0018465326220763233	Muscle
664	4870	15	0.003080082135523614	Muscle
665	4871	14	0.0028741531513036336	Muscle
666	4878	20	0.004100041000410004	Muscle
667	4869	14	0.002875333744095297	Muscle
668	4878	16	0.003280032800328003	Muscle
669	4871	13	0.0026688564976390886	Muscle
67	4875	18	0.0036923076923076922	Muscle
670	4873	16	0.0032833983172583622	Muscle
671	4875	13	0.0026666666666666666	Muscle
672	4873	21	0.004309460291401601	Muscle
673	4875	19	0.0038974358974358976	Muscle
674	4881	16	0.003278016799836099	Muscle
675	4880	12	0.002459016393442623	Muscle
676	4876	16	0.003281378178835111	Muscle
677	4877	13	0.0026655730982161163	Muscle
678	4882	15	0.0030725112658746417	Muscle
679	4879	13	0.0026644804263168684	Muscle
68	4879	11	0.0022545603607296576	Muscle
680	4873	20	0.004104247896572953	Muscle
681	4875	17	0.0034871794871794873	Muscle
682	4878	12	0.0024600246002460025	Muscle
683	4877	13	0.0026655730982161163	Muscle
684	4876	18	0.0036915504511894994	Muscle
685	4872	14	0.0028735632183908046	Muscle
686	4870	18	0.003696098562628337	Muscle
687	4872	13	0.0026683087027914616	Muscle
688	4875	13	0.0026666666666666666	Muscle
689	4879	20	0.004099200655872105	Muscle
69	4868	19	0.0039030402629416597	Muscle
690	4874	25	0.0051292572835453425	Muscle
691	4870	16	0.0032854209445585215	Muscle
692	4874	19	0.0038982355354944603	Muscle
693	4874	20	0.004103405826836274	Muscle
694	4874	20	0.004103405826836274	Muscle
695	4871	17	0.0034900431122972695	Muscle
696	4874	18	0.0036930652441526466	Muscle
697	4872	15	0.003078817733990148	Muscle
698	4876	18	0.0036915504511894994	Muscle
699	4872	15	0.003078817733990148	Muscle
7	4877	8	0.0016403526758253025	Muscle
70	4874	21	0.004308576118178088	Muscle
700	4875	14	0.002871794871794872	Muscle
701	4875	12	0.0024615384615384616	Muscle
702	4877	19	0.0038958376050850932	Muscle
703	4876	16	0.003281378178835111	Muscle
704	4871	15	0.003079449804968179	Muscle
705	4875	11	0.0022564102564102562	Muscle
706	4875	10	0.0020512820512820513	Muscle
707	4878	16	0.003280032800328003	Muscle
708	4878	13	0.0026650266502665026	Muscle
709	4875	15	0.003076923076923077	Muscle
71	4873	16	0.0032833983172583622	Muscle
710	4877	19	0.0038958376050850932	Muscle
711	4876	14	0.002871205906480722	Muscle
712	4871	12	0.002463559843974543	Muscle
713	4878	13	0.0026650266502665026	Muscle
714	4873	16	0.0032833983172583622	Muscle
715	4875	8	0.001641025641025641	Muscle
716	4878	20	0.004100041000410004	Muscle
717	4872	17	0.0034893267651888342	Muscle
718	4877	13	0.0026655730982161163	Muscle
719	4880	14	0.0028688524590163933	Muscle
72	4872	13	0.0026683087027914616	Muscle
720	4862	9	0.001851090086384204	Muscle
721	4870	16	0.0032854209445585215	Muscle
722	4878	11	0.002255022550225502	Muscle
723	4875	14	0.002871794871794872	Muscle
724	4877	21	0.004305925774041419	Muscle
725	4875	13	0.0026666666666666666	Muscle
726	4867	19	0.003903842202588864	Muscle
727	4875	14	0.002871794871794872	Muscle
728	4878	13	0.0026650266502665026	Muscle
729	4878	14	0.002870028700287003	Muscle
73	4881	16	0.003278016799836099	Muscle
730	4873	15	0.003078185922429715	Muscle
731	4880	14	0.0028688524590163933	Muscle
732	4878	15	0.003075030750307503	Muscle
733	4876	21	0.004306808859721083	Muscle
734	4864	10	0.002055921052631579	Muscle
735	4873	20	0.004104247896572953	Muscle
736	4871	17	0.0034900431122972695	Muscle
737	4876	13	0.0026661197703035273	Muscle
738	4881	11	0.0022536365498873182	Muscle
739	4875	13	0.0026666666666666666	Muscle
74	4879	16	0.003279360524697684	Muscle
740	4875	15	0.003076923076923077	Muscle
741	4876	12	0.002461033634126333	Muscle
742	4878	16	0.003280032800328003	Muscle
743	4879	22	0.004509120721459315	Muscle
744	4882	25	0.005120852109791069	Muscle
745	4876	15	0.0030762920426579163	Muscle
746	4872	13	0.0026683087027914616	Muscle
747	4872	18	0.003694581280788177	Muscle
748	4876	11	0.002255947497949139	Muscle
749	4877	10	0.002050440844781628	Muscle
75	4879	11	0.0022545603607296576	Muscle
750	4877	18	0.0036907935206069303	Muscle
751	4875	13	0.0026666666666666666	Muscle
752	4874	13	0.002667213787443578	Muscle
753	4874	13	0.002667213787443578	Muscle
754	4874	23	0.004718916700861715	Muscle
755	4871	16	0.003284746458632724	Muscle
756	4872	17	0.0034893267651888342	Muscle
757	4872	12	0.0024630541871921183	Muscle
758	4883	12	0.0024575056317837395	Muscle
759	4877	19	0.0038958376050850932	Muscle
76	4877	18	0.0036907935206069303	Muscle
760	4876	8	0.0016406890894175555	Muscle
761	4880	15	0.0030737704918032786	Muscle
762	4876	11	0.002255947497949139	Muscle
763	4874	15	0.0030775543701272055	Muscle
764	4878	11	0.002255022550225502	Muscle
765	4872	27	0.005541871921182266	Muscle
766	4870	13	0.0026694045174537988	Muscle
767	4879	17	0.003484320557491289	Muscle
768	4873	15	0.003078185922429715	Muscle
769	4873	16	0.0032833983172583622	Muscle
77	4877	17	0.003485749436128768	Muscle
770	4868	16	0.003286770747740345	Muscle
771	4876	16	0.003281378178835111	Muscle
772	4876	9	0.0018457752255947497	Muscle
773	4874	15	0.0030775543701272055	Muscle
774	4873	22	0.004514672686230248	Muscle
775	4872	12	0.0024630541871921183	Muscle
776	4873	18	0.003693823106915658	Muscle
777	4872	16	0.003284072249589491	Muscle
778	4868	20	0.004108463434675432	Muscle
779	4872	11	0.002257799671592775	Muscle
78	4870	14	0.002874743326488706	Muscle
780	4875	17	0.0034871794871794873	Muscle
781	4876	16	0.003281378178835111	Muscle
782	4876	9	0.0018457752255947497	Muscle
783	4876	16	0.003281378178835111	Muscle
784	4873	20	0.004104247896572953	Muscle
785	4869	17	0.0034914766892585746	Muscle
786	4875	18	0.0036923076923076922	Muscle
787	4876	13	0.0026661197703035273	Muscle
788	4877	16	0.003280705351650605	Muscle
789	4874	19	0.0038982355354944603	Muscle
79	4874	20	0.004103405826836274	Muscle
790	4876	15	0.0030762920426579163	Muscle
791	4873	10	0.0020521239482864766	Muscle
792	4870	16	0.0032854209445585215	Muscle
793	4876	14	0.002871205906480722	Muscle
794	4875	16	0.003282051282051282	Muscle
795	4870	9	0.0018480492813141684	Muscle
796	4874	15	0.0030775543701272055	Muscle
797	4874	15	0.0030775543701272055	Muscle
798	4878	17	0.0034850348503485036	Muscle
799	4875	12	0.0024615384615384616	Muscle
8	4869	20	0.004107619634421853	Muscle
80	4873	18	0.003693823106915658	Muscle
800	4877	14	0.002870617182694279	Muscle
801	4873	13	0.0026677611327724196	Muscle
802	4871	11	0.0022582631903099977	Muscle
803	4874	16	0.003282724661469019	Muscle
804	4876	21	0.004306808859721083	Muscle
805	4877	13	0.0026655730982161163	Muscle
806	4877	16	0.003280705351650605	Muscle
807	4873	13	0.0026677611327724196	Muscle
808	4880	15	0.0030737704918032786	Muscle
809	4873	14	0.002872973527601067	Muscle
81	4875	19	0.0038974358974358976	Muscle
810	4875	11	0.0022564102564102562	Muscle
811	4870	14	0.002874743326488706	Muscle
812	4874	19	0.0038982355354944603	Muscle
813	4880	12	0.002459016393442623	Muscle
814	4877	19	0.0038958376050850932	Muscle
815	4878	10	0.002050020500205002	Muscle
816	4877	15	0.003075661267172442	Muscle
817	4878	14	0.002870028700287003	Muscle
818	4871	17	0.0034900431122972695	Muscle
819	4874	22	0.004513746409519901	Muscle
82	4880	17	0.0034836065573770492	Muscle
820	4876	11	0.002255947497949139	Muscle
821	4873	17	0.00348861071208701	Muscle
822	4873	12	0.002462548737943772	Muscle
823	4875	18	0.0036923076923076922	Muscle
824	4876	10	0.002050861361771944	Muscle
825	4874	14	0.002872384078785392	Muscle
826	4872	15	0.003078817733990148	Muscle
827	4871	18	0.003695339765961815	Muscle
828	4869	15	0.0030807147258163892	Muscle
829	4874	15	0.0030775543701272055	Muscle
83	4877	13	0.0026655730982161163	Muscle
830	4871	16	0.003284746458632724	Muscle
831	4875	11	0.0022564102564102562	Muscle
832	4870	16	0.0032854209445585215	Muscle
833	4875	16	0.003282051282051282	Muscle
834	4879	16	0.003279360524697684	Muscle
835	4873	17	0.00348861071208701	Muscle
836	4874	14	0.002872384078785392	Muscle
837	4878	14	0.002870028700287003	Muscle
838	4874	18	0.0036930652441526466	Muscle
839	4872	13	0.0026683087027914616	Muscle
84	4877	15	0.003075661267172442	Muscle
840	4872	9	0.0018472906403940886	Muscle
841	4875	17	0.0034871794871794873	Muscle
842	4876	9	0.0018457752255947497	Muscle
843	4879	16	0.003279360524697684	Muscle
844	4871	10	0.0020529665366454527	Muscle
845	4881	13	0.0026633886498668305	Muscle
846	4865	15	0.003083247687564234	Muscle
847	4875	18	0.0036923076923076922	Muscle
848	4875	17	0.0034871794871794873	Muscle
849	4875	19	0.0038974358974358976	Muscle
85	4877	18	0.0036907935206069303	Muscle
850	4872	22	0.00451559934318555	Muscle
851	4876	12	0.002461033634126333	Muscle
852	4877	14	0.002870617182694279	Muscle
853	4882	11	0.0022531749283080703	Muscle
854	4875	16	0.003282051282051282	Muscle
855	4875	13	0.0026666666666666666	Muscle
856	4876	16	0.003281378178835111	Muscle
857	4872	17	0.0034893267651888342	Muscle
858	4871	12	0.002463559843974543	Muscle
859	4878	12	0.0024600246002460025	Muscle
86	4876	16	0.003281378178835111	Muscle
860	4873	14	0.002872973527601067	Muscle
861	4880	11	0.002254098360655738	Muscle
862	4873	14	0.002872973527601067	Muscle
863	4873	21	0.004309460291401601	Muscle
864	4879	14	0.0028694404591104736	Muscle
865	4875	12	0.0024615384615384616	Muscle
866	4878	13	0.0026650266502665026	Muscle
867	4876	15	0.0030762920426579163	Muscle
868	4876	18	0.0036915504511894994	Muscle
869	4874	14	0.002872384078785392	Muscle
87	4869	13	0.0026699527623742043	Muscle
870	4867	17	0.003492911444421615	Muscle
871	4871	16	0.003284746458632724	Muscle
872	4875	17	0.0034871794871794873	Muscle
873	4877	11	0.002255484929259791	Muscle
874	4875	20	0.0041025641025641026	Muscle
875	4880	18	0.0036885245901639345	Muscle
876	4880	16	0.003278688524590164	Muscle
877	4874	18	0.0036930652441526466	Muscle
878	4880	13	0.002663934426229508	Muscle
879	4874	15	0.0030775543701272055	Muscle
88	4877	23	0.004716013942997745	Muscle
880	4874	19	0.0038982355354944603	Muscle
881	4877	14	0.002870617182694279	Muscle
882	4873	17	0.00348861071208701	Muscle
883	4874	19	0.0038982355354944603	Muscle
884	4871	10	0.0020529665366454527	Muscle
885	4876	15	0.0030762920426579163	Muscle
886	4877	17	0.003485749436128768	Muscle
887	4879	20	0.004099200655872105	Muscle
888	4877	22	0.004510969858519582	Muscle
889	4874	14	0.002872384078785392	Muscle
89	4880	16	0.003278688524590164	Muscle
890	4878	17	0.0034850348503485036	Muscle
891	4869	17	0.0034914766892585746	Muscle
892	4873	18	0.003693823106915658	Muscle
893	4875	16	0.003282051282051282	Muscle
894	4871	15	0.003079449804968179	Muscle
895	4874	20	0.004103405826836274	Muscle
896	4876	11	0.002255947497949139	Muscle
897	4873	20	0.004104247896572953	Muscle
898	4877	14	0.002870617182694279	Muscle
899	4875	18	0.0036923076923076922	Muscle
9	4873	8	0.0016416991586291811	Muscle
90	4874	20	0.004103405826836274	Muscle
900	4874	12	0.0024620434961017644	Muscle
901	4880	18	0.0036885245901639345	Muscle
902	4874	14	0.002872384078785392	Muscle
903	4876	16	0.003281378178835111	Muscle
904	4877	9	0.0018453967603034652	Muscle
905	4876	13	0.0026661197703035273	Muscle
906	4875	11	0.0022564102564102562	Muscle
907	4876	11	0.002255947497949139	Muscle
908	4879	19	0.0038942406230784996	Muscle
909	4876	13	0.0026661197703035273	Muscle
91	4878	11	0.002255022550225502	Muscle
910	4874	18	0.0036930652441526466	Muscle
911	4872	5	0.001026272577996716	Muscle
912	4880	19	0.00389344262295082	Muscle
913	4875	16	0.003282051282051282	Muscle
914	4874	15	0.0030775543701272055	Muscle
915	4876	17	0.003486464315012305	Muscle
916	4874	15	0.0030775543701272055	Muscle
917	4877	14	0.002870617182694279	Muscle
918	4876	18	0.0036915504511894994	Muscle
919	4871	15	0.003079449804968179	Muscle
92	4876	21	0.004306808859721083	Muscle
920	4869	17	0.0034914766892585746	Muscle
921	4878	14	0.002870028700287003	Muscle
922	4876	12	0.002461033634126333	Muscle
923	4875	14	0.002871794871794872	Muscle
924	4874	13	0.002667213787443578	Muscle
925	4872	21	0.004310344827586207	Muscle
926	4880	16	0.003278688524590164	Muscle
927	4865	15	0.003083247687564234	Muscle
928	4876	12	0.002461033634126333	Muscle
929	4873	14	0.002872973527601067	Muscle
93	4878	19	0.003895038950389504	Muscle
930	4880	18	0.0036885245901639345	Muscle
931	4880	16	0.003278688524590164	Muscle
932	4876	19	0.003896636587366694	Muscle
933	4869	19	0.00390223865270076	Muscle
934	4873	18	0.003693823106915658	Muscle
935	4872	14	0.0028735632183908046	Muscle
936	4876	20	0.004101722723543888	Muscle
937	4875	13	0.0026666666666666666	Muscle
938	4876	7	0.001435602953240361	Muscle
939	4876	22	0.004511894995898278	Muscle
94	4875	14	0.002871794871794872	Muscle
940	4872	14	0.0028735632183908046	Muscle
941	4873	13	0.0026677611327724196	Muscle
942	4878	25	0.005125051250512505	Muscle
943	4870	18	0.003696098562628337	Muscle
944	4876	15	0.0030762920426579163	Muscle
945	4873	14	0.002872973527601067	Muscle
946	4874	13	0.002667213787443578	Muscle
947	4879	13	0.0026644804263168684	Muscle
948	4874	11	0.0022568732047599507	Muscle
949	4876	13	0.0026661197703035273	Muscle
95	4874	9	0.0018465326220763233	Muscle
950	4876	24	0.004922067268252666	Muscle
951	4873	20	0.004104247896572953	Muscle
952	4882	19	0.0038918476034412127	Muscle
953	4878	15	0.003075030750307503	Muscle
954	4867	13	0.002671049928087117	Muscle
955	4867	15	0.003081980686254366	Muscle
956	4871	17	0.0034900431122972695	Muscle
957	4874	16	0.003282724661469019	Muscle
958	4875	23	0.004717948717948718	Muscle
959	4875	17	0.0034871794871794873	Muscle
96	4877	11	0.002255484929259791	Muscle
960	4878	14	0.002870028700287003	Muscle
961	4871	15	0.003079449804968179	Muscle
962	4875	15	0.003076923076923077	Muscle
963	4876	15	0.0030762920426579163	Muscle
964	4876	10	0.002050861361771944	Muscle
965	4874	14	0.002872384078785392	Muscle
966	4869	17	0.0034914766892585746	Muscle
967	4874	25	0.0051292572835453425	Muscle
968	4866	21	0.004315659679408138	Muscle
969	4875	14	0.002871794871794872	Muscle
97	4875	24	0.004923076923076923	Muscle
970	4872	16	0.003284072249589491	Muscle
971	4877	13	0.0026655730982161163	Muscle
972	4873	18	0.003693823106915658	Muscle
973	4871	18	0.003695339765961815	Muscle
974	4877	21	0.004305925774041419	Muscle
975	4875	13	0.0026666666666666666	Muscle
976	4868	17	0.003492193919474117	Muscle
977	4875	14	0.002871794871794872	Muscle
978	4877	20	0.004100881689563256	Muscle
979	4870	14	0.002874743326488706	Muscle
98	4876	9	0.0018457752255947497	Muscle
980	4877	13	0.0026655730982161163	Muscle
981	4874	13	0.002667213787443578	Muscle
982	4875	12	0.0024615384615384616	Muscle
983	4879	11	0.0022545603607296576	Muscle
984	4874	18	0.0036930652441526466	Muscle
985	4878	11	0.002255022550225502	Muscle
986	4877	17	0.003485749436128768	Muscle
987	4877	11	0.002255484929259791	Muscle
988	4875	14	0.002871794871794872	Muscle
989	4879	13	0.0026644804263168684	Muscle
99	4877	15	0.003075661267172442	Muscle
990	4875	13	0.0026666666666666666	Muscle
991	4879	12	0.0024595203935232628	Muscle
992	4873	14	0.002872973527601067	Muscle
993	4873	13	0.0026677611327724196	Muscle
994	4878	16	0.003280032800328003	Muscle
995	4871	23	0.004721823034284541	Muscle
996	4878	15	0.003075030750307503	Muscle
997	4874	12	0.0024620434961017644	Muscle
998	4877	11	0.002255484929259791	Muscle
999	4881	17	0.0034828928498258555	Muscle
1	37037	91	0.002457002457002457	Pancreas_Body
10	37069	98	0.002643718470959562	Pancreas_Body
100	37076	76	0.002049843564570072	Pancreas_Body
1000	37070	114	0.003075263015915835	Pancreas_Body
101	37048	94	0.0025372489743036063	Pancreas_Body
102	37053	114	0.00307667395352603	Pancreas_Body
103	37042	82	0.0022137033637492577	Pancreas_Body
104	37070	79	0.0021311033180469383	Pancreas_Body
105	37041	92	0.0024837342404362734	Pancreas_Body
106	37040	91	0.0024568034557235423	Pancreas_Body
107	37067	91	0.0024550138937599482	Pancreas_Body
108	37049	88	0.002375232799805663	Pancreas_Body
109	37062	95	0.002563272354433112	Pancreas_Body
11	37036	96	0.002592072578032185	Pancreas_Body
110	37058	99	0.0026714879378271898	Pancreas_Body
111	37043	86	0.0023216262181788732	Pancreas_Body
112	37023	95	0.0025659725035788563	Pancreas_Body
113	37066	102	0.0027518480548211297	Pancreas_Body
114	37062	86	0.002320436026118396	Pancreas_Body
115	37046	103	0.00278032716082708	Pancreas_Body
116	37063	91	0.002455278849526482	Pancreas_Body
117	37040	88	0.0023758099352051837	Pancreas_Body
118	37052	95	0.002563964158479974	Pancreas_Body
119	37070	100	0.002697599136768276	Pancreas_Body
12	37042	92	0.0024836671885967282	Pancreas_Body
120	37049	101	0.0027261194634133176	Pancreas_Body
121	37041	94	0.0025377284630544532	Pancreas_Body
122	37062	103	0.0027791268684906373	Pancreas_Body
123	37053	111	0.0029957088494858715	Pancreas_Body
124	37035	108	0.0029161603888213854	Pancreas_Body
125	37052	88	0.0023750404836446076	Pancreas_Body
126	37055	100	0.002698691134799622	Pancreas_Body
127	37064	97	0.002617094755018347	Pancreas_Body
128	37036	91	0.002457068797926342	Pancreas_Body
129	37047	92	0.0024833319836963857	Pancreas_Body
13	37064	93	0.0025091733218217138	Pancreas_Body
130	37046	103	0.00278032716082708	Pancreas_Body
131	37082	86	0.002319184510004854	Pancreas_Body
132	37066	100	0.002697890249824637	Pancreas_Body
133	37000	95	0.0025675675675675674	Pancreas_Body
134	37037	93	0.002511002511002511	Pancreas_Body
135	37067	92	0.002481992068416651	Pancreas_Body
136	37067	100	0.0026978174656702727	Pancreas_Body
137	37039	78	0.0021058883879154404	Pancreas_Body
138	37052	90	0.0024290186764547124	Pancreas_Body
139	37034	86	0.0023221904196144083	Pancreas_Body
14	37048	90	0.0024292809328438783	Pancreas_Body
140	37039	84	0.0022678798023704743	Pancreas_Body
141	37052	91	0.0024560077728597645	Pancreas_Body
142	37062	95	0.002563272354433112	Pancreas_Body
143	37073	91	0.002454616567313139	Pancreas_Body
144	37047	103	0.0027802521121818233	Pancreas_Body
145	37052	97	0.002617942351290079	Pancreas_Body
146	37060	96	0.002590393955747437	Pancreas_Body
147	37086	84	0.0022650056625141564	Pancreas_Body
148	37042	92	0.0024836671885967282	Pancreas_Body
149	37092	92	0.002480319206297854	Pancreas_Body
15	37039	118	0.003185831150949	Pancreas_Body
150	37065	92	0.0024821259948738703	Pancreas_Body
151	37059	113	0.0030491918292452577	Pancreas_Body
152	37034	94	0.0025382081330669114	Pancreas_Body
153	37049	79	0.0021323112634619016	Pancreas_Body
154	37045	95	0.0025644486435416384	Pancreas_Body
155	37007	104	0.002810279136379604	Pancreas_Body
156	37066	96	0.0025899746398316517	Pancreas_Body
157	37039	98	0.00264585976943222	Pancreas_Body
158	37051	102	0.002752962133275755	Pancreas_Body
159	37064	91	0.0024552126052233975	Pancreas_Body
16	37058	80	0.002158778131577527	Pancreas_Body
160	37073	110	0.002967118927521377	Pancreas_Body
161	37050	96	0.002591093117408907	Pancreas_Body
162	37054	92	0.0024828628488152427	Pancreas_Body
163	37063	100	0.002698108625853277	Pancreas_Body
164	37062	112	0.003021963196805353	Pancreas_Body
165	37032	103	0.0027813782674443724	Pancreas_Body
166	37054	86	0.0023209370108490312	Pancreas_Body
167	37041	85	0.0022947544612726438	Pancreas_Body
168	37066	97	0.002616953542329898	Pancreas_Body
169	37027	101	0.002727739217327896	Pancreas_Body
17	37065	85	0.0022932685822204236	Pancreas_Body
170	37042	107	0.0028886129258679336	Pancreas_Body
171	37060	95	0.0025634106853750674	Pancreas_Body
172	37050	105	0.002834008097165992	Pancreas_Body
173	37063	100	0.002698108625853277	Pancreas_Body
174	37036	81	0.002187061237714656	Pancreas_Body
175	37055	91	0.002455808932667656	Pancreas_Body
176	37045	89	0.002402483466054798	Pancreas_Body
177	37066	104	0.0028058058598176227	Pancreas_Body
178	37029	101	0.002727591887439574	Pancreas_Body
179	37056	101	0.0027256044905008634	Pancreas_Body
18	37077	104	0.0028049734336650753	Pancreas_Body
180	37018	98	0.002647360743422119	Pancreas_Body
181	37033	84	0.0022682472389490456	Pancreas_Body
182	37026	89	0.002403716307459623	Pancreas_Body
183	37066	83	0.0022392489073544486	Pancreas_Body
184	37045	81	0.0021865298960723444	Pancreas_Body
185	37069	86	0.002319997841862473	Pancreas_Body
186	37066	89	0.002401122322343927	Pancreas_Body
187	37071	102	0.002751476895686655	Pancreas_Body
188	37049	92	0.0024831979270695565	Pancreas_Body
189	37050	103	0.002780026990553306	Pancreas_Body
19	37052	105	0.0028338551225304976	Pancreas_Body
190	37063	84	0.0022664112457167524	Pancreas_Body
191	37039	97	0.002618861200356381	Pancreas_Body
192	37054	94	0.0025368381281373133	Pancreas_Body
193	37046	89	0.002402418614695244	Pancreas_Body
194	37031	82	0.002214360940833356	Pancreas_Body
195	37046	90	0.0024294120822760893	Pancreas_Body
196	37030	78	0.002106400216041048	Pancreas_Body
197	37038	100	0.0026999298018251525	Pancreas_Body
198	37066	103	0.0027788269573193764	Pancreas_Body
199	37052	122	0.0032926697614163876	Pancreas_Body
2	37047	107	0.0028882230679947093	Pancreas_Body
20	37069	97	0.0026167417518681377	Pancreas_Body
200	37065	91	0.0024551463644948064	Pancreas_Body
201	37018	109	0.0029445134799286833	Pancreas_Body
202	37048	106	0.0028611530986827898	Pancreas_Body
203	37031	98	0.002646431368313035	Pancreas_Body
204	37064	93	0.0025091733218217138	Pancreas_Body
205	37078	107	0.002885808296024597	Pancreas_Body
206	37070	77	0.0020771513353115725	Pancreas_Body
207	37040	86	0.002321814254859611	Pancreas_Body
208	37046	95	0.002564379420180316	Pancreas_Body
209	37052	80	0.002159127712404189	Pancreas_Body
21	37027	106	0.0028627758122451185	Pancreas_Body
210	37034	86	0.0023221904196144083	Pancreas_Body
211	37028	93	0.002511612833531382	Pancreas_Body
212	37025	87	0.002349763673193788	Pancreas_Body
213	37024	103	0.002781979256698358	Pancreas_Body
214	37049	105	0.0028340845906772113	Pancreas_Body
215	37051	89	0.0024020944104072763	Pancreas_Body
216	37084	105	0.002831409772408586	Pancreas_Body
217	37075	87	0.002346594740391099	Pancreas_Body
218	37064	93	0.0025091733218217138	Pancreas_Body
219	37062	94	0.0025362905401759214	Pancreas_Body
22	37051	97	0.002618013009095571	Pancreas_Body
220	37042	104	0.0028076237784136924	Pancreas_Body
221	37042	98	0.00264564548350521	Pancreas_Body
222	37057	83	0.00223979275170683	Pancreas_Body
223	37027	91	0.002457666027493451	Pancreas_Body
224	37031	90	0.0024303961545731954	Pancreas_Body
225	37032	80	0.002160293799956794	Pancreas_Body
226	37069	93	0.0025088348755024415	Pancreas_Body
227	37075	97	0.0026163182737693864	Pancreas_Body
228	37042	96	0.002591652718535716	Pancreas_Body
229	37061	105	0.00283316694098918	Pancreas_Body
23	37017	102	0.0027554907204797798	Pancreas_Body
230	37082	84	0.002265249986516369	Pancreas_Body
231	37081	107	0.0028855748226854724	Pancreas_Body
232	37067	99	0.00267083929101357	Pancreas_Body
233	36996	91	0.002459725375716294	Pancreas_Body
234	37077	73	0.001968875583245678	Pancreas_Body
235	37032	98	0.0026463599049470726	Pancreas_Body
236	37054	79	0.0021320235332217843	Pancreas_Body
237	37057	93	0.0025096473001052434	Pancreas_Body
238	37052	84	0.002267084098024398	Pancreas_Body
239	37048	87	0.0023483049017490824	Pancreas_Body
24	37063	93	0.0025092410220435473	Pancreas_Body
240	37058	93	0.0025095795779588753	Pancreas_Body
241	37052	100	0.002698909640505236	Pancreas_Body
242	37037	94	0.002538002538002538	Pancreas_Body
243	37026	116	0.0031329336142170367	Pancreas_Body
244	37009	91	0.0024588613580480423	Pancreas_Body
245	37037	108	0.002916002916002916	Pancreas_Body
246	37072	97	0.002616529995684074	Pancreas_Body
247	37048	102	0.002753185057223062	Pancreas_Body
248	37062	107	0.0028870541255194	Pancreas_Body
249	37055	101	0.0027256780461476183	Pancreas_Body
25	37056	96	0.0025906735751295338	Pancreas_Body
250	37070	86	0.0023199352576207177	Pancreas_Body
251	37045	95	0.0025644486435416384	Pancreas_Body
252	37056	86	0.002320811744386874	Pancreas_Body
253	37072	108	0.002913249892101856	Pancreas_Body
254	37033	84	0.0022682472389490456	Pancreas_Body
255	37054	95	0.0025638257677983484	Pancreas_Body
256	37027	92	0.002484673346476895	Pancreas_Body
257	37065	90	0.0024281667341157424	Pancreas_Body
258	37058	76	0.002050839224998651	Pancreas_Body
259	37054	97	0.002617801047120419	Pancreas_Body
26	37027	93	0.0025116806654603397	Pancreas_Body
260	37045	92	0.002483466054798218	Pancreas_Body
261	37046	104	0.0028073206284079254	Pancreas_Body
262	37062	95	0.002563272354433112	Pancreas_Body
263	37058	100	0.002698472664471909	Pancreas_Body
264	37053	86	0.0023209996491512157	Pancreas_Body
265	37049	81	0.002186293827093849	Pancreas_Body
266	37048	89	0.0024022889224789463	Pancreas_Body
267	37039	89	0.0024028726477496693	Pancreas_Body
268	37070	79	0.0021311033180469383	Pancreas_Body
269	37040	104	0.0028077753779697625	Pancreas_Body
27	37044	94	0.002537522945686211	Pancreas_Body
270	37017	75	0.002026096117999838	Pancreas_Body
271	37042	111	0.0029965984558069218	Pancreas_Body
272	37068	96	0.002589834898025251	Pancreas_Body
273	37033	103	0.002781303162044663	Pancreas_Body
274	37061	90	0.002428428806562154	Pancreas_Body
275	37054	92	0.0024828628488152427	Pancreas_Body
276	37027	90	0.0024306587085100063	Pancreas_Body
277	37055	88	0.0023748481986236676	Pancreas_Body
278	37037	99	0.002673002673002673	Pancreas_Body
279	37039	89	0.0024028726477496693	Pancreas_Body
28	37022	91	0.0024579979471665496	Pancreas_Body
280	37085	86	0.0023189968990157744	Pancreas_Body
281	37070	99	0.0026706231454005935	Pancreas_Body
282	37043	76	0.00205166968118133	Pancreas_Body
283	37038	116	0.003131918570117177	Pancreas_Body
284	37042	100	0.0026996382484747042	Pancreas_Body
285	37056	100	0.0026986183074265975	Pancreas_Body
286	37033	86	0.0023222531255906896	Pancreas_Body
287	37065	98	0.002644003777148253	Pancreas_Body
288	37051	94	0.0025370435345874603	Pancreas_Body
289	37009	90	0.002431840903563998	Pancreas_Body
29	37054	93	0.0025098504884762778	Pancreas_Body
290	37049	99	0.002672136899781371	Pancreas_Body
291	37052	89	0.0024020295800496597	Pancreas_Body
292	37059	86	0.0023206238700450633	Pancreas_Body
293	37044	83	0.002240578771191016	Pancreas_Body
294	37020	101	0.0027282549972987573	Pancreas_Body
295	37038	91	0.0024569361196608887	Pancreas_Body
296	37092	93	0.0025072791976706566	Pancreas_Body
297	37062	102	0.002752145054233447	Pancreas_Body
298	37041	85	0.0022947544612726438	Pancreas_Body
299	37028	101	0.0027276655503942963	Pancreas_Body
3	37076	82	0.0022116733196677098	Pancreas_Body
30	37034	99	0.002673219203974726	Pancreas_Body
300	37058	102	0.002752442117761347	Pancreas_Body
301	37036	86	0.002322065017820499	Pancreas_Body
302	37054	77	0.002078048253899714	Pancreas_Body
303	37071	93	0.002508699522537833	Pancreas_Body
304	37053	94	0.0025369065932583056	Pancreas_Body
305	37053	93	0.0025099182252449194	Pancreas_Body
306	37057	97	0.0026175891194646084	Pancreas_Body
307	37028	84	0.0022685535270606026	Pancreas_Body
308	37050	105	0.002834008097165992	Pancreas_Body
309	37043	82	0.002213643603379856	Pancreas_Body
31	37049	86	0.002321250236173716	Pancreas_Body
310	37043	103	0.002780552331074697	Pancreas_Body
311	37037	91	0.002457002457002457	Pancreas_Body
312	37069	86	0.002319997841862473	Pancreas_Body
313	37047	106	0.002861230329041488	Pancreas_Body
314	37040	77	0.0020788336933045357	Pancreas_Body
315	37043	80	0.002159652295980347	Pancreas_Body
316	37038	80	0.002159943841460122	Pancreas_Body
317	37066	95	0.0025629957373334055	Pancreas_Body
318	37046	92	0.0024833990174377802	Pancreas_Body
319	37041	116	0.0031316649118544315	Pancreas_Body
32	37060	80	0.0021586616297895305	Pancreas_Body
320	37062	82	0.0022125087690896337	Pancreas_Body
321	37086	99	0.0026694709593916843	Pancreas_Body
322	37047	83	0.0022403973331173916	Pancreas_Body
323	37075	102	0.00275118004045853	Pancreas_Body
324	37078	102	0.0027509574410701765	Pancreas_Body
325	37043	127	0.0034284480198688012	Pancreas_Body
326	37041	75	0.0020247833481817443	Pancreas_Body
327	37030	83	0.002241425870915474	Pancreas_Body
328	37058	95	0.0025635490312483134	Pancreas_Body
329	37068	97	0.0026168123448796804	Pancreas_Body
33	37041	87	0.0023487486838908236	Pancreas_Body
330	37048	97	0.0026182250053984023	Pancreas_Body
331	37036	79	0.0021330597256723188	Pancreas_Body
332	37012	110	0.0029720090781368206	Pancreas_Body
333	37045	98	0.0026454312322850585	Pancreas_Body
334	37051	87	0.002348114760735203	Pancreas_Body
335	37060	86	0.0023205612520237453	Pancreas_Body
336	37053	99	0.002671848433325237	Pancreas_Body
337	37071	81	0.0021849963583394027	Pancreas_Body
338	37040	98	0.0026457883369330453	Pancreas_Body
339	37065	103	0.002778901929043572	Pancreas_Body
34	37005	89	0.002405080394541278	Pancreas_Body
340	37063	75	0.0020235814693899574	Pancreas_Body
341	37046	95	0.002564379420180316	Pancreas_Body
342	37026	103	0.002781828985037541	Pancreas_Body
343	37046	88	0.0023754251471143984	Pancreas_Body
344	37031	94	0.0025384137614431154	Pancreas_Body
345	37060	108	0.0029141932002158663	Pancreas_Body
346	37036	81	0.002187061237714656	Pancreas_Body
347	37037	99	0.002673002673002673	Pancreas_Body
348	37038	95	0.002564933311733895	Pancreas_Body
349	37045	100	0.0026994196247806723	Pancreas_Body
35	37064	89	0.002401251888625081	Pancreas_Body
350	37068	104	0.0028056544728606884	Pancreas_Body
351	37067	103	0.002778751989640381	Pancreas_Body
352	37034	88	0.002376194847977534	Pancreas_Body
353	37048	96	0.0025912329950334703	Pancreas_Body
354	37047	82	0.0022134045941641697	Pancreas_Body
355	37071	84	0.0022659221493890104	Pancreas_Body
356	37056	89	0.002401770293609672	Pancreas_Body
357	37047	97	0.0026182956784624937	Pancreas_Body
358	37045	89	0.002402483466054798	Pancreas_Body
359	37043	89	0.0024026131792781362	Pancreas_Body
36	37044	96	0.0025915127955944283	Pancreas_Body
360	37031	104	0.002808457778617915	Pancreas_Body
361	37090	94	0.0025343758425451605	Pancreas_Body
362	37064	75	0.002023526872436866	Pancreas_Body
363	37045	99	0.0026724254285328654	Pancreas_Body
364	37073	109	0.002940145119089364	Pancreas_Body
365	37068	109	0.0029405417071328367	Pancreas_Body
366	37020	105	0.0028363047001620746	Pancreas_Body
367	37054	104	0.0028067145247476655	Pancreas_Body
368	37060	96	0.002590393955747437	Pancreas_Body
369	37052	94	0.002536975062074922	Pancreas_Body
37	37055	96	0.002590743489407637	Pancreas_Body
370	37036	98	0.002646074090074522	Pancreas_Body
371	37053	111	0.0029957088494858715	Pancreas_Body
372	37063	94	0.0025362221083020803	Pancreas_Body
373	37071	109	0.002940303741469073	Pancreas_Body
374	37040	102	0.0027537796976241902	Pancreas_Body
375	37077	111	0.0029937697224694556	Pancreas_Body
376	37013	94	0.002539648231702375	Pancreas_Body
377	37040	109	0.0029427645788336933	Pancreas_Body
378	37025	93	0.002511816340310601	Pancreas_Body
379	37051	86	0.002321124935899166	Pancreas_Body
38	37018	93	0.002512291317737317	Pancreas_Body
380	37065	98	0.002644003777148253	Pancreas_Body
381	37031	118	0.003186519402662634	Pancreas_Body
382	37024	100	0.0027009507346585997	Pancreas_Body
383	37068	101	0.0027247221322973993	Pancreas_Body
384	37069	100	0.0026976719091424102	Pancreas_Body
385	37049	97	0.0026181543361494235	Pancreas_Body
386	37044	104	0.002807472195227297	Pancreas_Body
387	37066	99	0.002670911347326391	Pancreas_Body
388	37000	98	0.0026486486486486487	Pancreas_Body
389	37023	88	0.002376900845420414	Pancreas_Body
39	37061	102	0.002752219314103775	Pancreas_Body
390	37056	83	0.002239853195164076	Pancreas_Body
391	37008	93	0.002512970168612192	Pancreas_Body
392	37067	96	0.002589904767043462	Pancreas_Body
393	37057	98	0.0026445745743044497	Pancreas_Body
394	37075	72	0.0019420094403236683	Pancreas_Body
395	37022	105	0.002836151477499865	Pancreas_Body
396	37064	89	0.002401251888625081	Pancreas_Body
397	37046	92	0.0024833990174377802	Pancreas_Body
398	37083	87	0.0023460885041663294	Pancreas_Body
399	37081	101	0.0027237668887031092	Pancreas_Body
4	37050	109	0.002941970310391363	Pancreas_Body
40	37082	91	0.0024540208187260664	Pancreas_Body
400	37037	93	0.002511002511002511	Pancreas_Body
401	37050	105	0.002834008097165992	Pancreas_Body
402	37041	96	0.002591722685672633	Pancreas_Body
403	37055	86	0.002320874375927675	Pancreas_Body
404	37043	87	0.0023486218718786274	Pancreas_Body
405	37059	88	0.0023745918670228555	Pancreas_Body
406	37049	86	0.002321250236173716	Pancreas_Body
407	37041	112	0.0030236764666180718	Pancreas_Body
408	37021	99	0.0026741579103751923	Pancreas_Body
409	37052	91	0.0024560077728597645	Pancreas_Body
41	37088	108	0.002911993097497843	Pancreas_Body
410	37050	103	0.002780026990553306	Pancreas_Body
411	37053	92	0.002482929857231533	Pancreas_Body
412	37024	93	0.002511884183232498	Pancreas_Body
413	37008	91	0.0024589277993947254	Pancreas_Body
414	37027	101	0.002727739217327896	Pancreas_Body
415	37063	92	0.0024822599357850147	Pancreas_Body
416	37023	80	0.002160818950382195	Pancreas_Body
417	37037	105	0.002835002835002835	Pancreas_Body
418	37024	95	0.00256590319792567	Pancreas_Body
419	37062	94	0.0025362905401759214	Pancreas_Body
42	37010	91	0.002458794920291813	Pancreas_Body
420	37054	99	0.002671776326442489	Pancreas_Body
421	37062	99	0.0026711996114618746	Pancreas_Body
422	37052	100	0.002698909640505236	Pancreas_Body
423	37052	90	0.0024290186764547124	Pancreas_Body
424	37028	83	0.0022415469374527383	Pancreas_Body
425	37029	83	0.0022414864025493532	Pancreas_Body
426	37072	85	0.0022928355632283125	Pancreas_Body
427	37060	89	0.0024015110631408526	Pancreas_Body
428	37038	111	0.0029969220800259194	Pancreas_Body
429	37067	89	0.002401057544446543	Pancreas_Body
43	37029	103	0.0027816036079829323	Pancreas_Body
430	37057	90	0.0024286909355857194	Pancreas_Body
431	37031	102	0.002754448975182955	Pancreas_Body
432	37049	84	0.002267267672541769	Pancreas_Body
433	37063	103	0.002779051884628875	Pancreas_Body
434	37050	88	0.002375168690958165	Pancreas_Body
435	37058	82	0.0022127475848669653	Pancreas_Body
436	37050	89	0.0024021592442645076	Pancreas_Body
437	37042	98	0.00264564548350521	Pancreas_Body
438	37020	99	0.002674230145867099	Pancreas_Body
439	37077	96	0.0025892062464600695	Pancreas_Body
44	37039	99	0.002672858338508059	Pancreas_Body
440	37061	91	0.002455411348857289	Pancreas_Body
441	37051	83	0.0022401554613910558	Pancreas_Body
442	37029	91	0.002457533284722785	Pancreas_Body
443	37032	97	0.002619356232447613	Pancreas_Body
444	37029	112	0.003024656350428043	Pancreas_Body
445	37041	90	0.0024297400178180935	Pancreas_Body
446	37058	93	0.0025095795779588753	Pancreas_Body
447	37059	104	0.0028063358428451926	Pancreas_Body
448	37032	120	0.0032404406999351912	Pancreas_Body
449	37083	83	0.00223822236604374	Pancreas_Body
45	37053	99	0.002671848433325237	Pancreas_Body
450	37024	98	0.002646931719965428	Pancreas_Body
451	37067	88	0.00237407936978984	Pancreas_Body
452	37035	87	0.002349129202106116	Pancreas_Body
453	37038	93	0.002510934715697392	Pancreas_Body
454	37029	92	0.002484539144994464	Pancreas_Body
455	37039	90	0.002429871216825508	Pancreas_Body
456	37081	109	0.002939510800679593	Pancreas_Body
457	37044	92	0.0024835330957779936	Pancreas_Body
458	37059	112	0.0030222078307563616	Pancreas_Body
459	37033	81	0.0021872384089865796	Pancreas_Body
46	37053	78	0.002105092705044126	Pancreas_Body
460	37048	94	0.0025372489743036063	Pancreas_Body
461	37049	95	0.0025641717725174767	Pancreas_Body
462	37045	116	0.0031313267647455796	Pancreas_Body
463	37071	108	0.0029133284777858705	Pancreas_Body
464	37036	116	0.003132087698455557	Pancreas_Body
465	37035	95	0.0025651410827595518	Pancreas_Body
466	37080	118	0.0031823085221143474	Pancreas_Body
467	37027	85	0.002295622113592784	Pancreas_Body
468	37052	102	0.0027528878333153406	Pancreas_Body
469	37036	121	0.0032670914785614	Pancreas_Body
47	37049	84	0.002267267672541769	Pancreas_Body
470	37073	91	0.002454616567313139	Pancreas_Body
471	37071	93	0.002508699522537833	Pancreas_Body
472	37032	110	0.0029704039749405917	Pancreas_Body
473	37035	92	0.0024841366275145135	Pancreas_Body
474	37056	105	0.0028335492227979276	Pancreas_Body
475	37041	108	0.002915688021381712	Pancreas_Body
476	37052	99	0.0026719205441001837	Pancreas_Body
477	37028	101	0.0027276655503942963	Pancreas_Body
478	37053	93	0.0025099182252449194	Pancreas_Body
479	37059	85	0.002293639871556167	Pancreas_Body
48	37033	102	0.002754300218723841	Pancreas_Body
480	37046	100	0.0026993467580845435	Pancreas_Body
481	37015	108	0.0029177360529515062	Pancreas_Body
482	37068	97	0.0026168123448796804	Pancreas_Body
483	37051	107	0.002887911257455939	Pancreas_Body
484	37059	98	0.0026444318519118163	Pancreas_Body
485	37031	100	0.002700440171747995	Pancreas_Body
486	37051	101	0.0027259723084397183	Pancreas_Body
487	37059	96	0.002590463854934024	Pancreas_Body
488	37051	93	0.002510053709751424	Pancreas_Body
489	37030	100	0.0027005130974885228	Pancreas_Body
49	37059	96	0.002590463854934024	Pancreas_Body
490	37069	86	0.002319997841862473	Pancreas_Body
491	37042	95	0.002564656336050969	Pancreas_Body
492	37054	86	0.0023209370108490312	Pancreas_Body
493	37046	88	0.0023754251471143984	Pancreas_Body
494	37061	94	0.0025363589757426944	Pancreas_Body
495	37059	107	0.002887287838311881	Pancreas_Body
496	37057	115	0.0031033273065817525	Pancreas_Body
497	37027	98	0.002646717260377562	Pancreas_Body
498	36997	91	0.0024596588912614535	Pancreas_Body
499	37046	98	0.0026453598229228526	Pancreas_Body
5	37040	96	0.002591792656587473	Pancreas_Body
50	37058	83	0.0022397323115116844	Pancreas_Body
500	37025	98	0.002646860229574612	Pancreas_Body
501	37053	101	0.0027258251693520093	Pancreas_Body
502	37052	105	0.0028338551225304976	Pancreas_Body
503	37043	89	0.0024026131792781362	Pancreas_Body
504	37013	91	0.0024585956285629374	Pancreas_Body
505	37043	96	0.0025915827551764165	Pancreas_Body
506	37033	86	0.0023222531255906896	Pancreas_Body
507	37077	103	0.00277800253526445	Pancreas_Body
508	37043	105	0.0028345436384742055	Pancreas_Body
509	37055	106	0.0028606126028875994	Pancreas_Body
51	37068	91	0.0024549476637531023	Pancreas_Body
510	37031	98	0.002646431368313035	Pancreas_Body
511	37059	95	0.002563479856445128	Pancreas_Body
512	37056	103	0.0027795768566493957	Pancreas_Body
513	37070	104	0.002805503102239007	Pancreas_Body
514	37035	89	0.002403132172269475	Pancreas_Body
515	37030	91	0.0024574669187145556	Pancreas_Body
516	37029	100	0.0027005860271678956	Pancreas_Body
517	37063	96	0.002590184280819146	Pancreas_Body
518	37043	107	0.0028885349458737143	Pancreas_Body
519	37045	122	0.00329329194223242	Pancreas_Body
52	37062	90	0.0024283632831471587	Pancreas_Body
520	37086	91	0.002453756134390336	Pancreas_Body
521	37035	95	0.0025651410827595518	Pancreas_Body
522	37099	116	0.0031267689156041943	Pancreas_Body
523	37020	73	0.0019719070772555376	Pancreas_Body
524	37073	87	0.0023467213335850888	Pancreas_Body
525	37023	104	0.0028090646354968535	Pancreas_Body
526	37081	99	0.0026698309107089885	Pancreas_Body
527	37080	110	0.0029665587918015104	Pancreas_Body
528	37036	100	0.002700075602116859	Pancreas_Body
529	37041	95	0.002564725574363543	Pancreas_Body
53	37048	87	0.0023483049017490824	Pancreas_Body
530	37043	99	0.0026725697162756795	Pancreas_Body
531	37043	92	0.0024836001403773992	Pancreas_Body
532	37028	108	0.0029167116776493466	Pancreas_Body
533	37069	93	0.0025088348755024415	Pancreas_Body
534	37064	125	0.0033725447873947764	Pancreas_Body
535	37066	105	0.002832784762315869	Pancreas_Body
536	37060	87	0.0023475445223961142	Pancreas_Body
537	37064	97	0.002617094755018347	Pancreas_Body
538	37027	90	0.0024306587085100063	Pancreas_Body
539	37038	90	0.0024299368216426373	Pancreas_Body
54	37044	77	0.0020786092214663643	Pancreas_Body
540	37044	99	0.002672497570456754	Pancreas_Body
541	37060	97	0.0026173772261198058	Pancreas_Body
542	37069	91	0.002454881437319593	Pancreas_Body
543	37074	90	0.002427577277876679	Pancreas_Body
544	37042	102	0.0027536310134441983	Pancreas_Body
545	37055	102	0.0027526649574956146	Pancreas_Body
546	37064	93	0.0025091733218217138	Pancreas_Body
547	37003	89	0.0024052103883468907	Pancreas_Body
548	37062	92	0.00248232691166154	Pancreas_Body
549	37027	106	0.0028627758122451185	Pancreas_Body
55	37082	101	0.0027236934361684916	Pancreas_Body
550	37049	85	0.0022942589543577425	Pancreas_Body
551	37046	85	0.002294444744371862	Pancreas_Body
552	37069	102	0.002751625347325258	Pancreas_Body
553	37052	87	0.0023480513872395554	Pancreas_Body
554	37054	95	0.0025638257677983484	Pancreas_Body
555	37043	92	0.0024836001403773992	Pancreas_Body
556	37058	95	0.0025635490312483134	Pancreas_Body
557	37077	111	0.0029937697224694556	Pancreas_Body
558	37069	82	0.002212090965496776	Pancreas_Body
559	37047	86	0.002321375549977056	Pancreas_Body
56	37013	107	0.002890876178639937	Pancreas_Body
560	37065	91	0.0024551463644948064	Pancreas_Body
561	37022	93	0.002512019880071309	Pancreas_Body
562	37064	95	0.00256313403842003	Pancreas_Body
563	37052	93	0.0025099859656698693	Pancreas_Body
564	37030	84	0.002268431001890359	Pancreas_Body
565	37038	91	0.0024569361196608887	Pancreas_Body
566	37057	98	0.0026445745743044497	Pancreas_Body
567	37021	92	0.002485076037924421	Pancreas_Body
568	37040	85	0.002294816414686825	Pancreas_Body
569	37056	95	0.002563687392055268	Pancreas_Body
57	37047	80	0.0021594191162577266	Pancreas_Body
570	37088	101	0.0027232528041415014	Pancreas_Body
571	37042	93	0.0025106635710814753	Pancreas_Body
572	37011	95	0.002566804463537867	Pancreas_Body
573	37072	97	0.002616529995684074	Pancreas_Body
574	37055	101	0.0027256780461476183	Pancreas_Body
575	37058	104	0.002806411571050785	Pancreas_Body
576	37038	110	0.0029699227820076677	Pancreas_Body
577	37080	91	0.002454153182308522	Pancreas_Body
578	37071	101	0.002724501632003453	Pancreas_Body
579	37084	86	0.002319059432639413	Pancreas_Body
58	37047	86	0.002321375549977056	Pancreas_Body
580	37038	112	0.0030239213780441708	Pancreas_Body
581	37035	79	0.00213311732145268	Pancreas_Body
582	37043	76	0.00205166968118133	Pancreas_Body
583	37054	92	0.0024828628488152427	Pancreas_Body
584	37059	98	0.0026444318519118163	Pancreas_Body
585	37061	91	0.002455411348857289	Pancreas_Body
586	37052	97	0.002617942351290079	Pancreas_Body
587	37068	99	0.00267076723858854	Pancreas_Body
588	37048	79	0.0021323688188296264	Pancreas_Body
589	37047	91	0.002456339244743164	Pancreas_Body
59	37059	104	0.0028063358428451926	Pancreas_Body
590	37040	91	0.0024568034557235423	Pancreas_Body
591	37043	90	0.0024296088329778904	Pancreas_Body
592	37046	91	0.0024564055498569348	Pancreas_Body
593	37088	96	0.0025884383088869713	Pancreas_Body
594	37046	99	0.002672353290503698	Pancreas_Body
595	37084	98	0.00264264912091468	Pancreas_Body
596	37059	102	0.002752367845867401	Pancreas_Body
597	37034	96	0.0025922125614300374	Pancreas_Body
598	37043	98	0.0026455740625759253	Pancreas_Body
599	37063	80	0.0021584869006826216	Pancreas_Body
6	37079	97	0.0026160360311766767	Pancreas_Body
60	37088	95	0.0025614754098360654	Pancreas_Body
600	37038	81	0.0021869431394783735	Pancreas_Body
601	37042	97	0.002618649101020463	Pancreas_Body
602	37052	99	0.0026719205441001837	Pancreas_Body
603	37092	83	0.002237679283942629	Pancreas_Body
604	37048	91	0.0024562729432088103	Pancreas_Body
605	37027	93	0.0025116806654603397	Pancreas_Body
606	37008	101	0.0027291396454820578	Pancreas_Body
607	37022	71	0.0019177786181189564	Pancreas_Body
608	37068	86	0.002320060429480954	Pancreas_Body
609	37045	99	0.0026724254285328654	Pancreas_Body
61	37034	103	0.0027812280607009774	Pancreas_Body
610	37054	88	0.002374912290171102	Pancreas_Body
611	37022	92	0.002485008913618929	Pancreas_Body
612	37028	94	0.002538619423139246	Pancreas_Body
613	37027	96	0.0025927026224106735	Pancreas_Body
614	37056	110	0.002968480138169257	Pancreas_Body
615	37041	94	0.0025377284630544532	Pancreas_Body
616	37038	104	0.0028079269938981587	Pancreas_Body
617	37041	95	0.002564725574363543	Pancreas_Body
618	37055	92	0.0024827958440156524	Pancreas_Body
619	37064	87	0.0023472911720267644	Pancreas_Body
62	37022	91	0.0024579979471665496	Pancreas_Body
620	37053	102	0.0027528135373653955	Pancreas_Body
621	37030	87	0.0023494463948150147	Pancreas_Body
622	37055	88	0.0023748481986236676	Pancreas_Body
623	37072	90	0.0024277082434182133	Pancreas_Body
624	37069	91	0.002454881437319593	Pancreas_Body
625	37046	92	0.0024833990174377802	Pancreas_Body
626	37032	103	0.0027813782674443724	Pancreas_Body
627	37050	103	0.002780026990553306	Pancreas_Body
628	37012	85	0.0022965524694693613	Pancreas_Body
629	37009	103	0.0027831068118565755	Pancreas_Body
63	37063	95	0.002563203194560613	Pancreas_Body
630	37042	97	0.002618649101020463	Pancreas_Body
631	37038	109	0.0029429234839894163	Pancreas_Body
632	37056	81	0.002185880829015544	Pancreas_Body
633	37038	97	0.002618931907770398	Pancreas_Body
634	37037	103	0.002781002781002781	Pancreas_Body
635	37068	89	0.002400992770044243	Pancreas_Body
636	37048	86	0.0023213128913841504	Pancreas_Body
637	37055	96	0.002590743489407637	Pancreas_Body
638	37031	91	0.002457400556290675	Pancreas_Body
639	37064	110	0.0029678394129074035	Pancreas_Body
64	37044	102	0.00275348234531908	Pancreas_Body
640	37037	91	0.002457002457002457	Pancreas_Body
641	37073	112	0.003021066544385402	Pancreas_Body
642	37071	82	0.0022119716220226054	Pancreas_Body
643	37043	103	0.002780552331074697	Pancreas_Body
644	37064	107	0.002886898338009929	Pancreas_Body
645	37055	83	0.0022399136418836865	Pancreas_Body
646	37029	113	0.0030516622106997217	Pancreas_Body
647	37056	91	0.0024557426597582037	Pancreas_Body
648	37031	97	0.002619426966595555	Pancreas_Body
649	37028	88	0.00237657988549206	Pancreas_Body
65	37030	93	0.002511477180664326	Pancreas_Body
650	37040	96	0.002591792656587473	Pancreas_Body
651	37036	87	0.0023490657738416674	Pancreas_Body
652	37055	102	0.0027526649574956146	Pancreas_Body
653	37067	79	0.0021312757978795157	Pancreas_Body
654	37043	79	0.002132656642280593	Pancreas_Body
655	37065	95	0.0025630648860110617	Pancreas_Body
656	37077	100	0.0026970898400625726	Pancreas_Body
657	37061	85	0.002293516095086479	Pancreas_Body
658	37058	92	0.002482594851314156	Pancreas_Body
659	37032	106	0.002862389284942752	Pancreas_Body
66	37050	92	0.002483130904183536	Pancreas_Body
660	37033	95	0.002565279615478087	Pancreas_Body
661	37041	100	0.002699711130908993	Pancreas_Body
662	37059	92	0.0024825278609784396	Pancreas_Body
663	37085	85	0.002292031818794661	Pancreas_Body
664	37047	91	0.002456339244743164	Pancreas_Body
665	37048	104	0.0028071690779529258	Pancreas_Body
666	37051	82	0.0022131656365550188	Pancreas_Body
667	37054	104	0.0028067145247476655	Pancreas_Body
668	37047	92	0.0024833319836963857	Pancreas_Body
669	37039	75	0.0020248926806879235	Pancreas_Body
67	37042	86	0.002321688893688246	Pancreas_Body
670	37037	97	0.002619002619002619	Pancreas_Body
671	37028	96	0.0025926326023549746	Pancreas_Body
672	37075	91	0.002454484153742414	Pancreas_Body
673	37052	105	0.0028338551225304976	Pancreas_Body
674	37071	88	0.0023738232041218203	Pancreas_Body
675	37085	91	0.0024538223001213427	Pancreas_Body
676	37041	119	0.0032126562457817013	Pancreas_Body
677	37061	98	0.0026442891449232346	Pancreas_Body
678	37040	105	0.002834773218142549	Pancreas_Body
679	37019	90	0.002431183986601475	Pancreas_Body
68	37033	92	0.002484270785515621	Pancreas_Body
680	37048	95	0.0025642409846685383	Pancreas_Body
681	37068	95	0.002562857451170821	Pancreas_Body
682	37066	61	0.0016457130523930288	Pancreas_Body
683	37006	94	0.002540128627790088	Pancreas_Body
684	37059	85	0.002293639871556167	Pancreas_Body
685	37035	107	0.0028891589037397056	Pancreas_Body
686	37043	92	0.0024836001403773992	Pancreas_Body
687	37072	101	0.002724428139835995	Pancreas_Body
688	37044	112	0.0030234315948601664	Pancreas_Body
689	37056	95	0.002563687392055268	Pancreas_Body
69	37027	94	0.0025386879844437843	Pancreas_Body
690	37069	82	0.002212090965496776	Pancreas_Body
691	37063	88	0.0023743355907508835	Pancreas_Body
692	37058	101	0.002725457391116628	Pancreas_Body
693	37060	110	0.0029681597409606042	Pancreas_Body
694	37067	85	0.002293144845819732	Pancreas_Body
695	37057	121	0.0032652400356208006	Pancreas_Body
696	37069	107	0.002886508942782379	Pancreas_Body
697	37053	92	0.002482929857231533	Pancreas_Body
698	37063	77	0.002077543641907023	Pancreas_Body
699	37055	107	0.0028875995142355958	Pancreas_Body
7	37063	79	0.0021315058144240886	Pancreas_Body
70	37050	77	0.002078272604588394	Pancreas_Body
700	37044	84	0.0022675736961451248	Pancreas_Body
701	37059	85	0.002293639871556167	Pancreas_Body
702	37086	103	0.0027773283718923584	Pancreas_Body
703	37065	98	0.002644003777148253	Pancreas_Body
704	37063	100	0.002698108625853277	Pancreas_Body
705	37058	105	0.0028333962976955043	Pancreas_Body
706	37092	77	0.0020759193357058124	Pancreas_Body
707	37040	91	0.0024568034557235423	Pancreas_Body
708	37089	91	0.0024535576586049773	Pancreas_Body
709	37025	92	0.002484807562457799	Pancreas_Body
71	37042	85	0.002294692511203499	Pancreas_Body
710	37035	100	0.0027001485081679494	Pancreas_Body
711	37054	100	0.0026987639661035247	Pancreas_Body
712	37087	95	0.0025615444765012	Pancreas_Body
713	37058	113	0.003049274110853257	Pancreas_Body
714	37052	111	0.002995789700960812	Pancreas_Body
715	37045	90	0.002429477662302605	Pancreas_Body
716	37038	102	0.0027539283978616556	Pancreas_Body
717	37049	108	0.0029150584361251316	Pancreas_Body
718	37051	73	0.0019702572130306873	Pancreas_Body
719	37059	84	0.002266655873067271	Pancreas_Body
72	37045	101	0.0027264138210284787	Pancreas_Body
720	37067	95	0.002562926592386759	Pancreas_Body
721	37062	91	0.0024553450974043496	Pancreas_Body
722	37035	97	0.0026191440529229107	Pancreas_Body
723	37036	95	0.0025650718220110165	Pancreas_Body
724	37033	82	0.0022142413523074016	Pancreas_Body
725	37042	102	0.0027536310134441983	Pancreas_Body
726	37033	103	0.002781303162044663	Pancreas_Body
727	37038	108	0.0029159241859711645	Pancreas_Body
728	37057	96	0.0025906036646247675	Pancreas_Body
729	37067	86	0.0023201230204764347	Pancreas_Body
73	37043	96	0.0025915827551764165	Pancreas_Body
730	37053	91	0.002455941489218147	Pancreas_Body
731	37062	101	0.002725163239976256	Pancreas_Body
732	37049	92	0.0024831979270695565	Pancreas_Body
733	37065	89	0.002401187103736679	Pancreas_Body
734	37032	94	0.002538345214949233	Pancreas_Body
735	37054	110	0.002968640362713877	Pancreas_Body
736	37041	93	0.0025107313517453633	Pancreas_Body
737	37038	83	0.0022409417355148766	Pancreas_Body
738	37034	99	0.002673219203974726	Pancreas_Body
739	37056	93	0.0025097150259067356	Pancreas_Body
74	37036	88	0.0023760665298628364	Pancreas_Body
740	37051	91	0.0024560740600793503	Pancreas_Body
741	37053	92	0.002482929857231533	Pancreas_Body
742	37050	100	0.002699055330634278	Pancreas_Body
743	37048	90	0.0024292809328438783	Pancreas_Body
744	37000	100	0.002702702702702703	Pancreas_Body
745	37020	94	0.0025391680172879524	Pancreas_Body
746	37080	99	0.002669902912621359	Pancreas_Body
747	37041	86	0.0023217515725817337	Pancreas_Body
748	37045	106	0.0028613848022675126	Pancreas_Body
749	37047	94	0.0025373174616028287	Pancreas_Body
75	37048	98	0.0026452170157633343	Pancreas_Body
750	37058	92	0.002482594851314156	Pancreas_Body
751	37037	96	0.002592002592002592	Pancreas_Body
752	37060	106	0.002860226659471128	Pancreas_Body
753	37061	99	0.0026712716872183697	Pancreas_Body
754	37023	85	0.002295870134781082	Pancreas_Body
755	37064	91	0.0024552126052233975	Pancreas_Body
756	37058	91	0.002455610124669437	Pancreas_Body
757	37085	86	0.0023189968990157744	Pancreas_Body
758	37061	90	0.002428428806562154	Pancreas_Body
759	37019	101	0.0027283286960749884	Pancreas_Body
76	37057	109	0.0029414145775427045	Pancreas_Body
760	37084	105	0.002831409772408586	Pancreas_Body
761	37042	113	0.003050591220776416	Pancreas_Body
762	37066	110	0.0029676792748071007	Pancreas_Body
763	37061	112	0.0030220447370551255	Pancreas_Body
764	37023	109	0.0029441158198957405	Pancreas_Body
765	37048	103	0.002780177067587994	Pancreas_Body
766	37021	94	0.002539099430053213	Pancreas_Body
767	37069	82	0.002212090965496776	Pancreas_Body
768	37063	92	0.0024822599357850147	Pancreas_Body
769	37024	112	0.003025064822817632	Pancreas_Body
77	37032	102	0.0027543745949449123	Pancreas_Body
770	37041	95	0.002564725574363543	Pancreas_Body
771	37046	101	0.002726340225665389	Pancreas_Body
772	37053	94	0.0025369065932583056	Pancreas_Body
773	37070	106	0.002859455084974373	Pancreas_Body
774	37051	91	0.0024560740600793503	Pancreas_Body
775	37048	89	0.0024022889224789463	Pancreas_Body
776	37014	89	0.0024044955962608744	Pancreas_Body
777	37067	116	0.0031294682601775165	Pancreas_Body
778	37044	93	0.0025105280207321024	Pancreas_Body
779	37059	97	0.00261744785342292	Pancreas_Body
78	37074	96	0.0025894157630684577	Pancreas_Body
780	37012	99	0.0026748081703231383	Pancreas_Body
781	37078	90	0.0024273153891795672	Pancreas_Body
782	37076	90	0.002427446326464559	Pancreas_Body
783	37054	89	0.002401899929832137	Pancreas_Body
784	37032	113	0.003051414992438972	Pancreas_Body
785	37028	93	0.002511612833531382	Pancreas_Body
786	37035	97	0.0026191440529229107	Pancreas_Body
787	37003	92	0.002486284895819258	Pancreas_Body
788	37034	90	0.00243019927634066	Pancreas_Body
789	37045	93	0.002510460251046025	Pancreas_Body
79	37049	85	0.0022942589543577425	Pancreas_Body
790	37049	94	0.0025371804907015033	Pancreas_Body
791	37067	94	0.0025359484177300564	Pancreas_Body
792	37052	81	0.002186116808809241	Pancreas_Body
793	37070	81	0.0021850553007823036	Pancreas_Body
794	37030	94	0.0025384823116392113	Pancreas_Body
795	37033	109	0.0029433208219695945	Pancreas_Body
796	37036	89	0.002403067285884005	Pancreas_Body
797	37043	99	0.0026725697162756795	Pancreas_Body
798	37058	100	0.002698472664471909	Pancreas_Body
799	37037	93	0.002511002511002511	Pancreas_Body
8	37043	92	0.0024836001403773992	Pancreas_Body
80	37027	107	0.002889783131228563	Pancreas_Body
800	37038	101	0.0027269290998434043	Pancreas_Body
801	37041	79	0.002132771793418104	Pancreas_Body
802	37066	96	0.0025899746398316517	Pancreas_Body
803	37068	85	0.002293082982626524	Pancreas_Body
804	37053	101	0.0027258251693520093	Pancreas_Body
805	37077	82	0.0022116136688513093	Pancreas_Body
806	37045	109	0.002942367391010933	Pancreas_Body
807	37026	92	0.002484740452654891	Pancreas_Body
808	37071	74	0.001996169512556985	Pancreas_Body
809	37060	107	0.002887209929843497	Pancreas_Body
81	37065	93	0.002509105625252934	Pancreas_Body
810	37031	101	0.002727444573465475	Pancreas_Body
811	37038	99	0.002672930503806901	Pancreas_Body
812	37036	94	0.0025380710659898475	Pancreas_Body
813	37079	92	0.0024811888130747864	Pancreas_Body
814	37038	91	0.0024569361196608887	Pancreas_Body
815	37043	85	0.002294630564479119	Pancreas_Body
816	37056	84	0.0022668393782383418	Pancreas_Body
817	37038	69	0.0018629515632593552	Pancreas_Body
818	37079	114	0.003074516572723105	Pancreas_Body
819	37049	98	0.0026451456179653974	Pancreas_Body
82	37056	75	0.002023963730569948	Pancreas_Body
820	37056	88	0.002374784110535406	Pancreas_Body
821	37058	87	0.0023476712180905608	Pancreas_Body
822	37044	91	0.0024565381708238853	Pancreas_Body
823	37072	82	0.002211911955114372	Pancreas_Body
824	37051	87	0.002348114760735203	Pancreas_Body
825	37039	86	0.0023218769405221524	Pancreas_Body
826	37048	82	0.0022133448499244224	Pancreas_Body
827	37005	98	0.0026482907715173623	Pancreas_Body
828	37040	78	0.0021058315334773216	Pancreas_Body
829	37063	100	0.002698108625853277	Pancreas_Body
83	37042	78	0.0021057178338102695	Pancreas_Body
830	37065	100	0.0026979630379063806	Pancreas_Body
831	37068	99	0.00267076723858854	Pancreas_Body
832	37046	88	0.0023754251471143984	Pancreas_Body
833	37059	107	0.002887287838311881	Pancreas_Body
834	37032	88	0.0023763231799524736	Pancreas_Body
835	37051	79	0.0021321961620469083	Pancreas_Body
836	37026	94	0.002538756549451737	Pancreas_Body
837	37039	100	0.002699856907583898	Pancreas_Body
838	37039	104	0.002807851183887254	Pancreas_Body
839	37050	93	0.0025101214574898786	Pancreas_Body
84	37056	87	0.00234779792746114	Pancreas_Body
840	37044	99	0.002672497570456754	Pancreas_Body
841	37071	89	0.0024007984678050226	Pancreas_Body
842	37049	112	0.0030230235633890252	Pancreas_Body
843	37057	93	0.0025096473001052434	Pancreas_Body
844	37048	85	0.0022943208810192184	Pancreas_Body
845	37016	95	0.0025664577480008647	Pancreas_Body
846	37046	94	0.0025373859525994707	Pancreas_Body
847	37037	87	0.002349002349002349	Pancreas_Body
848	37019	96	0.002593262919041573	Pancreas_Body
849	37050	99	0.002672064777327935	Pancreas_Body
85	37056	96	0.0025906735751295338	Pancreas_Body
850	37061	104	0.002806184398694045	Pancreas_Body
851	37071	116	0.0031291305872514904	Pancreas_Body
852	37069	92	0.0024818581564110174	Pancreas_Body
853	37092	103	0.0027768791113986844	Pancreas_Body
854	37049	92	0.0024831979270695565	Pancreas_Body
855	37026	93	0.0025117485010533137	Pancreas_Body
856	37045	103	0.0027804022135240925	Pancreas_Body
857	37090	79	0.002129954165543273	Pancreas_Body
858	37061	86	0.002320498637381614	Pancreas_Body
859	37051	91	0.0024560740600793503	Pancreas_Body
86	37044	89	0.0024025483209156677	Pancreas_Body
860	37053	93	0.0025099182252449194	Pancreas_Body
861	37017	88	0.0023772861117864765	Pancreas_Body
862	37039	94	0.002537865493128864	Pancreas_Body
863	37074	96	0.0025894157630684577	Pancreas_Body
864	37053	101	0.0027258251693520093	Pancreas_Body
865	37058	92	0.002482594851314156	Pancreas_Body
866	37072	90	0.0024277082434182133	Pancreas_Body
867	37057	97	0.0026175891194646084	Pancreas_Body
868	37071	88	0.0023738232041218203	Pancreas_Body
869	37041	99	0.002672714019599903	Pancreas_Body
87	37011	92	0.0024857474804787765	Pancreas_Body
870	37068	89	0.002400992770044243	Pancreas_Body
871	37039	116	0.003131834012797322	Pancreas_Body
872	37032	92	0.0024843378699503133	Pancreas_Body
873	37037	106	0.002862002862002862	Pancreas_Body
874	37063	92	0.0024822599357850147	Pancreas_Body
875	37055	92	0.0024827958440156524	Pancreas_Body
876	37045	93	0.002510460251046025	Pancreas_Body
877	37051	87	0.002348114760735203	Pancreas_Body
878	37040	87	0.0023488120950323974	Pancreas_Body
879	37081	89	0.0024001510207383833	Pancreas_Body
88	37049	95	0.0025641717725174767	Pancreas_Body
880	37070	97	0.0026166711626652277	Pancreas_Body
881	37075	96	0.0025893459204315576	Pancreas_Body
882	37087	91	0.002453689972227465	Pancreas_Body
883	37056	88	0.002374784110535406	Pancreas_Body
884	37084	100	0.0026965807356272246	Pancreas_Body
885	37041	103	0.0027807024648362627	Pancreas_Body
886	37048	110	0.0029691211401425177	Pancreas_Body
887	37030	105	0.002835538752362949	Pancreas_Body
888	37037	92	0.002484002484002484	Pancreas_Body
889	37038	91	0.0024569361196608887	Pancreas_Body
89	37060	87	0.0023475445223961142	Pancreas_Body
890	37088	77	0.0020761432269197585	Pancreas_Body
891	37054	105	0.0028337021644087006	Pancreas_Body
892	37071	102	0.002751476895686655	Pancreas_Body
893	37059	99	0.0026714158504007124	Pancreas_Body
894	37062	102	0.002752145054233447	Pancreas_Body
895	37043	85	0.002294630564479119	Pancreas_Body
896	37035	91	0.002457135142432834	Pancreas_Body
897	37023	101	0.002728033924857521	Pancreas_Body
898	37012	96	0.002593753377283043	Pancreas_Body
899	37063	82	0.002212449073199687	Pancreas_Body
9	37051	90	0.0024290842352433133	Pancreas_Body
90	37066	99	0.002670911347326391	Pancreas_Body
900	37055	98	0.00264471731210363	Pancreas_Body
901	37050	123	0.0033198380566801617	Pancreas_Body
902	37040	81	0.00218682505399568	Pancreas_Body
903	37078	83	0.0022385241922433788	Pancreas_Body
904	37063	89	0.0024013166770094165	Pancreas_Body
905	37046	81	0.00218647087404848	Pancreas_Body
906	37053	86	0.0023209996491512157	Pancreas_Body
907	37048	79	0.0021323688188296264	Pancreas_Body
908	37028	100	0.002700658960786432	Pancreas_Body
909	37056	120	0.003238341968911917	Pancreas_Body
91	37062	102	0.002752145054233447	Pancreas_Body
910	37040	98	0.0026457883369330453	Pancreas_Body
911	37058	87	0.0023476712180905608	Pancreas_Body
912	37073	89	0.002400668950449114	Pancreas_Body
913	37060	94	0.0025364274150026984	Pancreas_Body
914	37008	103	0.0027831820146995245	Pancreas_Body
915	37077	85	0.0022925263640531865	Pancreas_Body
916	37057	104	0.0028064873033434978	Pancreas_Body
917	37043	95	0.0025645871014766623	Pancreas_Body
918	37088	105	0.002831104400345125	Pancreas_Body
919	37063	87	0.002347354504492351	Pancreas_Body
92	37076	100	0.0026971625849606215	Pancreas_Body
920	37072	99	0.0026704790677600345	Pancreas_Body
921	37076	101	0.002724134210810228	Pancreas_Body
922	37054	87	0.0023479246505100663	Pancreas_Body
923	37031	110	0.0029704841889227943	Pancreas_Body
924	37064	86	0.0023203108137276065	Pancreas_Body
925	37058	91	0.002455610124669437	Pancreas_Body
926	37035	98	0.0026461455380045905	Pancreas_Body
927	37040	80	0.0021598272138228943	Pancreas_Body
928	37042	102	0.0027536310134441983	Pancreas_Body
929	37046	98	0.0026453598229228526	Pancreas_Body
93	37065	97	0.002617024146769189	Pancreas_Body
930	37078	102	0.0027509574410701765	Pancreas_Body
931	37066	93	0.0025090379323369125	Pancreas_Body
932	37036	105	0.002835079382222702	Pancreas_Body
933	37034	82	0.0022141815628881566	Pancreas_Body
934	37073	102	0.0027513284600652766	Pancreas_Body
935	37066	104	0.0028058058598176227	Pancreas_Body
936	37055	84	0.0022669005532316828	Pancreas_Body
937	37020	97	0.0026202052944354405	Pancreas_Body
938	37046	98	0.0026453598229228526	Pancreas_Body
939	37030	104	0.0028085336213880636	Pancreas_Body
94	37020	108	0.002917341977309562	Pancreas_Body
940	37065	110	0.0029677593416970187	Pancreas_Body
941	37075	85	0.0022926500337154417	Pancreas_Body
942	37046	76	0.0020515035361442532	Pancreas_Body
943	37059	88	0.0023745918670228555	Pancreas_Body
944	37051	80	0.0021591859868829453	Pancreas_Body
945	37092	102	0.0027499191200258816	Pancreas_Body
946	37062	84	0.002266472397604015	Pancreas_Body
947	37061	94	0.0025363589757426944	Pancreas_Body
948	37049	82	0.0022132851089098223	Pancreas_Body
949	37077	119	0.0032095369096744614	Pancreas_Body
95	37062	102	0.002752145054233447	Pancreas_Body
950	37040	91	0.0024568034557235423	Pancreas_Body
951	37081	94	0.002534990965723686	Pancreas_Body
952	37020	79	0.0021339816315505133	Pancreas_Body
953	37055	87	0.0023478612872756713	Pancreas_Body
954	37047	90	0.0024293465057899427	Pancreas_Body
955	37072	87	0.002346784635304273	Pancreas_Body
956	37061	96	0.0025903240603329645	Pancreas_Body
957	37015	104	0.002809671754694043	Pancreas_Body
958	37046	105	0.002834314095988771	Pancreas_Body
959	37010	87	0.0023507160226965687	Pancreas_Body
96	37049	101	0.0027261194634133176	Pancreas_Body
960	37036	85	0.0022950642617993303	Pancreas_Body
961	37053	102	0.0027528135373653955	Pancreas_Body
962	37017	115	0.0031066807142664183	Pancreas_Body
963	37013	100	0.0027017534379812497	Pancreas_Body
964	37008	101	0.0027291396454820578	Pancreas_Body
965	37055	95	0.002563756578059641	Pancreas_Body
966	37054	96	0.0025908134074593835	Pancreas_Body
967	37058	96	0.0025905337578930325	Pancreas_Body
968	37070	96	0.002589695171297545	Pancreas_Body
969	37028	75	0.002025494220589824	Pancreas_Body
97	37073	97	0.002616459417905214	Pancreas_Body
970	37073	81	0.002184878482993014	Pancreas_Body
971	37064	91	0.0024552126052233975	Pancreas_Body
972	37030	124	0.0033486362408857683	Pancreas_Body
973	37045	95	0.0025644486435416384	Pancreas_Body
974	37020	93	0.002512155591572123	Pancreas_Body
975	37036	92	0.0024840695539475105	Pancreas_Body
976	37044	93	0.0025105280207321024	Pancreas_Body
977	37077	111	0.0029937697224694556	Pancreas_Body
978	37059	76	0.0020507838851561025	Pancreas_Body
979	37051	93	0.002510053709751424	Pancreas_Body
98	37036	105	0.002835079382222702	Pancreas_Body
980	37037	88	0.002376002376002376	Pancreas_Body
981	37064	95	0.00256313403842003	Pancreas_Body
982	37050	80	0.0021592442645074223	Pancreas_Body
983	37107	85	0.0022906729188562807	Pancreas_Body
984	37047	90	0.0024293465057899427	Pancreas_Body
985	37049	102	0.002753110745229291	Pancreas_Body
986	37022	101	0.0027281076116903464	Pancreas_Body
987	37036	105	0.002835079382222702	Pancreas_Body
988	37041	90	0.0024297400178180935	Pancreas_Body
989	37056	106	0.0028605354058721935	Pancreas_Body
99	37056	93	0.0025097150259067356	Pancreas_Body
990	37065	80	0.0021583704303251047	Pancreas_Body
991	37063	100	0.002698108625853277	Pancreas_Body
992	37070	114	0.003075263015915835	Pancreas_Body
993	37041	87	0.0023487486838908236	Pancreas_Body
994	37038	96	0.0025919326097521463	Pancreas_Body
995	37034	86	0.0023221904196144083	Pancreas_Body
996	37058	92	0.002482594851314156	Pancreas_Body
997	37073	92	0.0024815903757451517	Pancreas_Body
998	37040	105	0.002834773218142549	Pancreas_Body
999	37067	94	0.0025359484177300564	Pancreas_Body
1	7097	15	0.0021135691137100184	Skin
10	7093	8	0.0011278725504018047	Skin
100	7099	16	0.002253838568812509	Skin
1000	7085	13	0.001834862385321101	Skin
101	7108	16	0.0022509848058525606	Skin
102	7103	15	0.0021117837533436577	Skin
103	7099	17	0.0023947034793632906	Skin
104	7104	16	0.0022522522522522522	Skin
105	7106	14	0.0019701660568533634	Skin
106	7093	13	0.0018327928944029325	Skin
107	7099	21	0.0029581631215664177	Skin
108	7093	15	0.0021147610320033836	Skin
109	7091	18	0.0025384289945000705	Skin
11	7102	14	0.0019712756969867645	Skin
110	7096	10	0.0014092446448703494	Skin
111	7094	15	0.00211446292641669	Skin
112	7099	19	0.002676433300464854	Skin
113	7097	16	0.0022544737212906864	Skin
114	7101	14	0.0019715533023517817	Skin
115	7108	14	0.0019696117051209903	Skin
116	7112	15	0.002109111361079865	Skin
117	7091	15	0.0021153574954167254	Skin
118	7098	12	0.0016906170752324597	Skin
119	7090	13	0.0018335684062059238	Skin
12	7092	10	0.0014100394811054709	Skin
120	7094	12	0.0016915703411333521	Skin
121	7101	10	0.001408252358822701	Skin
122	7089	10	0.001410636196924813	Skin
123	7101	16	0.0022532037741163215	Skin
124	7095	12	0.0016913319238900633	Skin
125	7099	11	0.0015495140160585999	Skin
126	7084	15	0.0021174477696216825	Skin
127	7097	14	0.0019726645061293505	Skin
128	7113	12	0.001687051876845213	Skin
129	7081	8	0.0011297839288236125	Skin
13	7104	12	0.0016891891891891893	Skin
130	7089	9	0.0012695725772323319	Skin
131	7075	9	0.0012720848056537103	Skin
132	7110	20	0.0028129395218002813	Skin
133	7088	15	0.002116252821670429	Skin
134	7095	16	0.002255109231853418	Skin
135	7104	18	0.002533783783783784	Skin
136	7109	16	0.0022506681671121114	Skin
137	7104	13	0.001829954954954955	Skin
138	7107	15	0.002110595187842972	Skin
139	7097	23	0.0032408059743553614	Skin
14	7107	12	0.0016884761502743773	Skin
140	7089	14	0.0019748906756947384	Skin
141	7100	12	0.0016901408450704226	Skin
142	7096	20	0.002818489289740699	Skin
143	7101	12	0.0016899028305872412	Skin
144	7086	16	0.0022579734688117415	Skin
145	7100	13	0.0018309859154929577	Skin
146	7091	14	0.0019743336623889436	Skin
147	7110	13	0.0018284106891701829	Skin
148	7099	14	0.001972108747710945	Skin
149	7101	14	0.0019715533023517817	Skin
15	7094	17	0.0023963913166055823	Skin
150	7097	11	0.0015499506833873467	Skin
151	7091	15	0.0021153574954167254	Skin
152	7098	13	0.0018315018315018315	Skin
153	7078	18	0.002543091268719977	Skin
154	7092	14	0.0019740552735476595	Skin
155	7092	10	0.0014100394811054709	Skin
156	7099	12	0.0016903789266093816	Skin
157	7108	15	0.0021102982554867754	Skin
158	7093	14	0.001973776963203158	Skin
159	7104	12	0.0016891891891891893	Skin
16	7090	18	0.002538787023977433	Skin
160	7092	21	0.002961082910321489	Skin
161	7099	14	0.001972108747710945	Skin
162	7101	14	0.0019715533023517817	Skin
163	7101	18	0.0025348542458808617	Skin
164	7094	18	0.002537355511700028	Skin
165	7104	19	0.0026745495495495496	Skin
166	7094	15	0.00211446292641669	Skin
167	7093	15	0.0021147610320033836	Skin
168	7101	13	0.0018307280664695113	Skin
169	7077	11	0.0015543309311855306	Skin
17	7110	14	0.001969057665260197	Skin
170	7105	15	0.00211118930330753	Skin
171	7106	18	0.0025330706445257528	Skin
172	7109	15	0.0021100014066676043	Skin
173	7100	12	0.0016901408450704226	Skin
174	7089	7	9.874453378473692e-4	Skin
175	7107	10	0.0014070634585619812	Skin
176	7096	17	0.002395715896279594	Skin
177	7096	8	0.0011273957158962795	Skin
178	7080	20	0.002824858757062147	Skin
179	7081	11	0.0015534529021324671	Skin
18	7095	13	0.001832276250880902	Skin
180	7098	8	0.0011270780501549732	Skin
181	7119	8	0.0011237533361427166	Skin
182	7106	14	0.0019701660568533634	Skin
183	7093	8	0.0011278725504018047	Skin
184	7099	11	0.0015495140160585999	Skin
185	7099	12	0.0016903789266093816	Skin
186	7101	16	0.0022532037741163215	Skin
187	7109	12	0.0016880011253340836	Skin
188	7099	14	0.001972108747710945	Skin
189	7105	12	0.001688951442646024	Skin
19	7102	10	0.0014080540692762602	Skin
190	7090	18	0.002538787023977433	Skin
191	7101	19	0.002675679481763132	Skin
192	7099	22	0.0030990280321171997	Skin
193	7091	12	0.0016922859963333804	Skin
194	7084	11	0.0015527950310559005	Skin
195	7093	14	0.001973776963203158	Skin
196	7104	8	0.0011261261261261261	Skin
197	7086	12	0.001693480101608806	Skin
198	7101	17	0.0023940290099985916	Skin
199	7112	9	0.001265466816647919	Skin
2	7091	11	0.0015512621633055987	Skin
20	7097	13	0.0018317598985486826	Skin
200	7093	20	0.0028196813760045115	Skin
201	7081	13	0.0018358988843383702	Skin
202	7117	20	0.002810172825628776	Skin
203	7094	12	0.0016915703411333521	Skin
204	7092	12	0.001692047377326565	Skin
205	7104	15	0.0021114864864864866	Skin
206	7102	12	0.0016896648831315122	Skin
207	7100	11	0.0015492957746478873	Skin
208	7102	12	0.0016896648831315122	Skin
209	7099	13	0.0018312438371601634	Skin
21	7102	15	0.00211208110391439	Skin
210	7100	10	0.0014084507042253522	Skin
211	7107	9	0.001266357112705783	Skin
212	7092	11	0.001551043429216018	Skin
213	7104	16	0.0022522522522522522	Skin
214	7091	9	0.0012692144972500353	Skin
215	7103	19	0.002674926087568633	Skin
216	7118	15	0.0021073335206518687	Skin
217	7095	12	0.0016913319238900633	Skin
218	7104	12	0.0016891891891891893	Skin
219	7090	15	0.0021156558533145277	Skin
22	7100	13	0.0018309859154929577	Skin
220	7091	19	0.0026794528275278524	Skin
221	7086	13	0.00183460344340954	Skin
222	7103	11	0.0015486414191186822	Skin
223	7113	8	0.001124701251230142	Skin
224	7109	8	0.0011253340835560557	Skin
225	7096	9	0.0012683201803833145	Skin
226	7105	14	0.0019704433497536944	Skin
227	7106	14	0.0019701660568533634	Skin
228	7106	22	0.0030959752321981426	Skin
229	7091	12	0.0016922859963333804	Skin
23	7087	13	0.0018343445745731622	Skin
230	7097	9	0.0012681414682260109	Skin
231	7090	15	0.0021156558533145277	Skin
232	7099	13	0.0018312438371601634	Skin
233	7103	16	0.0022525693368999015	Skin
234	7087	10	0.0014110342881332016	Skin
235	7103	12	0.0016894270026749261	Skin
236	7097	13	0.0018317598985486826	Skin
237	7099	14	0.001972108747710945	Skin
238	7094	16	0.002255427121511136	Skin
239	7087	14	0.0019754480033864824	Skin
24	7096	14	0.001972942502818489	Skin
240	7108	13	0.0018289251547552053	Skin
241	7104	10	0.0014076576576576576	Skin
242	7104	22	0.003096846846846847	Skin
243	7090	10	0.0014104372355430183	Skin
244	7094	17	0.0023963913166055823	Skin
245	7088	3	4.2325056433408577e-4	Skin
246	7096	8	0.0011273957158962795	Skin
247	7087	15	0.0021165514321998024	Skin
248	7090	13	0.0018335684062059238	Skin
249	7099	10	0.001408649105507818	Skin
25	7106	11	0.0015479876160990713	Skin
250	7100	15	0.002112676056338028	Skin
251	7100	14	0.001971830985915493	Skin
252	7103	18	0.002534140504012389	Skin
253	7071	17	0.0024041861122896338	Skin
254	7090	11	0.0015514809590973203	Skin
255	7101	5	7.041261794113505e-4	Skin
256	7093	16	0.0022557451008036094	Skin
257	7090	13	0.0018335684062059238	Skin
258	7093	15	0.0021147610320033836	Skin
259	7089	16	0.002257017915079701	Skin
26	7087	14	0.0019754480033864824	Skin
260	7097	15	0.0021135691137100184	Skin
261	7097	16	0.0022544737212906864	Skin
262	7093	9	0.0012688566192020302	Skin
263	7083	14	0.001976563602993082	Skin
264	7093	20	0.0028196813760045115	Skin
265	7082	16	0.0022592487997740753	Skin
266	7096	15	0.002113866967305524	Skin
267	7094	15	0.00211446292641669	Skin
268	7107	14	0.0019698888419867736	Skin
269	7089	13	0.001833827056002257	Skin
27	7103	15	0.0021117837533436577	Skin
270	7093	12	0.0016918088256027068	Skin
271	7097	13	0.0018317598985486826	Skin
272	7099	18	0.0025355683899140726	Skin
273	7092	15	0.0021150592216582064	Skin
274	7102	13	0.0018304702900591382	Skin
275	7097	14	0.0019726645061293505	Skin
276	7100	8	0.0011267605633802818	Skin
277	7095	19	0.002677942212825934	Skin
278	7101	17	0.0023940290099985916	Skin
279	7089	13	0.001833827056002257	Skin
28	7094	13	0.001832534536227798	Skin
280	7103	14	0.0019709981697874136	Skin
281	7107	9	0.001266357112705783	Skin
282	7093	12	0.0016918088256027068	Skin
283	7102	22	0.0030977189524077726	Skin
284	7097	15	0.0021135691137100184	Skin
285	7107	16	0.0022513015336991698	Skin
286	7095	18	0.002536997885835095	Skin
287	7095	9	0.0012684989429175475	Skin
288	7089	12	0.0016927634363097758	Skin
289	7089	17	0.002398081534772182	Skin
29	7100	4	5.633802816901409e-4	Skin
290	7095	12	0.0016913319238900633	Skin
291	7077	18	0.002543450614667232	Skin
292	7098	12	0.0016906170752324597	Skin
293	7100	9	0.0012676056338028169	Skin
294	7093	17	0.0023967291696038347	Skin
295	7114	8	0.001124543154343548	Skin
296	7089	8	0.0011285089575398504	Skin
297	7079	17	0.002401469134058483	Skin
298	7094	20	0.00281928390188892	Skin
299	7091	17	0.0023974051614722887	Skin
3	7087	15	0.0021165514321998024	Skin
30	7097	15	0.0021135691137100184	Skin
300	7091	12	0.0016922859963333804	Skin
301	7094	16	0.002255427121511136	Skin
302	7094	18	0.002537355511700028	Skin
303	7084	18	0.002540937323546019	Skin
304	7097	15	0.0021135691137100184	Skin
305	7096	13	0.0018320180383314543	Skin
306	7098	14	0.0019723865877712033	Skin
307	7093	13	0.0018327928944029325	Skin
308	7089	11	0.0015516998166172943	Skin
309	7082	13	0.0018356396498164361	Skin
31	7085	11	0.00155257586450247	Skin
310	7088	13	0.0018340857787810384	Skin
311	7085	16	0.0022582921665490474	Skin
312	7102	19	0.0026753027316248944	Skin
313	7108	18	0.0025323579065841305	Skin
314	7103	12	0.0016894270026749261	Skin
315	7096	12	0.0016910935738444193	Skin
316	7108	8	0.0011254924029262803	Skin
317	7114	13	0.0018273826258082655	Skin
318	7106	16	0.002251618350689558	Skin
319	7099	8	0.0011269192844062545	Skin
32	7096	18	0.002536640360766629	Skin
320	7096	13	0.0018320180383314543	Skin
321	7100	16	0.0022535211267605635	Skin
322	7100	12	0.0016901408450704226	Skin
323	7109	14	0.0019693346462230973	Skin
324	7109	12	0.0016880011253340836	Skin
325	7079	16	0.0022602062438197485	Skin
326	7100	19	0.002676056338028169	Skin
327	7102	14	0.0019712756969867645	Skin
328	7080	14	0.0019774011299435027	Skin
329	7092	11	0.001551043429216018	Skin
33	7100	18	0.0025352112676056337	Skin
330	7094	14	0.0019734987313222443	Skin
331	7101	18	0.0025348542458808617	Skin
332	7102	12	0.0016896648831315122	Skin
333	7102	9	0.0012672486623486342	Skin
334	7100	12	0.0016901408450704226	Skin
335	7086	12	0.001693480101608806	Skin
336	7108	17	0.0023916713562183453	Skin
337	7099	11	0.0015495140160585999	Skin
338	7098	9	0.001267962806424345	Skin
339	7090	12	0.001692524682651622	Skin
34	7103	11	0.0015486414191186822	Skin
340	7094	16	0.002255427121511136	Skin
341	7086	18	0.002540220152413209	Skin
342	7103	18	0.002534140504012389	Skin
343	7092	15	0.0021150592216582064	Skin
344	7098	10	0.0014088475626937165	Skin
345	7103	19	0.002674926087568633	Skin
346	7092	15	0.0021150592216582064	Skin
347	7109	12	0.0016880011253340836	Skin
348	7101	10	0.001408252358822701	Skin
349	7108	14	0.0019696117051209903	Skin
35	7095	10	0.0014094432699083862	Skin
350	7090	18	0.002538787023977433	Skin
351	7102	11	0.0015488594762038863	Skin
352	7101	11	0.001549077594704971	Skin
353	7085	15	0.002117148906139732	Skin
354	7093	13	0.0018327928944029325	Skin
355	7078	15	0.0021192427239333147	Skin
356	7100	9	0.0012676056338028169	Skin
357	7103	17	0.002393354920456145	Skin
358	7106	11	0.0015479876160990713	Skin
359	7095	11	0.0015503875968992248	Skin
36	7087	10	0.0014110342881332016	Skin
360	7095	13	0.001832276250880902	Skin
361	7102	13	0.0018304702900591382	Skin
362	7104	15	0.0021114864864864866	Skin
363	7088	17	0.0023984198645598193	Skin
364	7098	14	0.0019723865877712033	Skin
365	7074	19	0.0026858919988690983	Skin
366	7113	10	0.0014058765640376776	Skin
367	7098	17	0.002395040856579318	Skin
368	7104	15	0.0021114864864864866	Skin
369	7096	16	0.002254791431792559	Skin
37	7092	14	0.0019740552735476595	Skin
370	7097	18	0.0025362829364520218	Skin
371	7113	10	0.0014058765640376776	Skin
372	7102	10	0.0014080540692762602	Skin
373	7096	16	0.002254791431792559	Skin
374	7100	10	0.0014084507042253522	Skin
375	7105	10	0.0014074595355383533	Skin
376	7092	10	0.0014100394811054709	Skin
377	7093	17	0.0023967291696038347	Skin
378	7114	11	0.0015462468372223785	Skin
379	7104	13	0.001829954954954955	Skin
38	7108	17	0.0023916713562183453	Skin
380	7106	11	0.0015479876160990713	Skin
381	7098	13	0.0018315018315018315	Skin
382	7096	14	0.001972942502818489	Skin
383	7105	19	0.0026741731175228714	Skin
384	7112	11	0.001546681664791901	Skin
385	7106	13	0.001829439909935266	Skin
386	7079	15	0.002118943353581014	Skin
387	7088	15	0.002116252821670429	Skin
388	7098	12	0.0016906170752324597	Skin
389	7099	12	0.0016903789266093816	Skin
39	7099	17	0.0023947034793632906	Skin
390	7084	17	0.0023997741389045735	Skin
391	7085	13	0.001834862385321101	Skin
392	7093	7	9.86888481601579e-4	Skin
393	7103	18	0.002534140504012389	Skin
394	7103	9	0.0012670702520061945	Skin
395	7095	10	0.0014094432699083862	Skin
396	7095	12	0.0016913319238900633	Skin
397	7097	12	0.0016908552909680147	Skin
398	7096	12	0.0016910935738444193	Skin
399	7102	23	0.0032385243593353987	Skin
4	7104	15	0.0021114864864864866	Skin
40	7093	14	0.001973776963203158	Skin
400	7091	13	0.001833309829361162	Skin
401	7089	16	0.002257017915079701	Skin
402	7094	7	9.867493656611221e-4	Skin
403	7083	7	9.88281801496541e-4	Skin
404	7091	15	0.0021153574954167254	Skin
405	7084	8	0.001129305477131564	Skin
406	7101	12	0.0016899028305872412	Skin
407	7090	14	0.0019746121297602257	Skin
408	7110	12	0.0016877637130801688	Skin
409	7091	11	0.0015512621633055987	Skin
41	7101	17	0.0023940290099985916	Skin
410	7096	11	0.0015501691093573844	Skin
411	7101	18	0.0025348542458808617	Skin
412	7112	16	0.0022497187851518562	Skin
413	7089	16	0.002257017915079701	Skin
414	7105	17	0.0023926812104152007	Skin
415	7095	12	0.0016913319238900633	Skin
416	7097	8	0.0011272368606453432	Skin
417	7092	18	0.0025380710659898475	Skin
418	7091	15	0.0021153574954167254	Skin
419	7081	11	0.0015534529021324671	Skin
42	7094	8	0.001127713560755568	Skin
420	7077	16	0.002260844990815317	Skin
421	7096	13	0.0018320180383314543	Skin
422	7100	14	0.001971830985915493	Skin
423	7095	12	0.0016913319238900633	Skin
424	7100	9	0.0012676056338028169	Skin
425	7102	10	0.0014080540692762602	Skin
426	7107	6	8.442380751371887e-4	Skin
427	7080	10	0.0014124293785310734	Skin
428	7100	11	0.0015492957746478873	Skin
429	7100	6	8.450704225352113e-4	Skin
43	7100	13	0.0018309859154929577	Skin
430	7104	14	0.0019707207207207205	Skin
431	7104	13	0.001829954954954955	Skin
432	7102	14	0.0019712756969867645	Skin
433	7099	15	0.002112973658261727	Skin
434	7093	12	0.0016918088256027068	Skin
435	7085	19	0.002681721947776994	Skin
436	7107	8	0.0011256507668495849	Skin
437	7096	9	0.0012683201803833145	Skin
438	7092	20	0.0028200789622109417	Skin
439	7112	14	0.001968503937007874	Skin
44	7091	15	0.0021153574954167254	Skin
440	7114	11	0.0015462468372223785	Skin
441	7093	11	0.0015508247568024813	Skin
442	7091	13	0.001833309829361162	Skin
443	7101	14	0.0019715533023517817	Skin
444	7096	18	0.002536640360766629	Skin
445	7091	14	0.0019743336623889436	Skin
446	7104	8	0.0011261261261261261	Skin
447	7102	9	0.0012672486623486342	Skin
448	7094	12	0.0016915703411333521	Skin
449	7096	12	0.0016910935738444193	Skin
45	7103	19	0.002674926087568633	Skin
450	7112	20	0.00281214848143982	Skin
451	7092	12	0.001692047377326565	Skin
452	7097	13	0.0018317598985486826	Skin
453	7093	17	0.0023967291696038347	Skin
454	7096	14	0.001972942502818489	Skin
455	7111	8	0.0011250175783996624	Skin
456	7083	7	9.88281801496541e-4	Skin
457	7098	13	0.0018315018315018315	Skin
458	7110	13	0.0018284106891701829	Skin
459	7093	18	0.0025377132384040604	Skin
46	7110	20	0.0028129395218002813	Skin
460	7087	10	0.0014110342881332016	Skin
461	7093	14	0.001973776963203158	Skin
462	7113	10	0.0014058765640376776	Skin
463	7094	9	0.001268677755850014	Skin
464	7102	13	0.0018304702900591382	Skin
465	7093	10	0.0014098406880022557	Skin
466	7092	6	8.460236886632825e-4	Skin
467	7104	14	0.0019707207207207205	Skin
468	7112	16	0.0022497187851518562	Skin
469	7100	14	0.001971830985915493	Skin
47	7104	13	0.001829954954954955	Skin
470	7097	19	0.0026771875440326897	Skin
471	7106	15	0.0021108922037714607	Skin
472	7098	13	0.0018315018315018315	Skin
473	7089	19	0.002680208774157145	Skin
474	7094	12	0.0016915703411333521	Skin
475	7101	15	0.0021123785382340513	Skin
476	7094	8	0.001127713560755568	Skin
477	7102	10	0.0014080540692762602	Skin
478	7094	18	0.002537355511700028	Skin
479	7091	15	0.0021153574954167254	Skin
48	7101	15	0.0021123785382340513	Skin
480	7100	14	0.001971830985915493	Skin
481	7098	11	0.0015497323189630882	Skin
482	7106	12	0.0016887137630171687	Skin
483	7108	12	0.0016882386043894203	Skin
484	7087	17	0.0023987582898264428	Skin
485	7099	11	0.0015495140160585999	Skin
486	7086	8	0.0011289867344058708	Skin
487	7089	12	0.0016927634363097758	Skin
488	7097	18	0.0025362829364520218	Skin
489	7080	18	0.002542372881355932	Skin
49	7081	17	0.0024007908487501763	Skin
490	7087	9	0.0012699308593198814	Skin
491	7092	15	0.0021150592216582064	Skin
492	7100	15	0.002112676056338028	Skin
493	7106	19	0.00267379679144385	Skin
494	7096	8	0.0011273957158962795	Skin
495	7098	19	0.0026768103691180616	Skin
496	7100	13	0.0018309859154929577	Skin
497	7098	13	0.0018315018315018315	Skin
498	7096	13	0.0018320180383314543	Skin
499	7100	21	0.0029577464788732395	Skin
5	7103	12	0.0016894270026749261	Skin
50	7089	18	0.0025391451544646637	Skin
500	7099	16	0.002253838568812509	Skin
501	7081	14	0.001977121875441322	Skin
502	7100	15	0.002112676056338028	Skin
503	7098	14	0.0019723865877712033	Skin
504	7093	12	0.0016918088256027068	Skin
505	7098	23	0.003240349394195548	Skin
506	7088	15	0.002116252821670429	Skin
507	7102	19	0.0026753027316248944	Skin
508	7088	12	0.001693002257336343	Skin
509	7101	8	0.0011266018870581607	Skin
51	7109	20	0.0028133352088901393	Skin
510	7087	15	0.0021165514321998024	Skin
511	7091	13	0.001833309829361162	Skin
512	7097	15	0.0021135691137100184	Skin
513	7078	14	0.0019779598756710934	Skin
514	7091	17	0.0023974051614722887	Skin
515	7100	12	0.0016901408450704226	Skin
516	7083	13	0.0018353804884935763	Skin
517	7102	13	0.0018304702900591382	Skin
518	7091	15	0.0021153574954167254	Skin
519	7100	18	0.0025352112676056337	Skin
52	7105	14	0.0019704433497536944	Skin
520	7098	8	0.0011270780501549732	Skin
521	7092	15	0.0021150592216582064	Skin
522	7098	14	0.0019723865877712033	Skin
523	7092	10	0.0014100394811054709	Skin
524	7091	12	0.0016922859963333804	Skin
525	7093	11	0.0015508247568024813	Skin
526	7098	12	0.0016906170752324597	Skin
527	7094	18	0.002537355511700028	Skin
528	7106	10	0.0014072614691809737	Skin
529	7068	10	0.0014148273910582908	Skin
53	7098	16	0.0022541561003099463	Skin
530	7094	11	0.0015506061460389062	Skin
531	7090	12	0.001692524682651622	Skin
532	7086	10	0.0014112334180073384	Skin
533	7088	17	0.0023984198645598193	Skin
534	7089	14	0.0019748906756947384	Skin
535	7090	10	0.0014104372355430183	Skin
536	7087	19	0.002680965147453083	Skin
537	7096	8	0.0011273957158962795	Skin
538	7081	16	0.002259567857647225	Skin
539	7093	10	0.0014098406880022557	Skin
54	7108	9	0.0012661789532920653	Skin
540	7098	16	0.0022541561003099463	Skin
541	7100	12	0.0016901408450704226	Skin
542	7094	14	0.0019734987313222443	Skin
543	7096	14	0.001972942502818489	Skin
544	7092	17	0.0023970671178793006	Skin
545	7104	11	0.0015484234234234234	Skin
546	7099	10	0.001408649105507818	Skin
547	7101	11	0.001549077594704971	Skin
548	7097	13	0.0018317598985486826	Skin
549	7085	14	0.0019760056457304165	Skin
55	7099	12	0.0016903789266093816	Skin
550	7087	14	0.0019754480033864824	Skin
551	7094	13	0.001832534536227798	Skin
552	7094	14	0.0019734987313222443	Skin
553	7109	13	0.0018286678857785904	Skin
554	7085	18	0.0025405786873676783	Skin
555	7106	15	0.0021108922037714607	Skin
556	7106	16	0.002251618350689558	Skin
557	7109	9	0.0012660008440005626	Skin
558	7104	14	0.0019707207207207205	Skin
559	7097	13	0.0018317598985486826	Skin
56	7108	17	0.0023916713562183453	Skin
560	7102	10	0.0014080540692762602	Skin
561	7105	14	0.0019704433497536944	Skin
562	7110	13	0.0018284106891701829	Skin
563	7096	11	0.0015501691093573844	Skin
564	7096	11	0.0015501691093573844	Skin
565	7095	13	0.001832276250880902	Skin
566	7088	14	0.0019751693002257337	Skin
567	7097	20	0.0028180921516133576	Skin
568	7113	14	0.0019682271896527483	Skin
569	7095	12	0.0016913319238900633	Skin
57	7095	16	0.002255109231853418	Skin
570	7098	14	0.0019723865877712033	Skin
571	7096	9	0.0012683201803833145	Skin
572	7100	13	0.0018309859154929577	Skin
573	7098	15	0.002113271344040575	Skin
574	7088	11	0.0015519187358916478	Skin
575	7094	13	0.001832534536227798	Skin
576	7087	15	0.0021165514321998024	Skin
577	7095	12	0.0016913319238900633	Skin
578	7097	10	0.0014090460758066788	Skin
579	7088	7	9.875846501128669e-4	Skin
58	7090	11	0.0015514809590973203	Skin
580	7100	11	0.0015492957746478873	Skin
581	7115	14	0.0019676739283204497	Skin
582	7091	8	0.0011281906642222536	Skin
583	7120	11	0.001544943820224719	Skin
584	7107	11	0.0015477698044181793	Skin
585	7083	14	0.001976563602993082	Skin
586	7099	13	0.0018312438371601634	Skin
587	7092	9	0.0012690355329949238	Skin
588	7108	19	0.0026730444569499157	Skin
589	7104	17	0.002393018018018018	Skin
59	7105	13	0.0018296973961998593	Skin
590	7107	10	0.0014070634585619812	Skin
591	7098	15	0.002113271344040575	Skin
592	7106	10	0.0014072614691809737	Skin
593	7108	15	0.0021102982554867754	Skin
594	7099	14	0.001972108747710945	Skin
595	7084	14	0.001976284584980237	Skin
596	7107	13	0.0018291824961305756	Skin
597	7108	12	0.0016882386043894203	Skin
598	7108	11	0.0015475520540236354	Skin
599	7104	12	0.0016891891891891893	Skin
6	7084	12	0.0016939582156973462	Skin
60	7091	11	0.0015512621633055987	Skin
600	7098	16	0.0022541561003099463	Skin
601	7104	13	0.001829954954954955	Skin
602	7090	15	0.0021156558533145277	Skin
603	7091	20	0.0028204766605556338	Skin
604	7107	13	0.0018291824961305756	Skin
605	7083	16	0.002258929831992094	Skin
606	7094	12	0.0016915703411333521	Skin
607	7092	17	0.0023970671178793006	Skin
608	7097	15	0.0021135691137100184	Skin
609	7107	14	0.0019698888419867736	Skin
61	7107	19	0.002673420571267764	Skin
610	7105	6	8.44475721323012e-4	Skin
611	7100	17	0.0023943661971830986	Skin
612	7097	13	0.0018317598985486826	Skin
613	7084	22	0.003105590062111801	Skin
614	7098	16	0.0022541561003099463	Skin
615	7105	18	0.002533427163969036	Skin
616	7088	11	0.0015519187358916478	Skin
617	7103	16	0.0022525693368999015	Skin
618	7099	17	0.0023947034793632906	Skin
619	7106	16	0.002251618350689558	Skin
62	7115	10	0.0014054813773717498	Skin
620	7109	13	0.0018286678857785904	Skin
621	7112	11	0.001546681664791901	Skin
622	7104	19	0.0026745495495495496	Skin
623	7095	7	9.866102889358704e-4	Skin
624	7107	14	0.0019698888419867736	Skin
625	7109	12	0.0016880011253340836	Skin
626	7088	18	0.0025395033860045146	Skin
627	7098	14	0.0019723865877712033	Skin
628	7100	20	0.0028169014084507044	Skin
629	7104	5	7.038288288288288e-4	Skin
63	7099	12	0.0016903789266093816	Skin
630	7098	15	0.002113271344040575	Skin
631	7098	9	0.001267962806424345	Skin
632	7099	8	0.0011269192844062545	Skin
633	7107	12	0.0016884761502743773	Skin
634	7091	16	0.0022563813284445073	Skin
635	7091	11	0.0015512621633055987	Skin
636	7105	15	0.00211118930330753	Skin
637	7105	11	0.0015482054890921886	Skin
638	7095	13	0.001832276250880902	Skin
639	7105	10	0.0014074595355383533	Skin
64	7106	15	0.0021108922037714607	Skin
640	7104	13	0.001829954954954955	Skin
641	7083	10	0.0014118311449950586	Skin
642	7101	15	0.0021123785382340513	Skin
643	7101	11	0.001549077594704971	Skin
644	7101	11	0.001549077594704971	Skin
645	7103	15	0.0021117837533436577	Skin
646	7096	11	0.0015501691093573844	Skin
647	7093	11	0.0015508247568024813	Skin
648	7095	21	0.002959830866807611	Skin
649	7092	11	0.001551043429216018	Skin
65	7097	15	0.0021135691137100184	Skin
650	7099	9	0.0012677841949570363	Skin
651	7094	12	0.0016915703411333521	Skin
652	7095	24	0.0033826638477801266	Skin
653	7091	13	0.001833309829361162	Skin
654	7093	10	0.0014098406880022557	Skin
655	7097	12	0.0016908552909680147	Skin
656	7093	11	0.0015508247568024813	Skin
657	7108	18	0.0025323579065841305	Skin
658	7092	10	0.0014100394811054709	Skin
659	7103	15	0.0021117837533436577	Skin
66	7095	13	0.001832276250880902	Skin
660	7117	18	0.0025291555430658986	Skin
661	7095	12	0.0016913319238900633	Skin
662	7103	9	0.0012670702520061945	Skin
663	7112	20	0.00281214848143982	Skin
664	7112	21	0.002952755905511811	Skin
665	7108	9	0.0012661789532920653	Skin
666	7101	14	0.0019715533023517817	Skin
667	7099	21	0.0029581631215664177	Skin
668	7100	14	0.001971830985915493	Skin
669	7112	18	0.002530933633295838	Skin
67	7088	16	0.002257336343115124	Skin
670	7105	16	0.002251935256861365	Skin
671	7094	12	0.0016915703411333521	Skin
672	7091	12	0.0016922859963333804	Skin
673	7096	14	0.001972942502818489	Skin
674	7109	12	0.0016880011253340836	Skin
675	7092	16	0.0022560631697687537	Skin
676	7099	15	0.002112973658261727	Skin
677	7105	16	0.002251935256861365	Skin
678	7091	7	9.871668311944718e-4	Skin
679	7100	16	0.0022535211267605635	Skin
68	7086	14	0.0019757267852102737	Skin
680	7095	13	0.001832276250880902	Skin
681	7103	19	0.002674926087568633	Skin
682	7105	12	0.001688951442646024	Skin
683	7103	11	0.0015486414191186822	Skin
684	7085	17	0.002399435426958363	Skin
685	7103	10	0.0014078558355624384	Skin
686	7083	18	0.0025412960609911056	Skin
687	7104	10	0.0014076576576576576	Skin
688	7105	18	0.002533427163969036	Skin
689	7085	16	0.0022582921665490474	Skin
69	7110	15	0.002109704641350211	Skin
690	7095	10	0.0014094432699083862	Skin
691	7101	17	0.0023940290099985916	Skin
692	7111	11	0.001546899170299536	Skin
693	7102	12	0.0016896648831315122	Skin
694	7095	15	0.0021141649048625794	Skin
695	7071	13	0.0018384952623391316	Skin
696	7101	14	0.0019715533023517817	Skin
697	7097	10	0.0014090460758066788	Skin
698	7100	12	0.0016901408450704226	Skin
699	7105	11	0.0015482054890921886	Skin
7	7104	16	0.0022522522522522522	Skin
70	7097	12	0.0016908552909680147	Skin
700	7103	10	0.0014078558355624384	Skin
701	7110	23	0.0032348804500703233	Skin
702	7102	14	0.0019712756969867645	Skin
703	7111	23	0.0032344255378990295	Skin
704	7094	15	0.00211446292641669	Skin
705	7105	14	0.0019704433497536944	Skin
706	7085	7	9.880028228652082e-4	Skin
707	7098	20	0.002817695125387433	Skin
708	7085	24	0.003387438249823571	Skin
709	7110	12	0.0016877637130801688	Skin
71	7100	16	0.0022535211267605635	Skin
710	7122	17	0.002386969952260601	Skin
711	7101	13	0.0018307280664695113	Skin
712	7102	12	0.0016896648831315122	Skin
713	7116	9	0.0012647554806070826	Skin
714	7095	16	0.002255109231853418	Skin
715	7100	15	0.002112676056338028	Skin
716	7096	12	0.0016910935738444193	Skin
717	7099	13	0.0018312438371601634	Skin
718	7097	12	0.0016908552909680147	Skin
719	7094	15	0.00211446292641669	Skin
72	7103	20	0.002815711671124877	Skin
720	7095	9	0.0012684989429175475	Skin
721	7103	12	0.0016894270026749261	Skin
722	7093	16	0.0022557451008036094	Skin
723	7098	16	0.0022541561003099463	Skin
724	7094	13	0.001832534536227798	Skin
725	7103	12	0.0016894270026749261	Skin
726	7113	13	0.0018276395332489808	Skin
727	7109	14	0.0019693346462230973	Skin
728	7099	12	0.0016903789266093816	Skin
729	7085	15	0.002117148906139732	Skin
73	7115	11	0.001546029515108925	Skin
730	7088	10	0.0014108352144469526	Skin
731	7089	12	0.0016927634363097758	Skin
732	7099	11	0.0015495140160585999	Skin
733	7084	15	0.0021174477696216825	Skin
734	7100	14	0.001971830985915493	Skin
735	7082	12	0.0016944365998305564	Skin
736	7107	20	0.0028141269171239624	Skin
737	7092	18	0.0025380710659898475	Skin
738	7101	16	0.0022532037741163215	Skin
739	7103	12	0.0016894270026749261	Skin
74	7097	13	0.0018317598985486826	Skin
740	7085	16	0.0022582921665490474	Skin
741	7096	14	0.001972942502818489	Skin
742	7098	15	0.002113271344040575	Skin
743	7108	17	0.0023916713562183453	Skin
744	7109	17	0.0023913349275566185	Skin
745	7097	18	0.0025362829364520218	Skin
746	7103	20	0.002815711671124877	Skin
747	7100	12	0.0016901408450704226	Skin
748	7083	19	0.0026824791754906114	Skin
749	7107	14	0.0019698888419867736	Skin
75	7101	11	0.001549077594704971	Skin
750	7098	12	0.0016906170752324597	Skin
751	7094	20	0.00281928390188892	Skin
752	7102	15	0.00211208110391439	Skin
753	7096	17	0.002395715896279594	Skin
754	7102	15	0.00211208110391439	Skin
755	7103	17	0.002393354920456145	Skin
756	7099	12	0.0016903789266093816	Skin
757	7108	11	0.0015475520540236354	Skin
758	7098	7	9.861932938856016e-4	Skin
759	7104	14	0.0019707207207207205	Skin
76	7099	12	0.0016903789266093816	Skin
760	7096	12	0.0016910935738444193	Skin
761	7102	9	0.0012672486623486342	Skin
762	7090	11	0.0015514809590973203	Skin
763	7089	15	0.0021159542953872196	Skin
764	7098	8	0.0011270780501549732	Skin
765	7104	12	0.0016891891891891893	Skin
766	7104	15	0.0021114864864864866	Skin
767	7112	9	0.001265466816647919	Skin
768	7106	16	0.002251618350689558	Skin
769	7097	10	0.0014090460758066788	Skin
77	7088	12	0.001693002257336343	Skin
770	7097	12	0.0016908552909680147	Skin
771	7107	12	0.0016884761502743773	Skin
772	7094	18	0.002537355511700028	Skin
773	7100	13	0.0018309859154929577	Skin
774	7094	9	0.001268677755850014	Skin
775	7102	15	0.00211208110391439	Skin
776	7090	10	0.0014104372355430183	Skin
777	7095	17	0.0023960535588442564	Skin
778	7095	10	0.0014094432699083862	Skin
779	7094	17	0.0023963913166055823	Skin
78	7094	13	0.001832534536227798	Skin
780	7102	7	9.856378484933823e-4	Skin
781	7089	17	0.002398081534772182	Skin
782	7093	17	0.0023967291696038347	Skin
783	7103	8	0.0011262846684499507	Skin
784	7098	16	0.0022541561003099463	Skin
785	7111	20	0.0028125439459991564	Skin
786	7105	8	0.0011259676284306826	Skin
787	7096	10	0.0014092446448703494	Skin
788	7098	14	0.0019723865877712033	Skin
789	7086	11	0.0015523567598080723	Skin
79	7109	10	0.0014066676044450696	Skin
790	7085	13	0.001834862385321101	Skin
791	7084	15	0.0021174477696216825	Skin
792	7104	10	0.0014076576576576576	Skin
793	7095	11	0.0015503875968992248	Skin
794	7095	17	0.0023960535588442564	Skin
795	7105	13	0.0018296973961998593	Skin
796	7109	13	0.0018286678857785904	Skin
797	7089	15	0.0021159542953872196	Skin
798	7089	17	0.002398081534772182	Skin
799	7089	11	0.0015516998166172943	Skin
8	7094	14	0.0019734987313222443	Skin
80	7090	11	0.0015514809590973203	Skin
800	7092	12	0.001692047377326565	Skin
801	7088	11	0.0015519187358916478	Skin
802	7097	10	0.0014090460758066788	Skin
803	7111	22	0.003093798340599072	Skin
804	7079	12	0.0016951546828648115	Skin
805	7101	12	0.0016899028305872412	Skin
806	7097	19	0.0026771875440326897	Skin
807	7087	14	0.0019754480033864824	Skin
808	7103	12	0.0016894270026749261	Skin
809	7104	14	0.0019707207207207205	Skin
81	7093	12	0.0016918088256027068	Skin
810	7088	8	0.001128668171557562	Skin
811	7099	15	0.002112973658261727	Skin
812	7098	16	0.0022541561003099463	Skin
813	7095	13	0.001832276250880902	Skin
814	7098	11	0.0015497323189630882	Skin
815	7079	13	0.0018364175731035457	Skin
816	7086	14	0.0019757267852102737	Skin
817	7099	13	0.0018312438371601634	Skin
818	7104	20	0.002815315315315315	Skin
819	7108	14	0.0019696117051209903	Skin
82	7110	13	0.0018284106891701829	Skin
820	7113	13	0.0018276395332489808	Skin
821	7099	17	0.0023947034793632906	Skin
822	7090	15	0.0021156558533145277	Skin
823	7085	19	0.002681721947776994	Skin
824	7092	16	0.0022560631697687537	Skin
825	7081	6	8.473379466177093e-4	Skin
826	7102	10	0.0014080540692762602	Skin
827	7084	15	0.0021174477696216825	Skin
828	7097	13	0.0018317598985486826	Skin
829	7091	14	0.0019743336623889436	Skin
83	7097	16	0.0022544737212906864	Skin
830	7098	15	0.002113271344040575	Skin
831	7110	12	0.0016877637130801688	Skin
832	7101	11	0.001549077594704971	Skin
833	7097	14	0.0019726645061293505	Skin
834	7095	15	0.0021141649048625794	Skin
835	7101	24	0.0033798056611744824	Skin
836	7104	20	0.002815315315315315	Skin
837	7086	16	0.0022579734688117415	Skin
838	7104	11	0.0015484234234234234	Skin
839	7103	13	0.0018302125862311698	Skin
84	7099	18	0.0025355683899140726	Skin
840	7091	9	0.0012692144972500353	Skin
841	7093	18	0.0025377132384040604	Skin
842	7114	11	0.0015462468372223785	Skin
843	7090	17	0.002397743300423131	Skin
844	7100	18	0.0025352112676056337	Skin
845	7067	8	0.0011320220744304515	Skin
846	7103	8	0.0011262846684499507	Skin
847	7094	15	0.00211446292641669	Skin
848	7094	16	0.002255427121511136	Skin
849	7106	21	0.0029552490852800452	Skin
85	7105	14	0.0019704433497536944	Skin
850	7105	13	0.0018296973961998593	Skin
851	7102	18	0.0025344973246972683	Skin
852	7092	14	0.0019740552735476595	Skin
853	7099	18	0.0025355683899140726	Skin
854	7103	9	0.0012670702520061945	Skin
855	7099	15	0.002112973658261727	Skin
856	7087	10	0.0014110342881332016	Skin
857	7106	13	0.001829439909935266	Skin
858	7114	8	0.001124543154343548	Skin
859	7102	13	0.0018304702900591382	Skin
86	7115	10	0.0014054813773717498	Skin
860	7111	8	0.0011250175783996624	Skin
861	7108	13	0.0018289251547552053	Skin
862	7101	14	0.0019715533023517817	Skin
863	7102	11	0.0015488594762038863	Skin
864	7094	14	0.0019734987313222443	Skin
865	7094	16	0.002255427121511136	Skin
866	7111	14	0.0019687807621994093	Skin
867	7078	9	0.0012715456343599886	Skin
868	7095	8	0.001127554615926709	Skin
869	7101	16	0.0022532037741163215	Skin
87	7095	12	0.0016913319238900633	Skin
870	7095	12	0.0016913319238900633	Skin
871	7098	10	0.0014088475626937165	Skin
872	7104	10	0.0014076576576576576	Skin
873	7089	10	0.001410636196924813	Skin
874	7107	15	0.002110595187842972	Skin
875	7103	12	0.0016894270026749261	Skin
876	7120	17	0.0023876404494382023	Skin
877	7090	20	0.0028208744710860366	Skin
878	7100	12	0.0016901408450704226	Skin
879	7101	16	0.0022532037741163215	Skin
88	7113	16	0.002249402502460284	Skin
880	7104	22	0.003096846846846847	Skin
881	7113	17	0.002389990158864052	Skin
882	7102	11	0.0015488594762038863	Skin
883	7096	7	9.864712514092446e-4	Skin
884	7102	17	0.0023936919177696423	Skin
885	7094	13	0.001832534536227798	Skin
886	7103	11	0.0015486414191186822	Skin
887	7108	16	0.0022509848058525606	Skin
888	7094	15	0.00211446292641669	Skin
889	7104	13	0.001829954954954955	Skin
89	7102	14	0.0019712756969867645	Skin
890	7084	16	0.002258610954263128	Skin
891	7090	13	0.0018335684062059238	Skin
892	7108	11	0.0015475520540236354	Skin
893	7103	16	0.0022525693368999015	Skin
894	7102	7	9.856378484933823e-4	Skin
895	7097	16	0.0022544737212906864	Skin
896	7110	8	0.0011251758087201125	Skin
897	7084	9	0.0012704686617730095	Skin
898	7092	13	0.0018330513254371122	Skin
899	7093	15	0.0021147610320033836	Skin
9	7093	15	0.0021147610320033836	Skin
90	7108	11	0.0015475520540236354	Skin
900	7084	17	0.0023997741389045735	Skin
901	7101	22	0.003098155189409942	Skin
902	7095	20	0.0028188865398167725	Skin
903	7091	14	0.0019743336623889436	Skin
904	7099	13	0.0018312438371601634	Skin
905	7096	16	0.002254791431792559	Skin
906	7106	14	0.0019701660568533634	Skin
907	7100	15	0.002112676056338028	Skin
908	7107	11	0.0015477698044181793	Skin
909	7103	13	0.0018302125862311698	Skin
91	7099	17	0.0023947034793632906	Skin
910	7102	16	0.002252886510842016	Skin
911	7104	10	0.0014076576576576576	Skin
912	7098	12	0.0016906170752324597	Skin
913	7098	11	0.0015497323189630882	Skin
914	7100	11	0.0015492957746478873	Skin
915	7109	14	0.0019693346462230973	Skin
916	7093	10	0.0014098406880022557	Skin
917	7097	8	0.0011272368606453432	Skin
918	7090	10	0.0014104372355430183	Skin
919	7108	11	0.0015475520540236354	Skin
92	7097	19	0.0026771875440326897	Skin
920	7096	19	0.002677564825253664	Skin
921	7097	13	0.0018317598985486826	Skin
922	7087	17	0.0023987582898264428	Skin
923	7105	15	0.00211118930330753	Skin
924	7098	16	0.0022541561003099463	Skin
925	7096	16	0.002254791431792559	Skin
926	7095	17	0.0023960535588442564	Skin
927	7087	23	0.003245378862706364	Skin
928	7087	17	0.0023987582898264428	Skin
929	7097	10	0.0014090460758066788	Skin
93	7114	13	0.0018273826258082655	Skin
930	7116	15	0.0021079258010118043	Skin
931	7091	15	0.0021153574954167254	Skin
932	7099	10	0.001408649105507818	Skin
933	7095	13	0.001832276250880902	Skin
934	7101	12	0.0016899028305872412	Skin
935	7088	14	0.0019751693002257337	Skin
936	7112	15	0.002109111361079865	Skin
937	7100	16	0.0022535211267605635	Skin
938	7110	18	0.002531645569620253	Skin
939	7109	20	0.0028133352088901393	Skin
94	7096	12	0.0016910935738444193	Skin
940	7104	18	0.002533783783783784	Skin
941	7094	13	0.001832534536227798	Skin
942	7092	8	0.0011280315848843769	Skin
943	7101	14	0.0019715533023517817	Skin
944	7102	10	0.0014080540692762602	Skin
945	7101	9	0.0012674271229404308	Skin
946	7095	10	0.0014094432699083862	Skin
947	7104	15	0.0021114864864864866	Skin
948	7111	9	0.0012656447756996202	Skin
949	7099	15	0.002112973658261727	Skin
95	7103	16	0.0022525693368999015	Skin
950	7082	10	0.001412030499858797	Skin
951	7095	11	0.0015503875968992248	Skin
952	7095	21	0.002959830866807611	Skin
953	7105	12	0.001688951442646024	Skin
954	7092	17	0.0023970671178793006	Skin
955	7097	13	0.0018317598985486826	Skin
956	7115	17	0.0023893183415319747	Skin
957	7101	18	0.0025348542458808617	Skin
958	7096	13	0.0018320180383314543	Skin
959	7100	14	0.001971830985915493	Skin
96	7108	14	0.0019696117051209903	Skin
960	7109	15	0.0021100014066676043	Skin
961	7100	19	0.002676056338028169	Skin
962	7088	12	0.001693002257336343	Skin
963	7097	10	0.0014090460758066788	Skin
964	7090	15	0.0021156558533145277	Skin
965	7071	14	0.0019799179748267574	Skin
966	7101	14	0.0019715533023517817	Skin
967	7090	16	0.002256699576868829	Skin
968	7096	13	0.0018320180383314543	Skin
969	7087	15	0.0021165514321998024	Skin
97	7114	10	0.0014056789429294349	Skin
970	7107	17	0.002392007879555368	Skin
971	7092	11	0.001551043429216018	Skin
972	7096	11	0.0015501691093573844	Skin
973	7110	19	0.002672292545710267	Skin
974	7094	9	0.001268677755850014	Skin
975	7100	16	0.0022535211267605635	Skin
976	7085	11	0.00155257586450247	Skin
977	7089	13	0.001833827056002257	Skin
978	7118	12	0.0016858668165214948	Skin
979	7087	16	0.0022576548610131228	Skin
98	7098	9	0.001267962806424345	Skin
980	7090	12	0.001692524682651622	Skin
981	7088	11	0.0015519187358916478	Skin
982	7094	13	0.001832534536227798	Skin
983	7101	14	0.0019715533023517817	Skin
984	7085	13	0.001834862385321101	Skin
985	7089	15	0.0021159542953872196	Skin
986	7097	8	0.0011272368606453432	Skin
987	7110	16	0.002250351617440225	Skin
988	7096	12	0.0016910935738444193	Skin
989	7095	14	0.001973220577871741	Skin
99	7096	12	0.0016910935738444193	Skin
990	7112	15	0.002109111361079865	Skin
991	7100	15	0.002112676056338028	Skin
992	7099	11	0.0015495140160585999	Skin
993	7098	15	0.002113271344040575	Skin
994	7101	11	0.001549077594704971	Skin
995	7098	15	0.002113271344040575	Skin
996	7097	15	0.0021135691137100184	Skin
997	7101	10	0.001408252358822701	Skin
998	7107	9	0.001266357112705783	Skin
999	7086	7	9.878633926051368e-4	Skin
1	11104	27	0.002431556195965418	Spleen
10	11086	37	0.0033375428468338446	Spleen
100	11089	36	0.003246460456308053	Spleen
1000	11096	31	0.0027937995674116797	Spleen
101	11099	26	0.0023425533831876746	Spleen
102	11093	30	0.0027044081853421077	Spleen
103	11090	34	0.0030658250676284943	Spleen
104	11101	31	0.002792541212503378	Spleen
105	11092	28	0.0025243418680129825	Spleen
106	11095	41	0.0036953582694907615	Spleen
107	11094	30	0.0027041644131963224	Spleen
108	11082	26	0.002346146904890814	Spleen
109	11091	29	0.0026147326661256874	Spleen
11	11100	30	0.002702702702702703	Spleen
110	11090	23	0.002073940486925158	Spleen
111	11092	35	0.003155427335016228	Spleen
112	11100	27	0.0024324324324324323	Spleen
113	11086	32	0.002886523543207649	Spleen
114	11094	33	0.0029745808545159546	Spleen
115	11104	41	0.003692363112391931	Spleen
116	11093	29	0.002614261245830704	Spleen
117	11101	30	0.002702459237906495	Spleen
118	11098	24	0.002162551811137142	Spleen
119	11097	23	0.0020726322429485446	Spleen
12	11094	26	0.0023436091581034795	Spleen
120	11105	23	0.0020711391265195857	Spleen
121	11097	29	0.002613318915022078	Spleen
122	11097	28	0.0025232044696764894	Spleen
123	11096	33	0.0029740447007930784	Spleen
124	11086	32	0.002886523543207649	Spleen
125	11103	27	0.002431775195893002	Spleen
126	11109	27	0.0024304617877396704	Spleen
127	11108	35	0.003150882247029168	Spleen
128	11096	36	0.0032444124008651765	Spleen
129	11088	38	0.003427128427128427	Spleen
13	11095	36	0.0032447048219918883	Spleen
130	11093	22	0.001983232669250879	Spleen
131	11090	24	0.002164111812443643	Spleen
132	11093	32	0.0028847020643649147	Spleen
133	11096	24	0.0021629416005767843	Spleen
134	11098	28	0.002522977112993332	Spleen
135	11085	28	0.002525935949481281	Spleen
136	11089	31	0.0027955631707097125	Spleen
137	11101	33	0.0029727051616971444	Spleen
138	11083	33	0.002977533158891997	Spleen
139	11105	19	0.0017109410175596578	Spleen
14	11099	22	0.0019821605550049554	Spleen
140	11090	29	0.0026149684400360684	Spleen
141	11101	23	0.0020718854157283128	Spleen
142	11087	37	0.0033372418147379814	Spleen
143	11101	41	0.0036933609584722097	Spleen
144	11085	38	0.0034280559314388815	Spleen
145	11089	37	0.0033366399134277212	Spleen
146	11110	39	0.0035103510351035105	Spleen
147	11106	22	0.0019809112191608138	Spleen
148	11097	27	0.0024330900243309003	Spleen
149	11085	39	0.0035182679296346412	Spleen
15	11100	33	0.002972972972972973	Spleen
150	11083	26	0.0023459352160967247	Spleen
151	11100	34	0.003063063063063063	Spleen
152	11093	28	0.0025241143063193003	Spleen
153	11104	30	0.002701729106628242	Spleen
154	11084	20	0.001804402742692169	Spleen
155	11110	34	0.0030603060306030605	Spleen
156	11087	33	0.0029764589158473888	Spleen
157	11094	40	0.0036055525509284298	Spleen
158	11096	25	0.0022530641672674837	Spleen
159	11084	24	0.0021652832912306026	Spleen
16	11093	35	0.0031551428828991254	Spleen
160	11086	30	0.0027061158217571712	Spleen
161	11093	33	0.0029748490038763184	Spleen
162	11091	30	0.002704895861509332	Spleen
163	11104	28	0.002521613832853026	Spleen
164	11106	25	0.0022510354763191067	Spleen
165	11094	35	0.003154858482062376	Spleen
166	11088	24	0.0021645021645021645	Spleen
167	11103	37	0.003332432675853373	Spleen
168	11083	41	0.0036993593792294505	Spleen
169	11092	35	0.003155427335016228	Spleen
17	11102	23	0.0020716987930102684	Spleen
170	11092	33	0.0029751172015867293	Spleen
171	11100	23	0.002072072072072072	Spleen
172	11085	32	0.0028867839422643212	Spleen
173	11092	31	0.0027948070681572306	Spleen
174	11094	24	0.002163331530557058	Spleen
175	11097	29	0.002613318915022078	Spleen
176	11093	35	0.0031551428828991254	Spleen
177	11098	24	0.002162551811137142	Spleen
178	11088	25	0.0022546897546897545	Spleen
179	11090	22	0.0019837691614066726	Spleen
18	11094	40	0.0036055525509284298	Spleen
180	11091	38	0.003426201424578487	Spleen
181	11101	33	0.0029727051616971444	Spleen
182	11090	32	0.002885482416591524	Spleen
183	11080	27	0.0024368231046931407	Spleen
184	11091	30	0.002704895861509332	Spleen
185	11090	30	0.002705139765554554	Spleen
186	11092	30	0.002704652001442481	Spleen
187	11094	27	0.0024337479718766902	Spleen
188	11093	44	0.003966465338501758	Spleen
189	11101	28	0.0025222952887127286	Spleen
19	11089	31	0.0027955631707097125	Spleen
190	11098	34	0.0030636150657776177	Spleen
191	11100	25	0.0022522522522522522	Spleen
192	11095	32	0.0028841820639927897	Spleen
193	11087	26	0.0023450888427888517	Spleen
194	11094	37	0.0033351361096087976	Spleen
195	11092	32	0.00288496213487198	Spleen
196	11097	26	0.0023429755789853113	Spleen
197	11087	36	0.0032470460900153333	Spleen
198	11092	30	0.002704652001442481	Spleen
199	11095	26	0.0023433979269941417	Spleen
2	11102	27	0.002431994235272924	Spleen
20	11105	35	0.0031517334533993696	Spleen
200	11084	30	0.0027066041140382533	Spleen
201	11094	35	0.003154858482062376	Spleen
202	11101	39	0.0035131970092784435	Spleen
203	11103	29	0.002611906691885076	Spleen
204	11093	35	0.0031551428828991254	Spleen
205	11085	34	0.003067207938655841	Spleen
206	11094	23	0.0020731927167838473	Spleen
207	11093	28	0.0025241143063193003	Spleen
208	11080	30	0.002707581227436823	Spleen
209	11095	24	0.002163136547994592	Spleen
21	11087	27	0.0024352845675115	Spleen
210	11093	29	0.002614261245830704	Spleen
211	11087	31	0.0027960674664020925	Spleen
212	11092	32	0.00288496213487198	Spleen
213	11100	43	0.0038738738738738738	Spleen
214	11099	24	0.002162356969096315	Spleen
215	11098	34	0.0030636150657776177	Spleen
216	11088	30	0.0027056277056277055	Spleen
217	11096	29	0.002613554434030281	Spleen
218	11079	36	0.003249390739236393	Spleen
219	11093	28	0.0025241143063193003	Spleen
22	11103	31	0.00279203818787715	Spleen
220	11087	34	0.003066654640570037	Spleen
221	11096	33	0.0029740447007930784	Spleen
222	11092	30	0.002704652001442481	Spleen
223	11079	29	0.00261756476216265	Spleen
224	11092	25	0.0022538766678687344	Spleen
225	11097	27	0.0024330900243309003	Spleen
226	11093	29	0.002614261245830704	Spleen
227	11081	19	0.0017146466925367747	Spleen
228	11105	22	0.001981089599279604	Spleen
229	11098	33	0.00297350874031357	Spleen
23	11100	27	0.0024324324324324323	Spleen
230	11093	39	0.00351573064094474	Spleen
231	11088	29	0.0026154401154401155	Spleen
232	11101	36	0.003242951085487794	Spleen
233	11085	31	0.002796571944068561	Spleen
234	11103	28	0.002521840943889039	Spleen
235	11100	34	0.003063063063063063	Spleen
236	11087	32	0.0028862631911247406	Spleen
237	11107	35	0.003151165931394616	Spleen
238	11098	28	0.002522977112993332	Spleen
239	11092	41	0.003696357735304724	Spleen
24	11087	26	0.0023450888427888517	Spleen
240	11094	23	0.0020731927167838473	Spleen
241	11094	24	0.002163331530557058	Spleen
242	11088	21	0.001893939393939394	Spleen
243	11086	30	0.0027061158217571712	Spleen
244	11084	28	0.0025261638397690365	Spleen
245	11094	33	0.0029745808545159546	Spleen
246	11095	31	0.002794051374493015	Spleen
247	11097	35	0.0031540055870956114	Spleen
248	11090	26	0.002344454463480613	Spleen
249	11091	34	0.0030655486430439093	Spleen
25	11101	27	0.0024322133141158452	Spleen
250	11097	31	0.0027935478057132556	Spleen
251	11094	41	0.0036956913647016405	Spleen
252	11096	35	0.003154289834174477	Spleen
253	11089	30	0.0027053837135900443	Spleen
254	11082	24	0.002165674066053059	Spleen
255	11092	29	0.002614496934727732	Spleen
256	11096	22	0.0019826964671953856	Spleen
257	11093	30	0.0027044081853421077	Spleen
258	11099	34	0.003063339039553113	Spleen
259	11094	32	0.002884442040742744	Spleen
26	11085	41	0.0036986919260261616	Spleen
260	11086	27	0.0024355042395814543	Spleen
261	11079	28	0.0025273039082949725	Spleen
262	11095	35	0.0031545741324921135	Spleen
263	11106	25	0.0022510354763191067	Spleen
264	11102	27	0.002431994235272924	Spleen
265	11082	33	0.002977801840822956	Spleen
266	11093	24	0.0021635265482736863	Spleen
267	11109	25	0.0022504275812404357	Spleen
268	11099	35	0.003153437246598793	Spleen
269	11094	17	0.0015323598341445827	Spleen
27	11099	36	0.0032435354536444723	Spleen
270	11090	34	0.0030658250676284943	Spleen
271	11089	34	0.0030661015420687166	Spleen
272	11081	19	0.0017146466925367747	Spleen
273	11081	38	0.0034292933850735494	Spleen
274	11105	31	0.0027915353444394417	Spleen
275	11088	29	0.0026154401154401155	Spleen
276	11095	28	0.002523659305993691	Spleen
277	11095	34	0.003064443442992339	Spleen
278	11095	39	0.003515096890491212	Spleen
279	11096	34	0.0030641672674837778	Spleen
28	11086	32	0.002886523543207649	Spleen
280	11081	32	0.002887826008482989	Spleen
281	11086	27	0.0024355042395814543	Spleen
282	11098	37	0.0033339340421697605	Spleen
283	11084	35	0.0031577047997112958	Spleen
284	11095	25	0.002253267237494367	Spleen
285	11086	22	0.001984484935955259	Spleen
286	11097	34	0.0030638911417500223	Spleen
287	11092	27	0.002434186801298233	Spleen
288	11096	26	0.002343186733958183	Spleen
289	11104	35	0.0031520172910662826	Spleen
29	11103	27	0.002431775195893002	Spleen
290	11097	28	0.0025232044696764894	Spleen
291	11100	29	0.002612612612612613	Spleen
292	11097	25	0.0022528611336397227	Spleen
293	11096	22	0.0019826964671953856	Spleen
294	11082	30	0.0027070925825663237	Spleen
295	11095	29	0.0026137899954934655	Spleen
296	11098	32	0.0028834024148495225	Spleen
297	11102	37	0.0033327328409295622	Spleen
298	11095	33	0.002974312753492564	Spleen
299	11093	27	0.002433967366807897	Spleen
3	11099	32	0.002883142625461753	Spleen
30	11092	35	0.003155427335016228	Spleen
300	11081	34	0.003068315134013176	Spleen
301	11102	24	0.0021617726535759323	Spleen
302	11089	30	0.0027053837135900443	Spleen
303	11080	29	0.0026173285198555956	Spleen
304	11084	30	0.0027066041140382533	Spleen
305	11093	31	0.0027945551248535114	Spleen
306	11100	32	0.002882882882882883	Spleen
307	11100	29	0.002612612612612613	Spleen
308	11088	30	0.0027056277056277055	Spleen
309	11101	26	0.0023421313395189623	Spleen
31	11092	33	0.0029751172015867293	Spleen
310	11098	26	0.002342764462065237	Spleen
311	11090	28	0.0025247971145175834	Spleen
312	11089	25	0.0022544864279917037	Spleen
313	11092	19	0.001712946267580238	Spleen
314	11086	22	0.001984484935955259	Spleen
315	11083	27	0.0024361634936389065	Spleen
316	11089	38	0.0034268193705473894	Spleen
317	11088	28	0.0025252525252525255	Spleen
318	11094	36	0.003244997295835587	Spleen
319	11090	22	0.0019837691614066726	Spleen
32	11093	27	0.002433967366807897	Spleen
320	11092	22	0.001983411467724486	Spleen
321	11096	27	0.0024333093006488823	Spleen
322	11097	38	0.003424348923132378	Spleen
323	11088	25	0.0022546897546897545	Spleen
324	11097	29	0.002613318915022078	Spleen
325	11098	28	0.002522977112993332	Spleen
326	11084	27	0.002435943702634428	Spleen
327	11098	29	0.0026130834384573798	Spleen
328	11102	23	0.0020716987930102684	Spleen
329	11089	34	0.0030661015420687166	Spleen
33	11092	26	0.0023440317345834838	Spleen
330	11094	35	0.003154858482062376	Spleen
331	11077	29	0.0026180373747404532	Spleen
332	11087	28	0.002525480292234148	Spleen
333	11094	28	0.002523886785649901	Spleen
334	11104	36	0.0032420749279538905	Spleen
335	11093	32	0.0028847020643649147	Spleen
336	11093	34	0.003064995943387722	Spleen
337	11090	37	0.0033363390441839497	Spleen
338	11093	29	0.002614261245830704	Spleen
339	11090	27	0.0024346257889990984	Spleen
34	11098	36	0.003243827716705713	Spleen
340	11094	32	0.002884442040742744	Spleen
341	11092	34	0.0030652722683014787	Spleen
342	11083	34	0.0030677614364341783	Spleen
343	11099	26	0.0023425533831876746	Spleen
344	11096	30	0.0027036770007209804	Spleen
345	11091	33	0.0029753854476602653	Spleen
346	11094	25	0.0022534703443302688	Spleen
347	11086	29	0.0026159119610319323	Spleen
348	11101	28	0.0025222952887127286	Spleen
349	11106	34	0.0030614082477939853	Spleen
35	11096	28	0.0025234318673395817	Spleen
350	11093	26	0.0023438204272964933	Spleen
351	11100	28	0.0025225225225225223	Spleen
352	11092	31	0.0027948070681572306	Spleen
353	11098	31	0.002793296089385475	Spleen
354	11096	29	0.002613554434030281	Spleen
355	11093	29	0.002614261245830704	Spleen
356	11098	30	0.0027031897639214274	Spleen
357	11093	29	0.002614261245830704	Spleen
358	11095	30	0.0027039206849932404	Spleen
359	11094	33	0.0029745808545159546	Spleen
36	11106	32	0.002881325409688457	Spleen
360	11092	24	0.002163721601153985	Spleen
361	11092	37	0.0033357374684457267	Spleen
362	11081	30	0.0027073368829528023	Spleen
363	11095	35	0.0031545741324921135	Spleen
364	11091	29	0.0026147326661256874	Spleen
365	11088	30	0.0027056277056277055	Spleen
366	11099	34	0.003063339039553113	Spleen
367	11090	26	0.002344454463480613	Spleen
368	11090	36	0.0032461677186654643	Spleen
369	11103	37	0.003332432675853373	Spleen
37	11099	24	0.002162356969096315	Spleen
370	11099	29	0.002612848004324714	Spleen
371	11102	22	0.0019816249324446046	Spleen
372	11083	30	0.0027068483262654517	Spleen
373	11087	36	0.0032470460900153333	Spleen
374	11084	35	0.0031577047997112958	Spleen
375	11093	20	0.0018029387902280718	Spleen
376	11095	21	0.0018927444794952682	Spleen
377	11097	41	0.0036946922591691448	Spleen
378	11088	23	0.0020743145743145745	Spleen
379	11092	25	0.0022538766678687344	Spleen
38	11097	21	0.001892403352257367	Spleen
380	11089	31	0.0027955631707097125	Spleen
381	11099	32	0.002883142625461753	Spleen
382	11094	34	0.0030647196682891654	Spleen
383	11092	28	0.0025243418680129825	Spleen
384	11096	32	0.002883922134102379	Spleen
385	11108	20	0.0018005041411595247	Spleen
386	11096	35	0.003154289834174477	Spleen
387	11097	32	0.0028836622510588447	Spleen
388	11093	33	0.0029748490038763184	Spleen
389	11098	31	0.002793296089385475	Spleen
39	11075	30	0.002708803611738149	Spleen
390	11096	32	0.002883922134102379	Spleen
391	11088	22	0.001984126984126984	Spleen
392	11096	28	0.0025234318673395817	Spleen
393	11092	29	0.002614496934727732	Spleen
394	11098	36	0.003243827716705713	Spleen
395	11101	29	0.002612377263309612	Spleen
396	11098	34	0.0030636150657776177	Spleen
397	11106	25	0.0022510354763191067	Spleen
398	11084	32	0.00288704438830747	Spleen
399	11089	33	0.0029759220849490484	Spleen
4	11086	26	0.002345300378856215	Spleen
40	11095	26	0.0023433979269941417	Spleen
400	11100	30	0.002702702702702703	Spleen
401	11098	30	0.0027031897639214274	Spleen
402	11103	26	0.0023417094478969647	Spleen
403	11096	39	0.0035147801009372745	Spleen
404	11091	33	0.0029753854476602653	Spleen
405	11102	21	0.0018915510718789407	Spleen
406	11095	26	0.0023433979269941417	Spleen
407	11086	49	0.004419989175536713	Spleen
408	11102	26	0.00234192037470726	Spleen
409	11093	28	0.0025241143063193003	Spleen
41	11093	26	0.0023438204272964933	Spleen
410	11093	30	0.0027044081853421077	Spleen
411	11089	34	0.0030661015420687166	Spleen
412	11089	28	0.002525024799350708	Spleen
413	11086	31	0.0027963196824824102	Spleen
414	11094	23	0.0020731927167838473	Spleen
415	11100	35	0.003153153153153153	Spleen
416	11094	44	0.003966107806021273	Spleen
417	11082	32	0.0028875654214040787	Spleen
418	11084	31	0.002796824251172862	Spleen
419	11093	26	0.0023438204272964933	Spleen
42	11098	39	0.0035141466930978553	Spleen
420	11102	38	0.003422806701495226	Spleen
421	11106	37	0.0033315325049522782	Spleen
422	11083	25	0.002255706938554543	Spleen
423	11108	27	0.0024306805905653585	Spleen
424	11102	28	0.0025220680958385876	Spleen
425	11092	34	0.0030652722683014787	Spleen
426	11096	33	0.0029740447007930784	Spleen
427	11099	19	0.001711865933867916	Spleen
428	11091	36	0.0032458750338111983	Spleen
429	11103	34	0.003062235431865262	Spleen
43	11089	24	0.0021643069708720355	Spleen
430	11083	29	0.00261662004872327	Spleen
431	11081	28	0.002526847757422615	Spleen
432	11094	21	0.0018929150892374256	Spleen
433	11094	38	0.0034252749233820083	Spleen
434	11082	43	0.003880166035011731	Spleen
435	11092	35	0.003155427335016228	Spleen
436	11111	24	0.002160021600216002	Spleen
437	11087	21	0.001894110219175611	Spleen
438	11109	31	0.0027905302007381404	Spleen
439	11094	25	0.0022534703443302688	Spleen
44	11090	20	0.0018034265103697023	Spleen
440	11100	34	0.003063063063063063	Spleen
441	11091	34	0.0030655486430439093	Spleen
442	11096	35	0.003154289834174477	Spleen
443	11096	34	0.0030641672674837778	Spleen
444	11107	31	0.002791032682092374	Spleen
445	11087	33	0.0029764589158473888	Spleen
446	11087	25	0.0022548931180662035	Spleen
447	11102	41	0.0036930282831922176	Spleen
448	11100	37	0.0033333333333333335	Spleen
449	11088	36	0.003246753246753247	Spleen
45	11102	40	0.0036029544226265538	Spleen
450	11091	29	0.0026147326661256874	Spleen
451	11089	30	0.0027053837135900443	Spleen
452	11091	32	0.002885222252276621	Spleen
453	11101	41	0.0036933609584722097	Spleen
454	11096	24	0.0021629416005767843	Spleen
455	11108	31	0.0027907814187972634	Spleen
456	11075	34	0.0030699774266365687	Spleen
457	11086	37	0.0033375428468338446	Spleen
458	11099	27	0.0024326515902333545	Spleen
459	11087	22	0.001984305943898259	Spleen
46	11092	21	0.0018932564010097368	Spleen
460	11096	32	0.002883922134102379	Spleen
461	11104	36	0.0032420749279538905	Spleen
462	11100	31	0.002792792792792793	Spleen
463	11098	43	0.0038745719949540456	Spleen
464	11094	31	0.002794303226969533	Spleen
465	11095	34	0.003064443442992339	Spleen
466	11090	24	0.002164111812443643	Spleen
467	11103	37	0.003332432675853373	Spleen
468	11091	46	0.004147506987647642	Spleen
469	11100	28	0.0025225225225225223	Spleen
47	11096	31	0.0027937995674116797	Spleen
470	11099	31	0.0027930444184160737	Spleen
471	11074	34	0.0030702546505327797	Spleen
472	11088	26	0.002344877344877345	Spleen
473	11087	21	0.001894110219175611	Spleen
474	11087	25	0.0022548931180662035	Spleen
475	11105	28	0.0025213867627194957	Spleen
476	11105	33	0.0029716343989194057	Spleen
477	11090	35	0.0031559963931469793	Spleen
478	11086	29	0.0026159119610319323	Spleen
479	11088	35	0.0031565656565656565	Spleen
48	11093	32	0.0028847020643649147	Spleen
480	11104	25	0.0022514409221902018	Spleen
481	11105	38	0.0034218820351193157	Spleen
482	11100	31	0.002792792792792793	Spleen
483	11100	33	0.002972972972972973	Spleen
484	11100	27	0.0024324324324324323	Spleen
485	11088	32	0.002886002886002886	Spleen
486	11093	31	0.0027945551248535114	Spleen
487	11087	37	0.0033372418147379814	Spleen
488	11093	36	0.003245289822410529	Spleen
489	11093	33	0.0029748490038763184	Spleen
49	11091	29	0.0026147326661256874	Spleen
490	11098	32	0.0028834024148495225	Spleen
491	11098	24	0.002162551811137142	Spleen
492	11088	37	0.003336940836940837	Spleen
493	11078	30	0.002708070048745261	Spleen
494	11100	24	0.002162162162162162	Spleen
495	11090	39	0.0035166816952209197	Spleen
496	11100	24	0.002162162162162162	Spleen
497	11094	33	0.0029745808545159546	Spleen
498	11091	23	0.002073753493823821	Spleen
499	11097	40	0.0036045778138235557	Spleen
5	11103	39	0.0035125641718454473	Spleen
50	11089	32	0.0028857426278293807	Spleen
500	11088	35	0.0031565656565656565	Spleen
501	11089	22	0.001983948056632699	Spleen
502	11100	31	0.002792792792792793	Spleen
503	11094	25	0.0022534703443302688	Spleen
504	11098	32	0.0028834024148495225	Spleen
505	11090	33	0.002975653742110009	Spleen
506	11097	40	0.0036045778138235557	Spleen
507	11097	28	0.0025232044696764894	Spleen
508	11106	18	0.0016207455429497568	Spleen
509	11089	31	0.0027955631707097125	Spleen
51	11089	23	0.0020741275137523673	Spleen
510	11093	35	0.0031551428828991254	Spleen
511	11101	35	0.0031528691108909106	Spleen
512	11106	22	0.0019809112191608138	Spleen
513	11093	34	0.003064995943387722	Spleen
514	11099	25	0.0022524551761419946	Spleen
515	11093	26	0.0023438204272964933	Spleen
516	11090	25	0.002254283137962128	Spleen
517	11088	21	0.001893939393939394	Spleen
518	11092	26	0.0023440317345834838	Spleen
519	11093	34	0.003064995943387722	Spleen
52	11095	34	0.003064443442992339	Spleen
520	11089	33	0.0029759220849490484	Spleen
521	11095	29	0.0026137899954934655	Spleen
522	11090	32	0.002885482416591524	Spleen
523	11101	30	0.002702459237906495	Spleen
524	11098	35	0.0031537213912416653	Spleen
525	11084	39	0.0035185853482497293	Spleen
526	11102	24	0.0021617726535759323	Spleen
527	11093	34	0.003064995943387722	Spleen
528	11107	25	0.0022508328081390114	Spleen
529	11094	30	0.0027041644131963224	Spleen
53	11096	29	0.002613554434030281	Spleen
530	11080	32	0.002888086642599278	Spleen
531	11084	37	0.0033381450739805125	Spleen
532	11085	23	0.002074875958502481	Spleen
533	11100	27	0.0024324324324324323	Spleen
534	11096	23	0.002072819033886085	Spleen
535	11094	36	0.003244997295835587	Spleen
536	11095	23	0.0020730058584948175	Spleen
537	11093	31	0.0027945551248535114	Spleen
538	11099	32	0.002883142625461753	Spleen
539	11081	35	0.0031585596967782692	Spleen
54	11091	31	0.0027950590568929764	Spleen
540	11096	22	0.0019826964671953856	Spleen
541	11090	31	0.002795311091073039	Spleen
542	11092	33	0.0029751172015867293	Spleen
543	11101	27	0.0024322133141158452	Spleen
544	11088	28	0.0025252525252525255	Spleen
545	11092	30	0.002704652001442481	Spleen
546	11094	27	0.0024337479718766902	Spleen
547	11095	28	0.002523659305993691	Spleen
548	11091	27	0.002434406275358399	Spleen
549	11096	19	0.0017123287671232876	Spleen
55	11088	35	0.0031565656565656565	Spleen
550	11095	25	0.002253267237494367	Spleen
551	11102	30	0.0027022158169699153	Spleen
552	11095	31	0.002794051374493015	Spleen
553	11096	35	0.003154289834174477	Spleen
554	11086	39	0.0035179505682843225	Spleen
555	11090	22	0.0019837691614066726	Spleen
556	11094	26	0.0023436091581034795	Spleen
557	11079	36	0.003249390739236393	Spleen
558	11087	30	0.0027058717416794443	Spleen
559	11089	30	0.0027053837135900443	Spleen
56	11086	29	0.0026159119610319323	Spleen
560	11089	27	0.0024348453422310397	Spleen
561	11087	21	0.001894110219175611	Spleen
562	11094	26	0.0023436091581034795	Spleen
563	11084	24	0.0021652832912306026	Spleen
564	11103	24	0.0021615779519048904	Spleen
565	11096	28	0.0025234318673395817	Spleen
566	11090	33	0.002975653742110009	Spleen
567	11097	39	0.003514463368477967	Spleen
568	11095	26	0.0023433979269941417	Spleen
569	11100	31	0.002792792792792793	Spleen
57	11099	29	0.002612848004324714	Spleen
570	11074	39	0.0035217626873758354	Spleen
571	11098	29	0.0026130834384573798	Spleen
572	11080	22	0.0019855595667870036	Spleen
573	11098	26	0.002342764462065237	Spleen
574	11092	30	0.002704652001442481	Spleen
575	11091	36	0.0032458750338111983	Spleen
576	11087	30	0.0027058717416794443	Spleen
577	11086	29	0.0026159119610319323	Spleen
578	11098	29	0.0026130834384573798	Spleen
579	11100	24	0.002162162162162162	Spleen
58	11094	32	0.002884442040742744	Spleen
580	11098	32	0.0028834024148495225	Spleen
581	11100	29	0.002612612612612613	Spleen
582	11093	27	0.002433967366807897	Spleen
583	11084	31	0.002796824251172862	Spleen
584	11079	29	0.00261756476216265	Spleen
585	11090	28	0.0025247971145175834	Spleen
586	11099	35	0.003153437246598793	Spleen
587	11082	27	0.0024363833243096914	Spleen
588	11095	24	0.002163136547994592	Spleen
589	11103	29	0.002611906691885076	Spleen
59	11110	22	0.0019801980198019802	Spleen
590	11081	33	0.0029780705712480825	Spleen
591	11090	31	0.002795311091073039	Spleen
592	11105	34	0.003061683926159388	Spleen
593	11098	32	0.0028834024148495225	Spleen
594	11090	28	0.0025247971145175834	Spleen
595	11092	30	0.002704652001442481	Spleen
596	11089	33	0.0029759220849490484	Spleen
597	11097	26	0.0023429755789853113	Spleen
598	11094	23	0.0020731927167838473	Spleen
599	11093	23	0.0020733796087622825	Spleen
6	11093	34	0.003064995943387722	Spleen
60	11084	32	0.00288704438830747	Spleen
600	11090	20	0.0018034265103697023	Spleen
601	11100	37	0.0033333333333333335	Spleen
602	11078	37	0.003339953060119155	Spleen
603	11093	29	0.002614261245830704	Spleen
604	11089	29	0.002615204256470376	Spleen
605	11101	25	0.002252049364922079	Spleen
606	11098	23	0.002072445485673094	Spleen
607	11090	26	0.002344454463480613	Spleen
608	11097	32	0.0028836622510588447	Spleen
609	11094	29	0.0026140255994231117	Spleen
61	11079	29	0.00261756476216265	Spleen
610	11084	37	0.0033381450739805125	Spleen
611	11090	32	0.002885482416591524	Spleen
612	11100	24	0.002162162162162162	Spleen
613	11103	21	0.0018913807079167792	Spleen
614	11088	29	0.0026154401154401155	Spleen
615	11093	28	0.0025241143063193003	Spleen
616	11093	29	0.002614261245830704	Spleen
617	11098	31	0.002793296089385475	Spleen
618	11100	32	0.002882882882882883	Spleen
619	11086	25	0.002255096518130976	Spleen
62	11094	29	0.0026140255994231117	Spleen
620	11078	30	0.002708070048745261	Spleen
621	11094	32	0.002884442040742744	Spleen
622	11081	25	0.002256114069127335	Spleen
623	11088	31	0.002795815295815296	Spleen
624	11090	34	0.0030658250676284943	Spleen
625	11085	37	0.0033378439332431213	Spleen
626	11085	26	0.002345511953089761	Spleen
627	11096	33	0.0029740447007930784	Spleen
628	11092	26	0.0023440317345834838	Spleen
629	11093	29	0.002614261245830704	Spleen
63	11079	25	0.0022565213466919395	Spleen
630	11100	34	0.003063063063063063	Spleen
631	11096	31	0.0027937995674116797	Spleen
632	11076	30	0.0027085590465872156	Spleen
633	11092	35	0.003155427335016228	Spleen
634	11080	40	0.0036101083032490976	Spleen
635	11091	32	0.002885222252276621	Spleen
636	11097	21	0.001892403352257367	Spleen
637	11093	34	0.003064995943387722	Spleen
638	11097	26	0.0023429755789853113	Spleen
639	11096	29	0.002613554434030281	Spleen
64	11101	39	0.0035131970092784435	Spleen
640	11074	22	0.0019866353621094453	Spleen
641	11096	30	0.0027036770007209804	Spleen
642	11085	28	0.002525935949481281	Spleen
643	11082	30	0.0027070925825663237	Spleen
644	11096	32	0.002883922134102379	Spleen
645	11091	39	0.0035163646199621317	Spleen
646	11097	33	0.0029737766964044337	Spleen
647	11083	28	0.002526391771181088	Spleen
648	11094	28	0.002523886785649901	Spleen
649	11100	24	0.002162162162162162	Spleen
65	11092	35	0.003155427335016228	Spleen
650	11106	33	0.002971366828741221	Spleen
651	11094	32	0.002884442040742744	Spleen
652	11093	27	0.002433967366807897	Spleen
653	11076	30	0.0027085590465872156	Spleen
654	11094	36	0.003244997295835587	Spleen
655	11106	31	0.0027912839906356923	Spleen
656	11100	22	0.001981981981981982	Spleen
657	11096	30	0.0027036770007209804	Spleen
658	11103	34	0.003062235431865262	Spleen
659	11102	29	0.0026121419564042515	Spleen
66	11088	29	0.0026154401154401155	Spleen
660	11090	26	0.002344454463480613	Spleen
661	11088	29	0.0026154401154401155	Spleen
662	11092	32	0.00288496213487198	Spleen
663	11098	29	0.0026130834384573798	Spleen
664	11098	39	0.0035141466930978553	Spleen
665	11094	23	0.0020731927167838473	Spleen
666	11087	31	0.0027960674664020925	Spleen
667	11098	30	0.0027031897639214274	Spleen
668	11094	35	0.003154858482062376	Spleen
669	11098	26	0.002342764462065237	Spleen
67	11100	41	0.0036936936936936937	Spleen
670	11092	28	0.0025243418680129825	Spleen
671	11088	17	0.0015331890331890332	Spleen
672	11092	23	0.0020735665344392357	Spleen
673	11090	31	0.002795311091073039	Spleen
674	11089	28	0.002525024799350708	Spleen
675	11090	30	0.002705139765554554	Spleen
676	11076	36	0.0032502708559046588	Spleen
677	11097	26	0.0023429755789853113	Spleen
678	11094	23	0.0020731927167838473	Spleen
679	11091	36	0.0032458750338111983	Spleen
68	11085	31	0.002796571944068561	Spleen
680	11098	28	0.002522977112993332	Spleen
681	11103	28	0.002521840943889039	Spleen
682	11088	25	0.0022546897546897545	Spleen
683	11092	27	0.002434186801298233	Spleen
684	11094	24	0.002163331530557058	Spleen
685	11093	32	0.0028847020643649147	Spleen
686	11103	36	0.0032423669278573357	Spleen
687	11085	27	0.002435723951285521	Spleen
688	11096	24	0.0021629416005767843	Spleen
689	11091	21	0.0018934271030565323	Spleen
69	11091	34	0.0030655486430439093	Spleen
690	11098	28	0.002522977112993332	Spleen
691	11095	29	0.0026137899954934655	Spleen
692	11103	25	0.002251643699900928	Spleen
693	11087	32	0.0028862631911247406	Spleen
694	11088	34	0.0030663780663780665	Spleen
695	11102	36	0.0032426589803638984	Spleen
696	11088	37	0.003336940836940837	Spleen
697	11098	24	0.002162551811137142	Spleen
698	11093	37	0.003335436761921933	Spleen
699	11107	28	0.0025209327451156927	Spleen
7	11093	26	0.0023438204272964933	Spleen
70	11098	34	0.0030636150657776177	Spleen
700	11087	20	0.001803914494452963	Spleen
701	11091	29	0.0026147326661256874	Spleen
702	11087	33	0.0029764589158473888	Spleen
703	11105	31	0.0027915353444394417	Spleen
704	11101	34	0.0030627871362940277	Spleen
705	11085	25	0.0022552999548940008	Spleen
706	11097	32	0.0028836622510588447	Spleen
707	11091	36	0.0032458750338111983	Spleen
708	11096	34	0.0030641672674837778	Spleen
709	11100	25	0.0022522522522522522	Spleen
71	11079	30	0.0027078256160303275	Spleen
710	11090	33	0.002975653742110009	Spleen
711	11100	34	0.003063063063063063	Spleen
712	11087	31	0.0027960674664020925	Spleen
713	11090	31	0.002795311091073039	Spleen
714	11087	34	0.003066654640570037	Spleen
715	11099	46	0.0041445175241012705	Spleen
716	11094	38	0.0034252749233820083	Spleen
717	11086	25	0.002255096518130976	Spleen
718	11088	34	0.0030663780663780665	Spleen
719	11099	30	0.0027029462113703938	Spleen
72	11086	30	0.0027061158217571712	Spleen
720	11086	34	0.003066931264658127	Spleen
721	11097	25	0.0022528611336397227	Spleen
722	11102	27	0.002431994235272924	Spleen
723	11089	32	0.0028857426278293807	Spleen
724	11102	36	0.0032426589803638984	Spleen
725	11099	44	0.003964321110009911	Spleen
726	11098	35	0.0031537213912416653	Spleen
727	11097	24	0.0021627466882941336	Spleen
728	11099	29	0.002612848004324714	Spleen
729	11097	27	0.0024330900243309003	Spleen
73	11088	32	0.002886002886002886	Spleen
730	11099	25	0.0022524551761419946	Spleen
731	11095	28	0.002523659305993691	Spleen
732	11095	40	0.003605227579990987	Spleen
733	11089	34	0.0030661015420687166	Spleen
734	11087	22	0.001984305943898259	Spleen
735	11083	30	0.0027068483262654517	Spleen
736	11103	29	0.002611906691885076	Spleen
737	11096	27	0.0024333093006488823	Spleen
738	11074	29	0.0026187466136897235	Spleen
739	11092	27	0.002434186801298233	Spleen
74	11095	37	0.003334835511491663	Spleen
740	11098	32	0.0028834024148495225	Spleen
741	11086	33	0.002976727403932888	Spleen
742	11093	28	0.0025241143063193003	Spleen
743	11094	31	0.002794303226969533	Spleen
744	11095	33	0.002974312753492564	Spleen
745	11098	27	0.0024328707875292846	Spleen
746	11079	43	0.0038812167163101365	Spleen
747	11104	24	0.002161383285302594	Spleen
748	11101	25	0.002252049364922079	Spleen
749	11106	37	0.0033315325049522782	Spleen
75	11088	29	0.0026154401154401155	Spleen
750	11103	32	0.0028821039358731875	Spleen
751	11098	31	0.002793296089385475	Spleen
752	11088	25	0.0022546897546897545	Spleen
753	11094	37	0.0033351361096087976	Spleen
754	11092	29	0.002614496934727732	Spleen
755	11088	26	0.002344877344877345	Spleen
756	11094	30	0.0027041644131963224	Spleen
757	11088	33	0.002976190476190476	Spleen
758	11095	30	0.0027039206849932404	Spleen
759	11102	23	0.0020716987930102684	Spleen
76	11102	26	0.00234192037470726	Spleen
760	11099	18	0.0016217677268222362	Spleen
761	11084	30	0.0027066041140382533	Spleen
762	11086	33	0.002976727403932888	Spleen
763	11098	21	0.001892232834744999	Spleen
764	11096	31	0.0027937995674116797	Spleen
765	11100	28	0.0025225225225225223	Spleen
766	11083	35	0.00315798971397636	Spleen
767	11087	23	0.002074501668620907	Spleen
768	11095	28	0.002523659305993691	Spleen
769	11079	25	0.0022565213466919395	Spleen
77	11102	31	0.002792289677535579	Spleen
770	11091	26	0.0023442430799747544	Spleen
771	11086	33	0.002976727403932888	Spleen
772	11099	25	0.0022524551761419946	Spleen
773	11081	26	0.0023463586318924284	Spleen
774	11087	25	0.0022548931180662035	Spleen
775	11088	33	0.002976190476190476	Spleen
776	11105	33	0.0029716343989194057	Spleen
777	11089	35	0.003156280999188385	Spleen
778	11094	27	0.0024337479718766902	Spleen
779	11097	33	0.0029737766964044337	Spleen
78	11085	28	0.002525935949481281	Spleen
780	11094	27	0.0024337479718766902	Spleen
781	11077	26	0.002347205922181096	Spleen
782	11093	32	0.0028847020643649147	Spleen
783	11100	21	0.0018918918918918919	Spleen
784	11085	31	0.002796571944068561	Spleen
785	11086	28	0.0025257081003066933	Spleen
786	11088	26	0.002344877344877345	Spleen
787	11092	31	0.0027948070681572306	Spleen
788	11094	33	0.0029745808545159546	Spleen
789	11093	35	0.0031551428828991254	Spleen
79	11097	38	0.003424348923132378	Spleen
790	11087	31	0.0027960674664020925	Spleen
791	11088	29	0.0026154401154401155	Spleen
792	11101	30	0.002702459237906495	Spleen
793	11101	36	0.003242951085487794	Spleen
794	11078	30	0.002708070048745261	Spleen
795	11098	29	0.0026130834384573798	Spleen
796	11092	39	0.0035160476018752254	Spleen
797	11109	29	0.002610495994238905	Spleen
798	11096	30	0.0027036770007209804	Spleen
799	11096	30	0.0027036770007209804	Spleen
8	11098	33	0.00297350874031357	Spleen
80	11092	31	0.0027948070681572306	Spleen
800	11089	28	0.002525024799350708	Spleen
801	11091	30	0.002704895861509332	Spleen
802	11099	29	0.002612848004324714	Spleen
803	11090	34	0.0030658250676284943	Spleen
804	11096	31	0.0027937995674116797	Spleen
805	11093	30	0.0027044081853421077	Spleen
806	11100	30	0.002702702702702703	Spleen
807	11096	27	0.0024333093006488823	Spleen
808	11104	40	0.0036023054755043226	Spleen
809	11094	36	0.003244997295835587	Spleen
81	11101	27	0.0024322133141158452	Spleen
810	11105	34	0.003061683926159388	Spleen
811	11095	32	0.0028841820639927897	Spleen
812	11096	36	0.0032444124008651765	Spleen
813	11087	26	0.0023450888427888517	Spleen
814	11092	25	0.0022538766678687344	Spleen
815	11103	26	0.0023417094478969647	Spleen
816	11088	23	0.0020743145743145745	Spleen
817	11091	27	0.002434406275358399	Spleen
818	11088	42	0.003787878787878788	Spleen
819	11098	27	0.0024328707875292846	Spleen
82	11094	44	0.003966107806021273	Spleen
820	11096	36	0.0032444124008651765	Spleen
821	11094	34	0.0030647196682891654	Spleen
822	11091	24	0.0021639166892074655	Spleen
823	11082	29	0.0026168561631474464	Spleen
824	11091	31	0.0027950590568929764	Spleen
825	11101	23	0.0020718854157283128	Spleen
826	11094	29	0.0026140255994231117	Spleen
827	11105	27	0.002431337235479514	Spleen
828	11090	19	0.0017132551848512173	Spleen
829	11089	31	0.0027955631707097125	Spleen
83	11102	30	0.0027022158169699153	Spleen
830	11094	33	0.0029745808545159546	Spleen
831	11092	24	0.002163721601153985	Spleen
832	11093	29	0.002614261245830704	Spleen
833	11102	32	0.002882363538101243	Spleen
834	11104	31	0.00279178674351585	Spleen
835	11095	26	0.0023433979269941417	Spleen
836	11109	27	0.0024304617877396704	Spleen
837	11090	27	0.0024346257889990984	Spleen
838	11090	24	0.002164111812443643	Spleen
839	11084	26	0.0023457235654998194	Spleen
84	11096	25	0.0022530641672674837	Spleen
840	11084	32	0.00288704438830747	Spleen
841	11099	29	0.002612848004324714	Spleen
842	11088	34	0.0030663780663780665	Spleen
843	11101	32	0.002882623187100261	Spleen
844	11100	23	0.002072072072072072	Spleen
845	11097	27	0.0024330900243309003	Spleen
846	11093	31	0.0027945551248535114	Spleen
847	11089	38	0.0034268193705473894	Spleen
848	11094	26	0.0023436091581034795	Spleen
849	11095	22	0.0019828751689950426	Spleen
85	11093	24	0.0021635265482736863	Spleen
850	11098	24	0.002162551811137142	Spleen
851	11093	38	0.003425583701433336	Spleen
852	11091	24	0.0021639166892074655	Spleen
853	11087	23	0.002074501668620907	Spleen
854	11092	32	0.00288496213487198	Spleen
855	11084	31	0.002796824251172862	Spleen
856	11088	27	0.002435064935064935	Spleen
857	11094	30	0.0027041644131963224	Spleen
858	11089	27	0.0024348453422310397	Spleen
859	11093	23	0.0020733796087622825	Spleen
86	11098	23	0.002072445485673094	Spleen
860	11097	27	0.0024330900243309003	Spleen
861	11094	38	0.0034252749233820083	Spleen
862	11092	44	0.003966822935448972	Spleen
863	11086	33	0.002976727403932888	Spleen
864	11087	24	0.0021646973933435554	Spleen
865	11100	27	0.0024324324324324323	Spleen
866	11105	32	0.0028815848716794235	Spleen
867	11095	20	0.0018026137899954935	Spleen
868	11100	30	0.002702702702702703	Spleen
869	11084	35	0.0031577047997112958	Spleen
87	11094	32	0.002884442040742744	Spleen
870	11093	30	0.0027044081853421077	Spleen
871	11095	27	0.002433528616493916	Spleen
872	11099	26	0.0023425533831876746	Spleen
873	11087	33	0.0029764589158473888	Spleen
874	11082	27	0.0024363833243096914	Spleen
875	11090	21	0.0018935978358881876	Spleen
876	11105	30	0.0027014858171994596	Spleen
877	11102	31	0.002792289677535579	Spleen
878	11070	25	0.002258355916892502	Spleen
879	11096	26	0.002343186733958183	Spleen
88	11099	36	0.0032435354536444723	Spleen
880	11101	25	0.002252049364922079	Spleen
881	11090	37	0.0033363390441839497	Spleen
882	11097	26	0.0023429755789853113	Spleen
883	11095	27	0.002433528616493916	Spleen
884	11100	36	0.003243243243243243	Spleen
885	11106	23	0.0020709526382135784	Spleen
886	11099	41	0.0036940264888728714	Spleen
887	11091	36	0.0032458750338111983	Spleen
888	11089	29	0.002615204256470376	Spleen
889	11091	24	0.0021639166892074655	Spleen
89	11093	37	0.003335436761921933	Spleen
890	11101	22	0.0019818034411314294	Spleen
891	11103	30	0.0027019724398811133	Spleen
892	11102	27	0.002431994235272924	Spleen
893	11091	34	0.0030655486430439093	Spleen
894	11090	30	0.002705139765554554	Spleen
895	11099	42	0.0037841246959185513	Spleen
896	11100	27	0.0024324324324324323	Spleen
897	11106	27	0.0024311183144246355	Spleen
898	11102	36	0.0032426589803638984	Spleen
899	11100	31	0.002792792792792793	Spleen
9	11097	24	0.0021627466882941336	Spleen
90	11085	20	0.0018042399639152007	Spleen
900	11103	29	0.002611906691885076	Spleen
901	11092	29	0.002614496934727732	Spleen
902	11100	31	0.002792792792792793	Spleen
903	11081	29	0.0026170923201877085	Spleen
904	11094	34	0.0030647196682891654	Spleen
905	11091	28	0.002524569470742043	Spleen
906	11088	28	0.0025252525252525255	Spleen
907	11102	32	0.002882363538101243	Spleen
908	11090	24	0.002164111812443643	Spleen
909	11097	32	0.0028836622510588447	Spleen
91	11103	36	0.0032423669278573357	Spleen
910	11097	30	0.002703433360367667	Spleen
911	11099	33	0.002973240832507433	Spleen
912	11100	21	0.0018918918918918919	Spleen
913	11092	26	0.0023440317345834838	Spleen
914	11086	30	0.0027061158217571712	Spleen
915	11090	34	0.0030658250676284943	Spleen
916	11092	28	0.0025243418680129825	Spleen
917	11084	35	0.0031577047997112958	Spleen
918	11084	29	0.0026163839769036447	Spleen
919	11097	34	0.0030638911417500223	Spleen
92	11096	30	0.0027036770007209804	Spleen
920	11095	34	0.003064443442992339	Spleen
921	11088	24	0.0021645021645021645	Spleen
922	11085	37	0.0033378439332431213	Spleen
923	11111	32	0.0028800288002880027	Spleen
924	11091	31	0.0027950590568929764	Spleen
925	11098	26	0.002342764462065237	Spleen
926	11091	34	0.0030655486430439093	Spleen
927	11088	30	0.0027056277056277055	Spleen
928	11091	25	0.00225407988459111	Spleen
929	11099	20	0.0018019641409135958	Spleen
93	11090	40	0.0036068530207394047	Spleen
930	11096	32	0.002883922134102379	Spleen
931	11081	41	0.0037000270733688295	Spleen
932	11092	26	0.0023440317345834838	Spleen
933	11099	33	0.002973240832507433	Spleen
934	11084	32	0.00288704438830747	Spleen
935	11093	26	0.0023438204272964933	Spleen
936	11091	36	0.0032458750338111983	Spleen
937	11081	25	0.002256114069127335	Spleen
938	11086	39	0.0035179505682843225	Spleen
939	11097	34	0.0030638911417500223	Spleen
94	11099	28	0.002522749797279034	Spleen
940	11089	34	0.0030661015420687166	Spleen
941	11091	34	0.0030655486430439093	Spleen
942	11091	28	0.002524569470742043	Spleen
943	11102	41	0.0036930282831922176	Spleen
944	11100	26	0.0023423423423423423	Spleen
945	11095	25	0.002253267237494367	Spleen
946	11098	30	0.0027031897639214274	Spleen
947	11090	29	0.0026149684400360684	Spleen
948	11098	37	0.0033339340421697605	Spleen
949	11095	24	0.002163136547994592	Spleen
95	11093	25	0.0022536734877850895	Spleen
950	11109	25	0.0022504275812404357	Spleen
951	11095	30	0.0027039206849932404	Spleen
952	11095	42	0.0037854889589905363	Spleen
953	11089	32	0.0028857426278293807	Spleen
954	11092	28	0.0025243418680129825	Spleen
955	11085	33	0.002976995940460081	Spleen
956	11088	37	0.003336940836940837	Spleen
957	11080	43	0.00388086642599278	Spleen
958	11095	29	0.0026137899954934655	Spleen
959	11096	26	0.002343186733958183	Spleen
96	11089	27	0.0024348453422310397	Spleen
960	11090	27	0.0024346257889990984	Spleen
961	11090	26	0.002344454463480613	Spleen
962	11094	28	0.002523886785649901	Spleen
963	11100	37	0.0033333333333333335	Spleen
964	11083	36	0.003248217991518542	Spleen
965	11093	29	0.002614261245830704	Spleen
966	11101	28	0.0025222952887127286	Spleen
967	11100	29	0.002612612612612613	Spleen
968	11091	31	0.0027950590568929764	Spleen
969	11106	30	0.002701242571582928	Spleen
97	11099	34	0.003063339039553113	Spleen
970	11091	23	0.002073753493823821	Spleen
971	11092	31	0.0027948070681572306	Spleen
972	11086	29	0.0026159119610319323	Spleen
973	11099	30	0.0027029462113703938	Spleen
974	11085	20	0.0018042399639152007	Spleen
975	11077	32	0.0028888688272998104	Spleen
976	11098	38	0.003424040367633808	Spleen
977	11099	29	0.002612848004324714	Spleen
978	11094	27	0.0024337479718766902	Spleen
979	11098	35	0.0031537213912416653	Spleen
98	11079	31	0.002798086469898005	Spleen
980	11098	27	0.0024328707875292846	Spleen
981	11091	31	0.0027950590568929764	Spleen
982	11081	34	0.003068315134013176	Spleen
983	11093	25	0.0022536734877850895	Spleen
984	11105	30	0.0027014858171994596	Spleen
985	11097	30	0.002703433360367667	Spleen
986	11098	23	0.002072445485673094	Spleen
987	11084	27	0.002435943702634428	Spleen
988	11084	20	0.001804402742692169	Spleen
989	11094	25	0.0022534703443302688	Spleen
99	11094	34	0.0030647196682891654	Spleen
990	11090	29	0.0026149684400360684	Spleen
991	11097	31	0.0027935478057132556	Spleen
992	11085	25	0.0022552999548940008	Spleen
993	11088	35	0.0031565656565656565	Spleen
994	11082	28	0.0025266197437285687	Spleen
995	11087	30	0.0027058717416794443	Spleen
996	11093	34	0.003064995943387722	Spleen
997	11100	31	0.002792792792792793	Spleen
998	11097	33	0.0029737766964044337	Spleen
999	11088	38	0.003427128427128427	Spleen
1	49354	122	0.002471937431616485	Whole_Blood
10	49336	108	0.002189070861034539	Whole_Blood
100	49357	123	0.002492047733857406	Whole_Blood
1000	49321	125	0.0025344173881308163	Whole_Blood
101	49350	130	0.0026342451874366768	Whole_Blood
102	49379	113	0.0022884222037708336	Whole_Blood
103	49359	131	0.0026540245953118984	Whole_Blood
104	49364	130	0.0026334980957783	Whole_Blood
105	49360	132	0.002674230145867099	Whole_Blood
106	49349	122	0.002472187886279357	Whole_Blood
107	49385	127	0.0025716310620633796	Whole_Blood
108	49353	106	0.002147792434097218	Whole_Blood
109	49325	122	0.002473390775468829	Whole_Blood
11	49358	126	0.0025527776652214435	Whole_Blood
110	49365	123	0.00249164387724096	Whole_Blood
111	49294	126	0.0025560920193126954	Whole_Blood
112	49369	119	0.0024104194940144626	Whole_Blood
113	49383	133	0.002693234513901545	Whole_Blood
114	49356	127	0.002573142069859794	Whole_Blood
115	49333	88	0.0017837958364583545	Whole_Blood
116	49323	131	0.00265596172171198	Whole_Blood
117	49366	109	0.002207997407122311	Whole_Blood
118	49343	121	0.002452222199704112	Whole_Blood
119	49300	125	0.002535496957403651	Whole_Blood
12	49375	134	0.0027139240506329114	Whole_Blood
120	49357	135	0.0027351743420386166	Whole_Blood
121	49369	129	0.002612975754015678	Whole_Blood
122	49356	123	0.0024920982251398008	Whole_Blood
123	49358	131	0.002654078366222294	Whole_Blood
124	49355	139	0.0028163306655860604	Whole_Blood
125	49361	126	0.0025526225157513015	Whole_Blood
126	49321	127	0.0025749680663409097	Whole_Blood
127	49330	135	0.0027366713967159942	Whole_Blood
128	49323	135	0.002737059789550514	Whole_Blood
129	49354	132	0.0026745552538801312	Whole_Blood
13	49359	127	0.002572985676371077	Whole_Blood
130	49330	125	0.002533954996959254	Whole_Blood
131	49326	130	0.002635526902647691	Whole_Blood
132	49348	121	0.002451973737537489	Whole_Blood
133	49346	133	0.0026952539212904796	Whole_Blood
134	49330	132	0.0026758564767889723	Whole_Blood
135	49377	128	0.002592300058731798	Whole_Blood
136	49359	124	0.002512206487165461	Whole_Blood
137	49406	110	0.00222645022871716	Whole_Blood
138	49316	116	0.0023521777921972583	Whole_Blood
139	49346	142	0.002877639524986828	Whole_Blood
14	49381	127	0.002571839371418157	Whole_Blood
140	49329	114	0.0023110138052666786	Whole_Blood
141	49328	123	0.002493512812195913	Whole_Blood
142	49372	121	0.002450781819654865	Whole_Blood
143	49335	125	0.002533698185872099	Whole_Blood
144	49354	105	0.0021274871337682863	Whole_Blood
145	49343	146	0.002958879678981821	Whole_Blood
146	49344	121	0.002452172503242542	Whole_Blood
147	49364	118	0.002390405963860303	Whole_Blood
148	49362	142	0.002876706778493578	Whole_Blood
149	49356	125	0.0025326201474997973	Whole_Blood
15	49354	130	0.002634031689427402	Whole_Blood
150	49374	122	0.00247093612022522	Whole_Blood
151	49372	124	0.0025115450052661426	Whole_Blood
152	49350	123	0.002492401215805471	Whole_Blood
153	49307	122	0.0024742937108321334	Whole_Blood
154	49332	124	0.002513581448147247	Whole_Blood
155	49342	140	0.0028373393863240243	Whole_Blood
156	49351	109	0.0022086685173552715	Whole_Blood
157	49344	104	0.002107652399481193	Whole_Blood
158	49324	119	0.0024126186035195846	Whole_Blood
159	49367	125	0.0025320558267668686	Whole_Blood
16	49329	114	0.0023110138052666786	Whole_Blood
160	49327	126	0.002554381981470594	Whole_Blood
161	49382	121	0.0024502855291401726	Whole_Blood
162	49361	131	0.002653917060027147	Whole_Blood
163	49369	127	0.002572464502015435	Whole_Blood
164	49362	114	0.0023094688221709007	Whole_Blood
165	49334	96	0.001945919649734463	Whole_Blood
166	49310	137	0.0027783411072804707	Whole_Blood
167	49325	114	0.0023112012164216928	Whole_Blood
168	49325	124	0.0025139381652306133	Whole_Blood
169	49349	123	0.0024924517214127946	Whole_Blood
17	49395	148	0.00299625468164794	Whole_Blood
170	49353	105	0.002127530241322716	Whole_Blood
171	49364	114	0.002309375253220971	Whole_Blood
172	49354	134	0.0027150788183328604	Whole_Blood
173	49342	148	0.0029994730655425396	Whole_Blood
174	49353	138	0.002796182602881284	Whole_Blood
175	49335	138	0.002797202797202797	Whole_Blood
176	49361	132	0.002674175968882316	Whole_Blood
177	49367	114	0.0023092349140113842	Whole_Blood
178	49321	127	0.0025749680663409097	Whole_Blood
179	49346	100	0.0020265067077372026	Whole_Blood
18	49404	130	0.0026313658813051574	Whole_Blood
180	49336	120	0.002432300956705043	Whole_Blood
181	49363	120	0.0024309705649980754	Whole_Blood
182	49356	130	0.0026339249533997894	Whole_Blood
183	49320	119	0.0024128142741281426	Whole_Blood
184	49327	110	0.0022300160155695665	Whole_Blood
185	49347	126	0.002553346708006566	Whole_Blood
186	49333	135	0.0027365049763849758	Whole_Blood
187	49378	106	0.0021467050103284864	Whole_Blood
188	49374	146	0.002957021914367886	Whole_Blood
189	49338	122	0.00247273906522356	Whole_Blood
19	49318	116	0.0023520824039904293	Whole_Blood
190	49325	114	0.0023112012164216928	Whole_Blood
191	49348	118	0.002391181000243171	Whole_Blood
192	49349	131	0.0026545624024802935	Whole_Blood
193	49355	133	0.0026947624354168778	Whole_Blood
194	49365	110	0.002228299402410615	Whole_Blood
195	49374	123	0.002491189694981164	Whole_Blood
196	49350	126	0.002553191489361702	Whole_Blood
197	49367	134	0.002714363846294083	Whole_Blood
198	49399	124	0.002510172270693739	Whole_Blood
199	49335	111	0.002249923989054424	Whole_Blood
2	49365	127	0.002572672946419528	Whole_Blood
20	49328	116	0.0023516055789815117	Whole_Blood
200	49378	123	0.0024909878893434323	Whole_Blood
201	49356	118	0.0023907934192398087	Whole_Blood
202	49343	127	0.0025738199947307624	Whole_Blood
203	49385	109	0.0022071479194087276	Whole_Blood
204	49381	117	0.002369332334298617	Whole_Blood
205	49394	118	0.00238895412398267	Whole_Blood
206	49343	148	0.0029994122773240378	Whole_Blood
207	49337	121	0.0024525204207795368	Whole_Blood
208	49341	134	0.002715794167122677	Whole_Blood
209	49342	145	0.0029386729358355963	Whole_Blood
21	49340	124	0.002513173895419538	Whole_Blood
210	49372	131	0.002653325771692457	Whole_Blood
211	49343	117	0.0023711570030196787	Whole_Blood
212	49348	139	0.0028167301613033963	Whole_Blood
213	49350	120	0.0024316109422492403	Whole_Blood
214	49356	114	0.0023097495745198152	Whole_Blood
215	49331	121	0.002452818714398654	Whole_Blood
216	49341	124	0.0025131229606209847	Whole_Blood
217	49320	112	0.0022708840227088404	Whole_Blood
218	49347	124	0.0025128173951810646	Whole_Blood
219	49385	120	0.0024298876176976816	Whole_Blood
22	49328	119	0.0024124229646448263	Whole_Blood
220	49368	122	0.0024712364284556797	Whole_Blood
221	49316	133	0.002696893503122719	Whole_Blood
222	49314	120	0.002433386056697895	Whole_Blood
223	49364	132	0.002674013451097966	Whole_Blood
224	49387	145	0.002935995302407516	Whole_Blood
225	49345	113	0.002289998986726112	Whole_Blood
226	49333	129	0.0026148825329900876	Whole_Blood
227	49309	133	0.002697276359285323	Whole_Blood
228	49346	125	0.0025331333846715033	Whole_Blood
229	49312	106	0.0021495781959766386	Whole_Blood
23	49350	125	0.0025329280648429585	Whole_Blood
230	49337	123	0.0024930579483957273	Whole_Blood
231	49356	134	0.002714968798119783	Whole_Blood
232	49356	116	0.002350271496879812	Whole_Blood
233	49381	120	0.0024300844454344787	Whole_Blood
234	49296	103	0.0020894190197987667	Whole_Blood
235	49393	133	0.0026926892474642156	Whole_Blood
236	49346	129	0.0026141936529809912	Whole_Blood
237	49370	138	0.0027952197690905406	Whole_Blood
238	49380	123	0.002490886998784933	Whole_Blood
239	49365	118	0.0023903575407677505	Whole_Blood
24	49391	128	0.0025915652649268085	Whole_Blood
240	49346	134	0.0027155189883678516	Whole_Blood
241	49341	132	0.002675259925822338	Whole_Blood
242	49357	121	0.0024515266324938714	Whole_Blood
243	49361	111	0.002248738882923766	Whole_Blood
244	49382	117	0.002369284354623142	Whole_Blood
245	49329	132	0.0026759107218877333	Whole_Blood
246	49360	127	0.0025729335494327392	Whole_Blood
247	49344	116	0.0023508430609597924	Whole_Blood
248	49397	129	0.002611494625179667	Whole_Blood
249	49344	108	0.002188715953307393	Whole_Blood
25	49349	124	0.002512715556546232	Whole_Blood
250	49378	114	0.002308720482806108	Whole_Blood
251	49307	121	0.002454012614841706	Whole_Blood
252	49318	120	0.002433188693783203	Whole_Blood
253	49361	108	0.0021879621563582587	Whole_Blood
254	49361	116	0.002350033427199611	Whole_Blood
255	49348	126	0.002553294966361352	Whole_Blood
256	49313	121	0.002453714030782958	Whole_Blood
257	49312	147	0.0029810188189487346	Whole_Blood
258	49361	113	0.002289256700634104	Whole_Blood
259	49359	108	0.002188050811402176	Whole_Blood
26	49349	135	0.0027356177430140427	Whole_Blood
260	49379	120	0.0024301828712610623	Whole_Blood
261	49333	115	0.0023310968317353494	Whole_Blood
262	49360	139	0.0028160453808752026	Whole_Blood
263	49352	115	0.0023301993840168585	Whole_Blood
264	49358	109	0.0022083552818185502	Whole_Blood
265	49288	125	0.0025361142671644216	Whole_Blood
266	49372	121	0.002450781819654865	Whole_Blood
267	49296	134	0.0027182732878935413	Whole_Blood
268	49320	124	0.0025141930251419303	Whole_Blood
269	49337	129	0.0026146705312442993	Whole_Blood
27	49321	117	0.0023722146752904443	Whole_Blood
270	49348	110	0.0022290670341249897	Whole_Blood
271	49351	132	0.0026747178375311543	Whole_Blood
272	49324	108	0.002189603438488363	Whole_Blood
273	49323	125	0.0025343146199541798	Whole_Blood
274	49336	126	0.002553916004540295	Whole_Blood
275	49352	123	0.0024923002107310748	Whole_Blood
276	49346	145	0.0029384347262189437	Whole_Blood
277	49354	113	0.0022895813915792033	Whole_Blood
278	49348	115	0.002330388262948853	Whole_Blood
279	49316	122	0.0024738421607591854	Whole_Blood
28	49327	102	0.0020678330326190522	Whole_Blood
280	49333	106	0.002148663166643018	Whole_Blood
281	49323	139	0.0028181578573890477	Whole_Blood
282	49375	125	0.002531645569620253	Whole_Blood
283	49320	131	0.002656123276561233	Whole_Blood
284	49376	128	0.002592352559948153	Whole_Blood
285	49352	133	0.002694926244123845	Whole_Blood
286	49355	118	0.0023908418599939214	Whole_Blood
287	49346	126	0.0025533984517488754	Whole_Blood
288	49338	117	0.0023713973002553812	Whole_Blood
289	49352	119	0.0024112497973739666	Whole_Blood
29	49343	113	0.0022900918063352453	Whole_Blood
290	49348	125	0.0025330307205965793	Whole_Blood
291	49342	134	0.0027157391269101373	Whole_Blood
292	49334	131	0.002655369522033486	Whole_Blood
293	49368	109	0.0022079079565710583	Whole_Blood
294	49369	136	0.0027547651360165285	Whole_Blood
295	49333	112	0.0022702856100379055	Whole_Blood
296	49324	111	0.0022504257562241505	Whole_Blood
297	49352	137	0.0027759766574809532	Whole_Blood
298	49357	123	0.002492047733857406	Whole_Blood
299	49352	131	0.002654401037445291	Whole_Blood
3	49370	138	0.0027952197690905406	Whole_Blood
30	49330	126	0.002554226636934928	Whole_Blood
300	49365	127	0.002572672946419528	Whole_Blood
301	49320	126	0.0025547445255474453	Whole_Blood
302	49336	133	0.002695800227014756	Whole_Blood
303	49366	141	0.002856216829396751	Whole_Blood
304	49366	106	0.0021472268362840823	Whole_Blood
305	49317	125	0.0025346229494900337	Whole_Blood
306	49381	127	0.002571839371418157	Whole_Blood
307	49347	121	0.002452023425942813	Whole_Blood
308	49392	123	0.002490281827016521	Whole_Blood
309	49335	122	0.0024728894294111683	Whole_Blood
31	49396	128	0.0025913029395092722	Whole_Blood
310	49373	126	0.002552002106414437	Whole_Blood
311	49369	107	0.002167351982013004	Whole_Blood
312	49353	114	0.0023098899762932345	Whole_Blood
313	49354	121	0.00245167564939012	Whole_Blood
314	49323	141	0.0028587068913083144	Whole_Blood
315	49384	112	0.002267941033533128	Whole_Blood
316	49331	123	0.002493361172487888	Whole_Blood
317	49337	122	0.002472789184587632	Whole_Blood
318	49324	131	0.002655907874462736	Whole_Blood
319	49398	127	0.002570954289647354	Whole_Blood
32	49318	135	0.0027373372805061034	Whole_Blood
320	49374	152	0.0030785433629035527	Whole_Blood
321	49342	138	0.002796805966519395	Whole_Blood
322	49319	139	0.002818386423082382	Whole_Blood
323	49339	121	0.0024524210056952917	Whole_Blood
324	49348	124	0.0025127664748318067	Whole_Blood
325	49374	127	0.002572203994004942	Whole_Blood
326	49321	129	0.0026155187445510027	Whole_Blood
327	49334	107	0.0021688896095998704	Whole_Blood
328	49322	119	0.0024127164348566564	Whole_Blood
329	49374	124	0.0025114432697371084	Whole_Blood
33	49350	150	0.00303951367781155	Whole_Blood
330	49377	153	0.0030986086639528524	Whole_Blood
331	49343	127	0.0025738199947307624	Whole_Blood
332	49348	104	0.002107481559536354	Whole_Blood
333	49346	118	0.002391277915129899	Whole_Blood
334	49374	137	0.0027747397415643863	Whole_Blood
335	49359	124	0.002512206487165461	Whole_Blood
336	49313	130	0.002636221685965161	Whole_Blood
337	49314	123	0.0024942207081153425	Whole_Blood
338	49345	122	0.0024723882865538556	Whole_Blood
339	49322	120	0.002432991362880662	Whole_Blood
34	49337	130	0.0026349392950523946	Whole_Blood
340	49360	142	0.0028768233387358186	Whole_Blood
341	49322	122	0.0024735412189286726	Whole_Blood
342	49343	122	0.0024724884988752203	Whole_Blood
343	49326	121	0.0024530673478490046	Whole_Blood
344	49356	121	0.002451576302779804	Whole_Blood
345	49320	133	0.002696674776966748	Whole_Blood
346	49341	126	0.002553657201921323	Whole_Blood
347	49350	111	0.0022492401215805473	Whole_Blood
348	49359	125	0.0025324662169006664	Whole_Blood
349	49335	108	0.0021891152325934937	Whole_Blood
35	49336	149	0.003020107021242095	Whole_Blood
350	49319	107	0.00216954926093392	Whole_Blood
351	49314	112	0.002271160319584702	Whole_Blood
352	49336	130	0.00263499270309713	Whole_Blood
353	49322	121	0.0024532662909046675	Whole_Blood
354	49346	114	0.002310217646820411	Whole_Blood
355	49381	107	0.002166825297179077	Whole_Blood
356	49373	104	0.0021064144370404876	Whole_Blood
357	49337	134	0.002716014350284776	Whole_Blood
358	49341	110	0.0022293832715186155	Whole_Blood
359	49333	126	0.0025540713112926438	Whole_Blood
36	49316	112	0.0022710682131559736	Whole_Blood
360	49350	115	0.0023302938196555216	Whole_Blood
361	49361	117	0.00237029233605478	Whole_Blood
362	49335	118	0.0023918110874632612	Whole_Blood
363	49321	133	0.0026966201009711887	Whole_Blood
364	49335	126	0.002553967771359076	Whole_Blood
365	49326	121	0.0024530673478490046	Whole_Blood
366	49326	123	0.002493613915582046	Whole_Blood
367	49366	111	0.0022485111210144636	Whole_Blood
368	49321	122	0.002473591370815677	Whole_Blood
369	49315	114	0.0023116698773192742	Whole_Blood
37	49312	147	0.0029810188189487346	Whole_Blood
370	49316	116	0.0023521777921972583	Whole_Blood
371	49383	133	0.002693234513901545	Whole_Blood
372	49348	116	0.002350652508713626	Whole_Blood
373	49354	110	0.0022287960449001096	Whole_Blood
374	49337	140	0.002837626933133348	Whole_Blood
375	49365	119	0.0024106148080623923	Whole_Blood
376	49371	124	0.00251159587612161	Whole_Blood
377	49351	100	0.0020263013920690564	Whole_Blood
378	49375	123	0.002491139240506329	Whole_Blood
379	49328	96	0.0019461563412260785	Whole_Blood
38	49329	129	0.0026150945691175574	Whole_Blood
380	49335	141	0.0028580115536637274	Whole_Blood
381	49343	126	0.0025535536955596538	Whole_Blood
382	49363	129	0.002613293357372931	Whole_Blood
383	49361	123	0.0024918457891857943	Whole_Blood
384	49370	112	0.0022685841604213083	Whole_Blood
385	49386	128	0.00259182764346171	Whole_Blood
386	49331	112	0.0022703776529971013	Whole_Blood
387	49335	135	0.002736394040741867	Whole_Blood
388	49353	129	0.0026138228679107654	Whole_Blood
389	49339	131	0.00265510042765358	Whole_Blood
39	49324	119	0.0024126186035195846	Whole_Blood
390	49338	136	0.0027564960071344603	Whole_Blood
391	49349	129	0.0026140347322134187	Whole_Blood
392	49312	121	0.0024537637897469175	Whole_Blood
393	49355	132	0.002674501063722014	Whole_Blood
394	49334	155	0.003141849434467102	Whole_Blood
395	49327	111	0.0022502888884383806	Whole_Blood
396	49348	136	0.0027559374240090783	Whole_Blood
397	49350	121	0.0024518743667679838	Whole_Blood
398	49348	113	0.0022898597714193078	Whole_Blood
399	49326	116	0.002351700928516401	Whole_Blood
4	49356	118	0.0023907934192398087	Whole_Blood
40	49375	134	0.0027139240506329114	Whole_Blood
400	49355	123	0.0024921487184682402	Whole_Blood
401	49356	138	0.0027960126428397763	Whole_Blood
402	49362	134	0.002714638790972813	Whole_Blood
403	49335	109	0.00220938481808047	Whole_Blood
404	49333	126	0.0025540713112926438	Whole_Blood
405	49353	128	0.0025935606751362633	Whole_Blood
406	49328	133	0.0026962374310736297	Whole_Blood
407	49294	119	0.0024140869071286567	Whole_Blood
408	49387	121	0.0024500374592504102	Whole_Blood
409	49326	113	0.002290881076916839	Whole_Blood
41	49329	115	0.002331285856190071	Whole_Blood
410	49295	123	0.0024951820671467694	Whole_Blood
411	49370	135	0.002734454121936399	Whole_Blood
412	49360	127	0.0025729335494327392	Whole_Blood
413	49351	133	0.002694980851451845	Whole_Blood
414	49345	143	0.0028979633194852568	Whole_Blood
415	49343	104	0.00210769511379527	Whole_Blood
416	49333	109	0.0022094743883404617	Whole_Blood
417	49312	123	0.002494321868916288	Whole_Blood
418	49342	135	0.002736005836812452	Whole_Blood
419	49311	129	0.0026160491573888178	Whole_Blood
42	49313	132	0.0026767789426723177	Whole_Blood
420	49348	127	0.002573559212126125	Whole_Blood
421	49364	112	0.0022688598979013048	Whole_Blood
422	49345	130	0.0026345121086229608	Whole_Blood
423	49336	130	0.00263499270309713	Whole_Blood
424	49348	144	0.0029180513901272596	Whole_Blood
425	49328	106	0.002148880960103795	Whole_Blood
426	49369	126	0.002552208876015313	Whole_Blood
427	49382	110	0.002227532299218339	Whole_Blood
428	49342	131	0.002654938997203194	Whole_Blood
429	49340	131	0.0026550466153222535	Whole_Blood
43	49331	103	0.0020879365915955485	Whole_Blood
430	49371	126	0.002552105487026797	Whole_Blood
431	49334	136	0.0027567195037904893	Whole_Blood
432	49367	133	0.0026941073996799483	Whole_Blood
433	49369	108	0.002187607608013126	Whole_Blood
434	49310	112	0.002271344554857027	Whole_Blood
435	49338	119	0.002411934006242653	Whole_Blood
436	49373	141	0.0028558118809875843	Whole_Blood
437	49373	117	0.0023697162416705486	Whole_Blood
438	49359	127	0.002572985676371077	Whole_Blood
439	49357	120	0.0024312660818121036	Whole_Blood
44	49377	107	0.0021670008303461127	Whole_Blood
440	49365	133	0.0026942165501873797	Whole_Blood
441	49334	128	0.002594559532979284	Whole_Blood
442	49336	121	0.0024525701313442517	Whole_Blood
443	49345	123	0.0024926537643124936	Whole_Blood
444	49354	135	0.0027353406005592253	Whole_Blood
445	49368	120	0.0024307243558580457	Whole_Blood
446	49389	130	0.002632165056996497	Whole_Blood
447	49350	116	0.0023505572441742655	Whole_Blood
448	49385	121	0.0024501366811784954	Whole_Blood
449	49344	125	0.002533236057068742	Whole_Blood
45	49349	133	0.0026950900727471683	Whole_Blood
450	49293	137	0.0027792992919887204	Whole_Blood
451	49358	140	0.002836419628023826	Whole_Blood
452	49331	136	0.0027568871500679086	Whole_Blood
453	49287	120	0.002434719094284497	Whole_Blood
454	49332	116	0.0023514149031054893	Whole_Blood
455	49330	128	0.002594769916886276	Whole_Blood
456	49352	109	0.0022086237639811963	Whole_Blood
457	49354	123	0.0024921992138428497	Whole_Blood
458	49332	127	0.0025743939025379063	Whole_Blood
459	49347	111	0.002249376861815308	Whole_Blood
46	49346	119	0.0024115429822072713	Whole_Blood
460	49378	123	0.0024909878893434323	Whole_Blood
461	49349	134	0.0027153539078806055	Whole_Blood
462	49318	124	0.002514294983575976	Whole_Blood
463	49356	149	0.0030188832158197583	Whole_Blood
464	49336	117	0.0023714934327874167	Whole_Blood
465	49345	145	0.002938494275002533	Whole_Blood
466	49380	117	0.0023693803159173755	Whole_Blood
467	49373	118	0.0023899702266420918	Whole_Blood
468	49345	122	0.0024723882865538556	Whole_Blood
469	49331	129	0.00261498854675559	Whole_Blood
47	49349	141	0.0028572007538146668	Whole_Blood
470	49352	135	0.002735451450802399	Whole_Blood
471	49338	109	0.0022092504763062955	Whole_Blood
472	49367	123	0.0024915429335385987	Whole_Blood
473	49358	117	0.0023704364034199117	Whole_Blood
474	49329	132	0.0026759107218877333	Whole_Blood
475	49359	127	0.002572985676371077	Whole_Blood
476	49361	122	0.0024715868803306252	Whole_Blood
477	49294	134	0.002718383576094454	Whole_Blood
478	49375	130	0.0026329113924050632	Whole_Blood
479	49391	133	0.002692798283088012	Whole_Blood
48	49332	125	0.002533852266277467	Whole_Blood
480	49314	129	0.0026158900109502373	Whole_Blood
481	49386	110	0.002227351881099907	Whole_Blood
482	49325	125	0.002534211860111505	Whole_Blood
483	49334	121	0.0024526695585194796	Whole_Blood
484	49334	131	0.002655369522033486	Whole_Blood
485	49342	101	0.0020469377001337604	Whole_Blood
486	49370	120	0.0024306258861656878	Whole_Blood
487	49374	128	0.0025924575687608863	Whole_Blood
488	49360	103	0.002086709886547812	Whole_Blood
489	49345	120	0.002431857331036579	Whole_Blood
49	49365	141	0.0028562746885445155	Whole_Blood
490	49285	129	0.0026174292381049	Whole_Blood
491	49348	121	0.002451973737537489	Whole_Blood
492	49391	113	0.002287866210443198	Whole_Blood
493	49343	118	0.002391423302190787	Whole_Blood
494	49349	124	0.002512715556546232	Whole_Blood
495	49346	107	0.0021683621772788067	Whole_Blood
496	49316	117	0.0023724551869575795	Whole_Blood
497	49346	125	0.0025331333846715033	Whole_Blood
498	49361	123	0.0024918457891857943	Whole_Blood
499	49342	125	0.002533338737789307	Whole_Blood
5	49317	132	0.002676561834661476	Whole_Blood
50	49307	104	0.0021092339830044416	Whole_Blood
500	49374	111	0.002248146797909831	Whole_Blood
501	49347	130	0.002634405333657568	Whole_Blood
502	49322	133	0.0026965654271927336	Whole_Blood
503	49338	123	0.0024930074182171955	Whole_Blood
504	49336	146	0.002959299497324469	Whole_Blood
505	49387	110	0.0022273067811367365	Whole_Blood
506	49354	150	0.0030392673339546946	Whole_Blood
507	49325	103	0.0020881905727318803	Whole_Blood
508	49359	142	0.0028768816223991574	Whole_Blood
509	49297	131	0.0026573625169888635	Whole_Blood
51	49356	116	0.002350271496879812	Whole_Blood
510	49359	146	0.0029579205413399787	Whole_Blood
511	49371	131	0.0026533795142897653	Whole_Blood
512	49350	123	0.002492401215805471	Whole_Blood
513	49331	133	0.0026960734629340576	Whole_Blood
514	49336	127	0.002574185179179504	Whole_Blood
515	49362	122	0.0024715368096916656	Whole_Blood
516	49343	115	0.002330624404677462	Whole_Blood
517	49318	123	0.002494018411127783	Whole_Blood
518	49374	108	0.002187386073641998	Whole_Blood
519	49349	140	0.0028369369186812296	Whole_Blood
52	49332	114	0.0023108732668450497	Whole_Blood
520	49360	134	0.002714748784440843	Whole_Blood
521	49373	121	0.0024507321815567212	Whole_Blood
522	49324	134	0.002716730192198524	Whole_Blood
523	49324	131	0.002655907874462736	Whole_Blood
524	49354	124	0.0025124609960692143	Whole_Blood
525	49401	127	0.0025707981619805267	Whole_Blood
526	49341	123	0.0024928558399708155	Whole_Blood
527	49353	101	0.002046481470224708	Whole_Blood
528	49337	138	0.0027970894055171576	Whole_Blood
529	49343	115	0.002330624404677462	Whole_Blood
53	49350	141	0.002857142857142857	Whole_Blood
530	49347	125	0.002533082051593815	Whole_Blood
531	49322	114	0.0023113417947366287	Whole_Blood
532	49345	117	0.0023710608977606648	Whole_Blood
533	49368	153	0.0030991735537190084	Whole_Blood
534	49319	108	0.0021898254222510595	Whole_Blood
535	49414	134	0.0027117820860484885	Whole_Blood
536	49304	123	0.002494726594191141	Whole_Blood
537	49366	114	0.002309281691852692	Whole_Blood
538	49382	128	0.002592037584544976	Whole_Blood
539	49357	125	0.0025325688352209413	Whole_Blood
54	49337	120	0.0024322516569714415	Whole_Blood
540	49362	142	0.002876706778493578	Whole_Blood
541	49340	116	0.0023510336441021486	Whole_Blood
542	49336	114	0.002310685908869791	Whole_Blood
543	49337	144	0.0029187019883657296	Whole_Blood
544	49294	140	0.0028401022436807723	Whole_Blood
545	49344	127	0.0025737678339818417	Whole_Blood
546	49344	118	0.0023913748378728925	Whole_Blood
547	49329	129	0.0026150945691175574	Whole_Blood
548	49298	139	0.002819587001501075	Whole_Blood
549	49348	133	0.0026951446867147606	Whole_Blood
55	49353	137	0.0027759204101067817	Whole_Blood
550	49301	123	0.0024948784000324536	Whole_Blood
551	49335	133	0.002695854869767913	Whole_Blood
552	49378	121	0.002450484021224027	Whole_Blood
553	49349	100	0.0020263835133437352	Whole_Blood
554	49353	119	0.002411200940165745	Whole_Blood
555	49323	113	0.0022910204164385784	Whole_Blood
556	49369	118	0.002390163868014341	Whole_Blood
557	49311	123	0.0024943724523939894	Whole_Blood
558	49281	121	0.002455307319250827	Whole_Blood
559	49339	122	0.0024726889478911204	Whole_Blood
56	49337	132	0.0026754768226685856	Whole_Blood
560	49360	117	0.0023703403565640195	Whole_Blood
561	49339	108	0.0021889377571495164	Whole_Blood
562	49344	133	0.0026953631647211413	Whole_Blood
563	49335	129	0.002614776527820006	Whole_Blood
564	49371	105	0.002126754572522331	Whole_Blood
565	49376	119	0.0024100777705767986	Whole_Blood
566	49362	144	0.002917223775373769	Whole_Blood
567	49339	122	0.0024726889478911204	Whole_Blood
568	49341	116	0.0023509859954196307	Whole_Blood
569	49347	130	0.002634405333657568	Whole_Blood
57	49357	124	0.002512308284539174	Whole_Blood
570	49364	123	0.0024916943521594683	Whole_Blood
571	49324	105	0.0021287811207525748	Whole_Blood
572	49356	123	0.0024920982251398008	Whole_Blood
573	49324	116	0.002351796285783797	Whole_Blood
574	49352	132	0.002674663640784568	Whole_Blood
575	49317	120	0.0024332380315104326	Whole_Blood
576	49350	112	0.0022695035460992908	Whole_Blood
577	49333	118	0.0023919080534327937	Whole_Blood
578	49328	122	0.0024732403503081412	Whole_Blood
579	49363	133	0.0026943257095395335	Whole_Blood
58	49334	117	0.002371589573113877	Whole_Blood
580	49351	131	0.002654454823610464	Whole_Blood
581	49361	126	0.0025526225157513015	Whole_Blood
582	49349	149	0.0030193114348821657	Whole_Blood
583	49381	141	0.002855349223385513	Whole_Blood
584	49378	144	0.002916278504597189	Whole_Blood
585	49285	117	0.0023739474485137465	Whole_Blood
586	49377	125	0.002531543026105272	Whole_Blood
587	49361	140	0.0028362472397236685	Whole_Blood
588	49311	109	0.002210460140739389	Whole_Blood
589	49332	125	0.002533852266277467	Whole_Blood
59	49351	106	0.0021478794755932	Whole_Blood
590	49365	124	0.002511901144535602	Whole_Blood
591	49371	100	0.002025480545259363	Whole_Blood
592	49334	131	0.002655369522033486	Whole_Blood
593	49309	120	0.0024336328053702165	Whole_Blood
594	49326	125	0.0025341604833150873	Whole_Blood
595	49348	123	0.002492502229067034	Whole_Blood
596	49378	120	0.002430232087164324	Whole_Blood
597	49335	100	0.002026958548697679	Whole_Blood
598	49334	128	0.002594559532979284	Whole_Blood
599	49325	139	0.0028180435884439937	Whole_Blood
6	49384	117	0.002369188401101571	Whole_Blood
60	49325	115	0.002331474911302585	Whole_Blood
600	49368	128	0.002592772646248582	Whole_Blood
601	49324	101	0.0020476846971048575	Whole_Blood
602	49363	125	0.0025322610052063285	Whole_Blood
603	49337	113	0.0022903703103147738	Whole_Blood
604	49339	115	0.0023308133525203186	Whole_Blood
605	49367	125	0.0025320558267668686	Whole_Blood
606	49331	121	0.002452818714398654	Whole_Blood
607	49318	146	0.0029603795774362303	Whole_Blood
608	49354	132	0.0026745552538801312	Whole_Blood
609	49342	118	0.002391471768473106	Whole_Blood
61	49362	121	0.00245127831125157	Whole_Blood
610	49364	110	0.0022283445425816386	Whole_Blood
611	49338	115	0.0023308605942681097	Whole_Blood
612	49368	127	0.002572516609949765	Whole_Blood
613	49369	120	0.002430675120014584	Whole_Blood
614	49332	129	0.002614935538798346	Whole_Blood
615	49352	138	0.0027962392608202303	Whole_Blood
616	49400	105	0.002125506072874494	Whole_Blood
617	49365	135	0.0027347310847766638	Whole_Blood
618	49376	115	0.0023290667530784185	Whole_Blood
619	49337	116	0.00235117660173906	Whole_Blood
62	49355	142	0.0028771147806706514	Whole_Blood
620	49352	111	0.0022491489706597504	Whole_Blood
621	49349	145	0.0029382560943484164	Whole_Blood
622	49386	124	0.0025108330296035315	Whole_Blood
623	49329	122	0.0024731902126538144	Whole_Blood
624	49330	119	0.00241232515710521	Whole_Blood
625	49354	125	0.002532722778295579	Whole_Blood
626	49375	133	0.002693670886075949	Whole_Blood
627	49306	116	0.0023526548493084005	Whole_Blood
628	49331	127	0.0025744460886663557	Whole_Blood
629	49355	134	0.0027150238071117416	Whole_Blood
63	49353	102	0.0020667436629992096	Whole_Blood
630	49412	126	0.00254998785720068	Whole_Blood
631	49308	130	0.0026364890078689057	Whole_Blood
632	49323	112	0.002270745899478945	Whole_Blood
633	49365	118	0.0023903575407677505	Whole_Blood
634	49345	129	0.0026142466308643228	Whole_Blood
635	49343	143	0.002898080781468496	Whole_Blood
636	49295	118	0.0023937519018156	Whole_Blood
637	49307	138	0.0027987912466789703	Whole_Blood
638	49367	131	0.0026535945064516783	Whole_Blood
639	49325	120	0.002432843385707045	Whole_Blood
64	49362	122	0.0024715368096916656	Whole_Blood
640	49321	122	0.002473591370815677	Whole_Blood
641	49394	130	0.002631898611167348	Whole_Blood
642	49335	128	0.002594506942333029	Whole_Blood
643	49319	131	0.0026561771325452664	Whole_Blood
644	49359	138	0.002795842703458336	Whole_Blood
645	49342	134	0.0027157391269101373	Whole_Blood
646	49353	115	0.0023301521690677366	Whole_Blood
647	49322	116	0.0023518916507846398	Whole_Blood
648	49347	121	0.002452023425942813	Whole_Blood
649	49377	135	0.0027340664681936933	Whole_Blood
65	49353	121	0.0024517253257147487	Whole_Blood
650	49290	127	0.002576587543112193	Whole_Blood
651	49302	117	0.0023731288791529756	Whole_Blood
652	49372	122	0.002471036214858624	Whole_Blood
653	49366	128	0.0025928776890977597	Whole_Blood
654	49332	120	0.0024324981756263684	Whole_Blood
655	49339	142	0.002878047791807698	Whole_Blood
656	49322	117	0.0023721665788086453	Whole_Blood
657	49364	134	0.0027145288064176322	Whole_Blood
658	49359	139	0.0028161024331935414	Whole_Blood
659	49377	127	0.002572047714522956	Whole_Blood
66	49328	131	0.002655692507298086	Whole_Blood
660	49307	123	0.002494574806822561	Whole_Blood
661	49342	131	0.002654938997203194	Whole_Blood
662	49351	137	0.0027760329071346073	Whole_Blood
663	49342	113	0.002290138218961534	Whole_Blood
664	49384	130	0.0026324315567795237	Whole_Blood
665	49329	124	0.002513734314500598	Whole_Blood
666	49384	112	0.002267941033533128	Whole_Blood
667	49383	114	0.0023084867262013246	Whole_Blood
668	49364	129	0.002613240418118467	Whole_Blood
669	49332	118	0.002391956539365929	Whole_Blood
67	49374	112	0.0022684003726657757	Whole_Blood
670	49347	114	0.0023101708310535596	Whole_Blood
671	49368	118	0.0023902122832604117	Whole_Blood
672	49329	123	0.002493462263577206	Whole_Blood
673	49318	123	0.002494018411127783	Whole_Blood
674	49331	129	0.00261498854675559	Whole_Blood
675	49376	113	0.002288561244329229	Whole_Blood
676	49347	106	0.0021480535797515554	Whole_Blood
677	49329	121	0.002452918161730422	Whole_Blood
678	49315	127	0.002575281354557437	Whole_Blood
679	49337	151	0.003060583335022397	Whole_Blood
68	49323	119	0.002412667518196379	Whole_Blood
680	49367	124	0.0025117993801527334	Whole_Blood
681	49324	138	0.002797826615846241	Whole_Blood
682	49331	123	0.002493361172487888	Whole_Blood
683	49361	124	0.0025121046980409634	Whole_Blood
684	49326	129	0.00261525361878117	Whole_Blood
685	49334	134	0.0027161795110876882	Whole_Blood
686	49293	144	0.002921307285010042	Whole_Blood
687	49360	120	0.0024311183144246355	Whole_Blood
688	49334	159	0.0032229294198727046	Whole_Blood
689	49360	117	0.0023703403565640195	Whole_Blood
69	49335	118	0.0023918110874632612	Whole_Blood
690	49338	130	0.0026348858891726457	Whole_Blood
691	49333	110	0.002229744795572943	Whole_Blood
692	49350	138	0.0027963525835866263	Whole_Blood
693	49360	136	0.0027552674230145865	Whole_Blood
694	49381	131	0.0026528421862659726	Whole_Blood
695	49339	125	0.002533492774478607	Whole_Blood
696	49333	111	0.0022500152028054245	Whole_Blood
697	49331	130	0.0026352597758002067	Whole_Blood
698	49374	121	0.0024506825454692753	Whole_Blood
699	49363	123	0.0024917448291230273	Whole_Blood
7	49357	117	0.002370484429766801	Whole_Blood
70	49354	131	0.0026542934716537667	Whole_Blood
700	49346	113	0.0022899525797430388	Whole_Blood
701	49349	131	0.0026545624024802935	Whole_Blood
702	49336	126	0.002553916004540295	Whole_Blood
703	49350	123	0.002492401215805471	Whole_Blood
704	49333	133	0.002695964161920013	Whole_Blood
705	49369	133	0.002693998258016164	Whole_Blood
706	49342	114	0.002310404928863848	Whole_Blood
707	49378	125	0.0025314917574628375	Whole_Blood
708	49333	107	0.0021689335738754993	Whole_Blood
709	49348	127	0.002573559212126125	Whole_Blood
71	49331	106	0.0021487502787293994	Whole_Blood
710	49370	127	0.0025724123961920193	Whole_Blood
711	49378	113	0.002288468548746405	Whole_Blood
712	49407	132	0.00267168619831198	Whole_Blood
713	49328	133	0.0026962374310736297	Whole_Blood
714	49343	123	0.002492754798046329	Whole_Blood
715	49304	117	0.002373032613986695	Whole_Blood
716	49341	121	0.002452321598670477	Whole_Blood
717	49343	131	0.002654885191415196	Whole_Blood
718	49320	156	0.0031630170316301704	Whole_Blood
719	49345	107	0.002168406120174283	Whole_Blood
72	49371	124	0.00251159587612161	Whole_Blood
720	49341	123	0.0024928558399708155	Whole_Blood
721	49360	119	0.0024108589951377635	Whole_Blood
722	49346	127	0.0025736635188262475	Whole_Blood
723	49343	100	0.0020266299171108363	Whole_Blood
724	49400	118	0.002388663967611336	Whole_Blood
725	49360	114	0.0023095623987034034	Whole_Blood
726	49293	128	0.0025967175866755928	Whole_Blood
727	49371	114	0.0023090478215956737	Whole_Blood
728	49353	156	0.003160902072822321	Whole_Blood
729	49316	122	0.0024738421607591854	Whole_Blood
73	49349	131	0.0026545624024802935	Whole_Blood
730	49349	103	0.0020871750187440477	Whole_Blood
731	49323	133	0.0026965107556312473	Whole_Blood
732	49342	134	0.0027157391269101373	Whole_Blood
733	49372	103	0.0020862027059871994	Whole_Blood
734	49338	126	0.002553812477198103	Whole_Blood
735	49349	127	0.002573507061946544	Whole_Blood
736	49354	116	0.0023503667382582974	Whole_Blood
737	49361	142	0.0028767650574340066	Whole_Blood
738	49300	132	0.0026774847870182556	Whole_Blood
739	49344	116	0.0023508430609597924	Whole_Blood
74	49353	119	0.002411200940165745	Whole_Blood
740	49358	95	0.0019247133190161676	Whole_Blood
741	49386	120	0.0024298384157453528	Whole_Blood
742	49389	128	0.0025916702099657817	Whole_Blood
743	49306	129	0.0026163144444895144	Whole_Blood
744	49382	114	0.0023085334737353693	Whole_Blood
745	49340	133	0.002695581678151601	Whole_Blood
746	49362	122	0.0024715368096916656	Whole_Blood
747	49315	114	0.0023116698773192742	Whole_Blood
748	49366	121	0.0024510796904752257	Whole_Blood
749	49370	133	0.002693943690500304	Whole_Blood
75	49356	124	0.002512359186319799	Whole_Blood
750	49341	110	0.0022293832715186155	Whole_Blood
751	49355	127	0.002573194205247695	Whole_Blood
752	49356	126	0.002552881108679796	Whole_Blood
753	49353	125	0.0025327740968127573	Whole_Blood
754	49321	128	0.002595243405445956	Whole_Blood
755	49324	104	0.0021085070148406456	Whole_Blood
756	49347	137	0.0027762579285468213	Whole_Blood
757	49375	147	0.002977215189873418	Whole_Blood
758	49347	132	0.002674934646483069	Whole_Blood
759	49379	102	0.002065655440571903	Whole_Blood
76	49324	112	0.0022706998621360797	Whole_Blood
760	49341	133	0.0026955270464725078	Whole_Blood
761	49346	110	0.002229157378510923	Whole_Blood
762	49361	121	0.002451327971475456	Whole_Blood
763	49337	124	0.0025133267122038226	Whole_Blood
764	49342	130	0.0026346722873008795	Whole_Blood
765	49320	126	0.0025547445255474453	Whole_Blood
766	49329	114	0.0023110138052666786	Whole_Blood
767	49317	113	0.0022912991463389905	Whole_Blood
768	49369	139	0.002815532014016893	Whole_Blood
769	49367	133	0.0026941073996799483	Whole_Blood
77	49345	119	0.002411591853277941	Whole_Blood
770	49321	108	0.0021897366233450256	Whole_Blood
771	49321	125	0.0025344173881308163	Whole_Blood
772	49358	118	0.002390696543620082	Whole_Blood
773	49316	109	0.00221023602887501	Whole_Blood
774	49349	115	0.0023303410403452958	Whole_Blood
775	49349	117	0.0023708687106121706	Whole_Blood
776	49350	129	0.0026139817629179333	Whole_Blood
777	49373	120	0.002430478196585178	Whole_Blood
778	49349	125	0.0025329793916796695	Whole_Blood
779	49334	140	0.002837799489196092	Whole_Blood
78	49354	121	0.00245167564939012	Whole_Blood
780	49337	112	0.0022701015465066785	Whole_Blood
781	49373	127	0.00257225609138598	Whole_Blood
782	49332	124	0.002513581448147247	Whole_Blood
783	49355	120	0.002431364603383649	Whole_Blood
784	49322	148	0.0030006893475528163	Whole_Blood
785	49351	118	0.0023910356426414866	Whole_Blood
786	49332	133	0.002696018811319225	Whole_Blood
787	49337	115	0.0023309078379309647	Whole_Blood
788	49362	109	0.0022081763299704226	Whole_Blood
789	49339	134	0.002715904254241067	Whole_Blood
79	49347	117	0.0023709648002918113	Whole_Blood
790	49311	107	0.0021699012390744457	Whole_Blood
791	49386	123	0.002490584376138987	Whole_Blood
792	49377	107	0.0021670008303461127	Whole_Blood
793	49343	132	0.002675151490586304	Whole_Blood
794	49320	156	0.0031630170316301704	Whole_Blood
795	49336	141	0.0028579536241284255	Whole_Blood
796	49369	122	0.002471186372014827	Whole_Blood
797	49408	112	0.0022668393782383418	Whole_Blood
798	49348	118	0.002391181000243171	Whole_Blood
799	49291	145	0.0029417134973930333	Whole_Blood
8	49360	137	0.0027755267423014585	Whole_Blood
80	49317	110	0.00223046819555123	Whole_Blood
800	49328	140	0.002838144664288031	Whole_Blood
801	49358	124	0.002512257384821103	Whole_Blood
802	49359	109	0.0022083105411373812	Whole_Blood
803	49290	145	0.0029417731791438425	Whole_Blood
804	49341	127	0.002573924322571492	Whole_Blood
805	49330	118	0.0023920535171295357	Whole_Blood
806	49357	121	0.0024515266324938714	Whole_Blood
807	49326	128	0.0025949803349146496	Whole_Blood
808	49347	123	0.002492552738768314	Whole_Blood
809	49322	132	0.002676290499168728	Whole_Blood
81	49334	130	0.0026350995256820852	Whole_Blood
810	49382	121	0.0024502855291401726	Whole_Blood
811	49369	120	0.002430675120014584	Whole_Blood
812	49339	118	0.0023916171791078054	Whole_Blood
813	49375	133	0.002693670886075949	Whole_Blood
814	49305	113	0.002291856809654193	Whole_Blood
815	49323	125	0.0025343146199541798	Whole_Blood
816	49335	125	0.002533698185872099	Whole_Blood
817	49349	133	0.0026950900727471683	Whole_Blood
818	49341	141	0.0028576640116738613	Whole_Blood
819	49324	108	0.002189603438488363	Whole_Blood
82	49311	109	0.002210460140739389	Whole_Blood
820	49360	121	0.002451377633711507	Whole_Blood
821	49368	112	0.0022686760654675093	Whole_Blood
822	49335	121	0.002452619843924192	Whole_Blood
823	49325	110	0.002230106436898125	Whole_Blood
824	49353	105	0.002127530241322716	Whole_Blood
825	49352	120	0.0024315124007132437	Whole_Blood
826	49345	137	0.002776370452933428	Whole_Blood
827	49359	121	0.002451427297959845	Whole_Blood
828	49360	127	0.0025729335494327392	Whole_Blood
829	49388	111	0.0022475095164817363	Whole_Blood
83	49344	114	0.0023103112840466926	Whole_Blood
830	49335	113	0.0022904631600283772	Whole_Blood
831	49327	125	0.00253410910860178	Whole_Blood
832	49358	121	0.0024514769642205924	Whole_Blood
833	49318	132	0.0026765075631615233	Whole_Blood
834	49373	126	0.002552002106414437	Whole_Blood
835	49387	115	0.0023285479984611335	Whole_Blood
836	49343	122	0.0024724884988752203	Whole_Blood
837	49326	124	0.002513887199448567	Whole_Blood
838	49379	123	0.002490937443042589	Whole_Blood
839	49308	120	0.002433682161109759	Whole_Blood
84	49347	112	0.0022696415182280583	Whole_Blood
840	49353	103	0.0020870058557737117	Whole_Blood
841	49376	126	0.002551847051198963	Whole_Blood
842	49360	117	0.0023703403565640195	Whole_Blood
843	49382	121	0.0024502855291401726	Whole_Blood
844	49343	119	0.0024116896013618955	Whole_Blood
845	49338	130	0.0026348858891726457	Whole_Blood
846	49351	136	0.002755769893213917	Whole_Blood
847	49311	112	0.002271298493236803	Whole_Blood
848	49364	123	0.0024916943521594683	Whole_Blood
849	49324	106	0.002149055226664504	Whole_Blood
85	49371	123	0.0024913410706690164	Whole_Blood
850	49352	115	0.0023301993840168585	Whole_Blood
851	49323	127	0.0025748636538734464	Whole_Blood
852	49345	128	0.0025939811531056844	Whole_Blood
853	49359	110	0.0022285702708725865	Whole_Blood
854	49336	110	0.002229609210312956	Whole_Blood
855	49377	139	0.002815075845029062	Whole_Blood
856	49336	117	0.0023714934327874167	Whole_Blood
857	49365	133	0.0026942165501873797	Whole_Blood
858	49346	117	0.002371012848052527	Whole_Blood
859	49364	126	0.0025524673851389677	Whole_Blood
86	49346	120	0.002431808049284643	Whole_Blood
860	49333	106	0.002148663166643018	Whole_Blood
861	49389	117	0.0023689485512968476	Whole_Blood
862	49324	118	0.0023923444976076554	Whole_Blood
863	49341	128	0.0025941914432216617	Whole_Blood
864	49345	129	0.0026142466308643228	Whole_Blood
865	49378	129	0.0026124994937016485	Whole_Blood
866	49350	110	0.0022289766970618034	Whole_Blood
867	49311	121	0.002453813550729046	Whole_Blood
868	49339	114	0.00231054541032449	Whole_Blood
869	49372	128	0.0025925625860811798	Whole_Blood
87	49331	114	0.002310920111086335	Whole_Blood
870	49369	116	0.002349652616014098	Whole_Blood
871	49340	141	0.0028577219294689906	Whole_Blood
872	49353	112	0.00226936559074423	Whole_Blood
873	49327	117	0.002371926125651266	Whole_Blood
874	49303	122	0.0024744944526702227	Whole_Blood
875	49354	116	0.0023503667382582974	Whole_Blood
876	49359	104	0.0021070118924613546	Whole_Blood
877	49356	148	0.00299862225463976	Whole_Blood
878	49342	119	0.0024117384783754205	Whole_Blood
879	49340	132	0.0026753141467369275	Whole_Blood
88	49340	130	0.00263477908390758	Whole_Blood
880	49327	131	0.0026557463458146656	Whole_Blood
881	49369	130	0.0026332313800157994	Whole_Blood
882	49345	135	0.0027358394974161516	Whole_Blood
883	49370	106	0.002147052866113024	Whole_Blood
884	49327	132	0.0026760192186834797	Whole_Blood
885	49359	121	0.002451427297959845	Whole_Blood
886	49328	125	0.0025340577359714562	Whole_Blood
887	49358	122	0.0024717371044207627	Whole_Blood
888	49335	131	0.00265531569879396	Whole_Blood
889	49335	137	0.0027769332117158203	Whole_Blood
89	49302	119	0.002413695184779522	Whole_Blood
890	49328	131	0.002655692507298086	Whole_Blood
891	49342	129	0.002614405577398565	Whole_Blood
892	49335	127	0.0025742373568460523	Whole_Blood
893	49327	118	0.0023921989985200803	Whole_Blood
894	49361	123	0.0024918457891857943	Whole_Blood
895	49376	111	0.002248055735580039	Whole_Blood
896	49313	114	0.0023117636323079106	Whole_Blood
897	49324	138	0.002797826615846241	Whole_Blood
898	49378	136	0.0027542630321195673	Whole_Blood
899	49380	116	0.002349129202106116	Whole_Blood
9	49315	121	0.002453614518909054	Whole_Blood
90	49330	111	0.0022501520372998174	Whole_Blood
900	49327	135	0.0027368378372899225	Whole_Blood
901	49394	124	0.002510426367575009	Whole_Blood
902	49382	131	0.002652788465432749	Whole_Blood
903	49356	134	0.002714968798119783	Whole_Blood
904	49337	130	0.0026349392950523946	Whole_Blood
905	49322	114	0.0023113417947366287	Whole_Blood
906	49371	120	0.0024305766543112352	Whole_Blood
907	49329	133	0.0026961827728111255	Whole_Blood
908	49360	121	0.002451377633711507	Whole_Blood
909	49329	151	0.0030610796894321797	Whole_Blood
91	49394	121	0.0024496902457788396	Whole_Blood
910	49295	127	0.002576326199411705	Whole_Blood
911	49287	119	0.002414429768498793	Whole_Blood
912	49344	114	0.0023103112840466926	Whole_Blood
913	49396	153	0.0030974167948821765	Whole_Blood
914	49408	135	0.0027323510362694302	Whole_Blood
915	49328	101	0.0020475186506649368	Whole_Blood
916	49292	116	0.0023533230544510266	Whole_Blood
917	49329	128	0.0025948225181941656	Whole_Blood
918	49353	115	0.0023301521690677366	Whole_Blood
919	49362	105	0.00212714233621004	Whole_Blood
92	49364	117	0.00237014828620047	Whole_Blood
920	49376	117	0.0023695722618276086	Whole_Blood
921	49393	112	0.0022675277873382867	Whole_Blood
922	49380	112	0.002268124746861077	Whole_Blood
923	49317	131	0.0026562848510655553	Whole_Blood
924	49328	118	0.0023921505027570547	Whole_Blood
925	49328	124	0.0025137852740836847	Whole_Blood
926	49357	106	0.0021476183722673584	Whole_Blood
927	49340	116	0.0023510336441021486	Whole_Blood
928	49338	143	0.0028983744780899105	Whole_Blood
929	49326	118	0.0023922474962494423	Whole_Blood
93	49309	123	0.0024944736255044717	Whole_Blood
930	49351	123	0.002492350712244939	Whole_Blood
931	49363	125	0.0025322610052063285	Whole_Blood
932	49323	113	0.0022910204164385784	Whole_Blood
933	49349	124	0.002512715556546232	Whole_Blood
934	49353	124	0.002512511904038255	Whole_Blood
935	49350	121	0.0024518743667679838	Whole_Blood
936	49369	157	0.0031801332820190807	Whole_Blood
937	49378	137	0.0027745149661792703	Whole_Blood
938	49354	130	0.002634031689427402	Whole_Blood
939	49374	119	0.0024101753959573863	Whole_Blood
94	49278	134	0.0027192662039855512	Whole_Blood
940	49312	130	0.002636275146009085	Whole_Blood
941	49313	119	0.0024131567740758014	Whole_Blood
942	49350	119	0.0024113475177304964	Whole_Blood
943	49371	140	0.002835672763363108	Whole_Blood
944	49324	118	0.0023923444976076554	Whole_Blood
945	49326	104	0.0021084215221181526	Whole_Blood
946	49354	115	0.0023301049560319324	Whole_Blood
947	49309	122	0.0024741933521263866	Whole_Blood
948	49335	118	0.0023918110874632612	Whole_Blood
949	49358	116	0.0023501762632197414	Whole_Blood
95	49380	122	0.0024706358849736734	Whole_Blood
950	49385	118	0.0023893894907360534	Whole_Blood
951	49327	112	0.0022705617613071947	Whole_Blood
952	49305	118	0.002393266403001724	Whole_Blood
953	49329	119	0.0024123740598836385	Whole_Blood
954	49375	119	0.002410126582278481	Whole_Blood
955	49377	133	0.002693561779776009	Whole_Blood
956	49376	120	0.002430330524951393	Whole_Blood
957	49341	100	0.0020267120650169232	Whole_Blood
958	49366	110	0.002228254264068387	Whole_Blood
959	49357	141	0.002856737646129222	Whole_Blood
96	49334	129	0.0026148295293306847	Whole_Blood
960	49366	134	0.002714418830774217	Whole_Blood
961	49381	138	0.0027945971122496508	Whole_Blood
962	49344	118	0.0023913748378728925	Whole_Blood
963	49423	127	0.0025696538049086457	Whole_Blood
964	49373	116	0.0023494622566990054	Whole_Blood
965	49344	148	0.0029993514915693906	Whole_Blood
966	49338	112	0.0022700555352872026	Whole_Blood
967	49339	124	0.0025132248322827784	Whole_Blood
968	49348	112	0.002269595525654535	Whole_Blood
969	49356	123	0.0024920982251398008	Whole_Blood
97	49334	116	0.002351319576762476	Whole_Blood
970	49383	142	0.0028754834659700705	Whole_Blood
971	49385	126	0.0025513819985825657	Whole_Blood
972	49345	129	0.0026142466308643228	Whole_Blood
973	49325	147	0.00298023314749113	Whole_Blood
974	49330	107	0.0021690654773971214	Whole_Blood
975	49349	122	0.002472187886279357	Whole_Blood
976	49358	112	0.0022691357024190607	Whole_Blood
977	49326	128	0.0025949803349146496	Whole_Blood
978	49351	133	0.002694980851451845	Whole_Blood
979	49358	126	0.0025527776652214435	Whole_Blood
98	49387	126	0.002551278676574807	Whole_Blood
980	49381	122	0.0024705858528583867	Whole_Blood
981	49368	128	0.002592772646248582	Whole_Blood
982	49345	122	0.0024723882865538556	Whole_Blood
983	49343	122	0.0024724884988752203	Whole_Blood
984	49348	128	0.0025938234578908974	Whole_Blood
985	49323	133	0.0026965107556312473	Whole_Blood
986	49346	109	0.002208892311433551	Whole_Blood
987	49366	120	0.00243082283352915	Whole_Blood
988	49311	104	0.0021090628865770315	Whole_Blood
989	49374	126	0.0025519504192489974	Whole_Blood
99	49397	114	0.002307832459461101	Whole_Blood
990	49370	118	0.002390115454729593	Whole_Blood
991	49308	136	0.0027581731159243934	Whole_Blood
992	49359	114	0.002309609189813408	Whole_Blood
993	49367	137	0.002775133186136488	Whole_Blood
994	49327	125	0.00253410910860178	Whole_Blood
995	49324	114	0.0023112480739599386	Whole_Blood
996	49360	114	0.0023095623987034034	Whole_Blood
997	49336	128	0.0025944543538187126	Whole_Blood
998	49346	144	0.0029181696591415716	Whole_Blood
999	49375	126	0.002551898734177215	Whole_Blood
